code,description,brand,organic,case,case_price,vat,price_per,rrp_each
1001,Arborio Rice - white - Italy,Infinity Foods,organic,6x500g,15.55,0%,5.18/kg,3.46
1002,Black Rice - Italy,Infinity Foods,organic,6x500g,15.70,0%,5.23/kg,3.49
1003,Amaranth Seed,Infinity Foods,organic,6x500g,12.30,0%,4.10/kg,2.73
1005,Brown Rice Short Grain - Italy,Infinity Foods,organic,6x500g,9.40,0%,3.13/kg,2.09
1010,Brown Rice Short Grain - Italy,Infinity Foods,organic,6x1kg,17.35,0%,2.89/kg,3.86
1012,Brown Basmati Rice,Infinity Foods,organic,6x500g,10.30,0%,3.43/kg,2.29
1013,Brown Basmati Rice,Infinity Foods,organic,6x1kg,19.20,0%,3.20/kg,4.28
1015,Brown Rice Short Grain - Italy,Infinity Foods,organic,6x2kg,33.95,0%,2.83/kg,7.56
1020,Brown Rice Long Grain - Italy,Infinity Foods,organic,6x500g,9.55,0%,3.18/kg,2.12
1025,Brown Rice Long Grain - Italy,Infinity Foods,organic,6x1kg,17.70,0%,2.95/kg,3.93
1030,Brown Rice Long Grain - Italy,Infinity Foods,organic,6x2kg,34.55,0%,2.88/kg,7.68
1035,Buckwheat Groats - certified gluten-free,Infinity Foods,organic,6x500g,9.40,0%,3.13/kg,2.09
1045,Bulghur,Infinity Foods,organic,6x500g,9.90,0%,3.30/kg,2.2
1050,Camargue Red Rice - France,Infinity Foods,organic,6x500g,13.50,0%,4.50/kg,3
1051,Fregola - giant couscous - white,Infinity Foods,organic,6x400g,10.20,0%,4.25/kg,2.28
1057,White Couscous - Italy,Infinity Foods,organic,6x450g,9.00,0%,3.33/kg,2
1060,Wholemeal Couscous - Italy,Infinity Foods,organic,6x450g,8.10,0%,3.00/kg,1.8
1073,Kasha - Roasted Buckwheat - certified gluten-free,Infinity Foods,organic,6x500g,11.20,0%,3.73/kg,2.49
1075,Millet,Infinity Foods,organic,6x500g,9.05,0%,3.02/kg,2.01
1090,Oat Groats,Infinity Foods,organic,6x500g,5.95,0%,1.98/kg,1.32
1092,Orzo - rice shape from durum wheat - white,Infinity Foods,organic,6x450g,10.35,0%,3.83/kg,2.3
1105,Popping Corn,Infinity Foods,organic,6x500g,8.80,0%,2.93/kg,1.96
1112,Pearl Barley,Infinity Foods,organic,6x500g,7.00,0%,2.33/kg,1.56
1115,Pot Barley,Infinity Foods,organic,6x500g,6.80,0%,2.27/kg,1.51
1125,British White Quinoa Grain - gluten-free,Infinity Foods,organic,6x450g,17.70,0%,6.56/kg,3.93
1127,Quinoa Grain,Infinity Foods,organic,6x450g,13.70,0%,5.07/kg,3.04
1128,Quinoa Grain,Infinity Foods,organic,6x1kg,26.80,0%,4.47/kg,5.96
1130,Rye Grain,Infinity Foods,organic,6x500g,6.15,0%,2.05/kg,1.37
1136,Sushi Rice - white - Italy,Infinity Foods,organic,6x500g,11.05,0%,3.68/kg,2.46
1138,Spelt Grain,Infinity Foods,organic,6x500g,8.45,0%,2.82/kg,1.88
1150,Wheat Grain,Infinity Foods,organic,6x500g,7.80,0%,2.60/kg,1.73
1155,Red Quinoa Grain,Infinity Foods,organic,6x450g,14.90,0%,5.52/kg,3.31
1157,Black Quinoa Grain,Infinity Foods,organic,6x450g,16.00,0%,5.93/kg,3.56
1159,Tricolour Quinoa Grain,Infinity Foods,organic,6x450g,14.90,0%,5.52/kg,3.31
1160,Tricolour Quinoa Grain,Infinity Foods,organic,6x1kg,29.40,0%,4.90/kg,6.54
1165,White Basmati Rice - Indian,Infinity Foods,organic,6x500g,12.60,0%,4.20/kg,2.8
1167,White Basmati Rice - Indian,Infinity Foods,organic,6x1kg,22.20,0%,3.70/kg,4.93
1180,Wild Rice,Infinity Foods,organic,6x250g,32.70,0%,21.80/kg,7.3
1185,Wild Rice Mix,Infinity Foods,organic,6x500g,17.75,0%,5.92/kg,3.94
1190,Brown Jasmine Rice,Infinity Foods,organic,6x500g,10.50,0%,3.50/kg,2.34
1195,White Jasmine Rice,Infinity Foods,organic,6x500g,10.50,0%,3.50/kg,2.34
2005,Barley Flakes,Infinity Foods,organic,6x500g,7.10,0%,2.37/kg,1.58
2010,Buckwheat Flakes - gluten-free,Infinity Foods,organic,6x500g,14.55,0%,4.85/kg,3.23
2013,Millet Flakes - gluten-free,Infinity Foods,organic,6x500g,13.05,0%,4.35/kg,2.9
2015,Jumbo Oatflakes,Infinity Foods,organic,6x500g,6.25,0%,2.08/kg,1.39
2020,Jumbo Oatflakes,Infinity Foods,organic,6x1kg,11.95,0%,1.99/kg,2.66
2030,Rolled Oatflakes,Infinity Foods,organic,6x500g,6.25,0%,2.08/kg,1.39
2035,Rolled Oatflakes,Infinity Foods,organic,6x1kg,11.95,0%,1.99/kg,2.66
2037,Spelt Flakes,Infinity Foods,organic,6x500g,9.80,0%,3.27/kg,2.18
2040,Quinoa Flakes - gluten-free,Infinity Foods,organic,6x500g,22.65,0%,7.55/kg,5.05
2043,Brown Rice Flakes - gluten-free,Infinity Foods,organic,6x500g,13.80,0%,4.60/kg,3.07
2045,Rye Flakes,Infinity Foods,organic,6x500g,7.35,0%,2.45/kg,1.63
2055,Wheat Flakes,Infinity Foods,organic,6x500g,7.10,0%,2.37/kg,1.58
2065,Toasted Wheat Flakes,Infinity Foods,organic,6x250g,7.00,0%,4.67/kg,1.56
2090,Gluten-free Rolled Oatflakes (Porridge Oats),Infinity Foods,organic,6x500g,10.35,0%,3.45/kg,2.3
2095,Gluten-free Jumbo Oatflakes,Infinity Foods,organic,6x500g,10.35,0%,3.45/kg,2.3
2100,Gluten-free Rolled Oatflakes (Porridge Oats),Infinity Foods,organic,6x1kg,16.15,0%,2.69/kg,3.59
3010,Wheat Bran,Infinity Foods,organic,6x250g,5.60,0%,3.73/kg,1.25
3015,Brown Rice Flour,Infinity Foods,organic,6x500g,13.50,0%,4.50/kg,3
3020,Buckwheat Flour,Infinity Foods,organic,6x500g,15.00,0%,5.00/kg,3.34
3022,Chickpea Flour,Infinity Foods,organic,6x500g,16.00,0%,5.33/kg,3.56
3023,Coconut Flour,Infinity Foods,organic,6x500g,12.50,0%,4.17/kg,2.78
3025,Corn Flour (yellow maize flour),Infinity Foods,organic,6x500g,12.00,0%,4.00/kg,2.67
3038,Oat Bran,Infinity Foods,organic,6x500g,7.70,0%,2.57/kg,1.71
3040,Fine Oatmeal,Infinity Foods,organic,6x500g,6.95,0%,2.32/kg,1.54
3045,Medium Oatmeal,Infinity Foods,organic,6x500g,6.95,0%,2.32/kg,1.54
3050,Coarse Oatmeal (Pinhead),Infinity Foods,organic,6x500g,6.95,0%,2.32/kg,1.54
3080,Tapioca Flour,Infinity Foods,organic,6x500g,12.50,0%,4.17/kg,2.79
4030,Gluten-free Muesli - Original,Infinity Foods,organic,6x500g,19.50,0%,6.50/kg,4.33
4031,Fig & Walnut Granola Muesli,Infinity Foods,organic,6x500g,15.70,0%,5.23/kg,3.5
4032,Fig & Walnut Granola Muesli,Infinity Foods,organic,6x1kg,28.85,0%,4.81/kg,6.41
4033,Bran Flakes,Infinity Foods,organic,6x500g,17.35,0%,5.78/kg,3.86
4035,Gluten-free Muesli - Original,Infinity Foods,organic,6x1kg,38.40,0%,6.40/kg,8.54
4036,Cranberry & Pecan Muesli,Infinity Foods,organic,6x500g,16.80,0%,5.60/kg,3.73
4039,Cranberry & Pecan Muesli,Infinity Foods,organic,6x1kg,31.00,0%,5.17/kg,6.89
4040,Fruit and Fibre,Infinity Foods,organic,6x325g,14.40,0%,7.38/kg,3.2
4041,Bran Sticks,Infinity Foods,organic,6x250g,8.80,0%,5.87/kg,1.96
4042,Vitality Muesli,Infinity Foods,organic,6x500g,15.60,0%,5.20/kg,3.47
4043,Vitality Muesli,Infinity Foods,organic,6x1kg,28.60,0%,4.77/kg,6.36
4045,Super Muesli,Infinity Foods,organic,6x500g,14.70,0%,4.90/kg,3.27
4050,Super Muesli,Infinity Foods,organic,6x1kg,26.85,0%,4.48/kg,5.97
4055,Super Muesli,Infinity Foods,organic,6x1.4kg,36.65,0%,4.36/kg,8.14
4057,Deluxe Muesli,Infinity Foods,organic,6x500g,12.00,0%,4.00/kg,2.67
4060,Deluxe Muesli,Infinity Foods,organic,6x1kg,21.40,0%,3.57/kg,4.76
4062,Deluxe Muesli,Infinity Foods,organic,6x1.4kg,29.00,0%,3.45/kg,6.45
4070,Muesli Base,Infinity Foods,organic,6x1kg,13.25,0%,2.21/kg,2.94
4085,Quinoa Puffs,Infinity Foods,organic,6x250g,19.10,0%,12.73/kg,4.25
5005,Aduki Beans,Infinity Foods,organic,6x500g,12.25,0%,4.08/kg,2.72
5015,Beluga Lentils,Infinity Foods,organic,6x500g,15.60,0%,5.20/kg,3.47
5020,Black Turtle Beans,Infinity Foods,organic,6x500g,10.20,0%,3.40/kg,2.27
5022,Brown Lentils,Infinity Foods,organic,6x500g,10.30,0%,3.43/kg,2.29
5023,Cannellini Beans,Infinity Foods,organic,6x500g,12.80,0%,4.27/kg,2.84
5025,Chickpeas - Italy,Infinity Foods,organic,6x500g,11.15,0%,3.72/kg,2.48
5026,Chana Dal - split hulled chickpeas,Infinity Foods,organic,6x500g,16.00,0%,5.33/kg,3.56
5027,Butter Beans,Infinity Foods,organic,6x500g,19.60,0%,6.53/kg,4.36
5035,Green Lentils,Infinity Foods,organic,6x500g,11.60,0%,3.87/kg,2.58
5045,Green Split Peas - Italy,Infinity Foods,organic,6x500g,10.20,0%,3.40/kg,2.27
5055,Haricot Beans,Infinity Foods,organic,6x500g,10.90,0%,3.63/kg,2.42
5065,Mung Beans,Infinity Foods,organic,6x500g,15.25,0%,5.08/kg,3.4
5068,Mung Dal - split hulled mung beans,Infinity Foods,organic,6x500g,14.20,0%,4.73/kg,3.16
5075,Pinto Beans,Infinity Foods,organic,6x500g,11.20,0%,3.73/kg,2.49
5085,French Type Lentils,Infinity Foods,organic,6x500g,14.10,0%,4.70/kg,3.13
5095,Red Kidney Beans,Infinity Foods,organic,6x500g,13.65,0%,4.55/kg,3.05
5105,Red Split Lentils,Infinity Foods,organic,6x500g,9.85,0%,3.28/kg,2.19
5110,Red Split Lentils,Infinity Foods,organic,6x1kg,18.25,0%,3.04/kg,4.07
5115,Soya Beans,Infinity Foods,organic,6x500g,9.00,0%,3.00/kg,2.01
5130,Yellow Split Peas,Infinity Foods,organic,6x500g,9.35,0%,3.12/kg,2.08
6011,Flaked Almonds,Infinity Foods,organic,6x125g,13.95,0%,18.60/kg,3.1
6012,Flaked Almonds,Infinity Foods,organic,6x250g,24.80,0%,16.53/kg,5.53
6014,Ground Almonds,Infinity Foods,organic,6x250g,23.90,0%,15.93/kg,5.32
6015,Almonds,Infinity Foods,organic,6x125g,13.20,0%,17.60/kg,2.93
6016,Ground Almonds,Infinity Foods,organic,6x500g,45.00,0%,15.00/kg,10
6017,Blanched Almonds,Infinity Foods,organic,6x125g,13.80,0%,18.40/kg,3.07
6018,Blanched Almonds,Infinity Foods,organic,6x250g,24.50,0%,16.33/kg,5.46
6020,Almonds,Infinity Foods,organic,6x250g,23.30,0%,15.53/kg,5.18
6025,Almonds,Infinity Foods,organic,6x500g,43.55,0%,14.52/kg,9.69
6026,Almonds - now sold in single packs,Infinity Foods,organic,1x1kg,15.35,0%,15.35/kg,20.47
6031,Brazil Nuts,Infinity Foods,organic,6x125g,13.75,0%,18.33/kg,3.06
6032,Brazil Nuts,Infinity Foods,organic,6x250g,24.45,0%,16.30/kg,5.43
6033,Brazil Nuts,Infinity Foods,organic,6x500g,45.80,0%,15.27/kg,10.18
6035,Coconut Desiccated,Infinity Foods,organic,6x250g,9.75,0%,6.50/kg,2.17
6036,Brazil Nuts - Broken Pieces,Infinity Foods,organic,6x250g,22.45,0%,14.97/kg,4.99
6037,Coconut Chips,Infinity Foods,organic,6x250g,10.85,0%,7.23/kg,2.41
6039,Toasted Coconut Chips,Infinity Foods,organic,6x250g,11.35,0%,7.57/kg,2.52
6040,Coconut Desiccated,Infinity Foods,organic,6x500g,16.40,0%,5.47/kg,3.64
6041,Cashews Whole,Infinity Foods,organic,6x125g,10.20,0%,13.60/kg,2.27
6042,Cashews Whole,Infinity Foods,organic,6x250g,17.30,0%,11.53/kg,3.85
6043,Cashews Whole,Infinity Foods,organic,6x500g,31.55,0%,10.52/kg,7.01
6044,Cashews & Raisins,Infinity Foods,organic,6x125g,8.65,0%,11.53/kg,1.92
6045,Hazelnuts,Infinity Foods,organic,6x125g,13.75,0%,18.33/kg,3.06
6047,Fruit & Nut Mix,Infinity Foods,organic,6x250g,17.60,0%,11.73/kg,3.91
6048,Hi Energy Trail Mix,Infinity Foods,organic,6x250g,14.55,0%,9.70/kg,3.29
6049,Hi Energy Trail Mix,Infinity Foods,organic,6x125g,8.80,0%,11.73/kg,1.98
6050,Hazelnuts,Infinity Foods,organic,6x250g,24.40,0%,16.27/kg,5.42
6051,Cashews Whole - now sold in single packs,Infinity Foods,organic,1x1kg,10.00,0%,10.00/kg,13.34
6052,Chia Seeds,Infinity Foods,organic,6x250g,11.10,0%,7.40/kg,2.47
6053,Chia Seeds,Infinity Foods,organic,6x500g,19.10,0%,6.37/kg,4.24
6054,Hulled Hemp Seeds,Infinity Foods,organic,6x125g,10.15,0%,13.53/kg,2.26
6055,Hazelnuts,Infinity Foods,organic,6x500g,45.50,0%,15.17/kg,10.11
6056,Roast Whole Hazelnuts,Infinity Foods,organic,6x125g,16.30,20%,21.73/kg,4.35
6057,Hulled Hemp Seeds,Infinity Foods,organic,6x250g,17.20,0%,11.47/kg,3.83
6058,Hemp Seeds - whole,Infinity Foods,organic,6x250g,11.60,0%,7.73/kg,2.58
6063,Cashews Large Pieces,Infinity Foods,organic,6x250g,14.70,0%,9.80/kg,3.27
6064,Cashews Large Pieces,Infinity Foods,organic,6x500g,26.30,0%,8.77/kg,5.84
6070,Linseed Brown,Infinity Foods,organic,6x250g,5.80,0%,3.87/kg,1.29
6073,Macadamia Nuts,Infinity Foods,organic,6x125g,17.30,0%,23.07/kg,3.84
6074,Macadamia Nuts,Infinity Foods,organic,6x250g,31.55,0%,21.03/kg,7.01
6075,Linseed Brown,Infinity Foods,organic,6x450g,8.00,0%,2.96/kg,1.78
6077,Linseed Gold,Infinity Foods,organic,6x250g,5.85,0%,3.90/kg,1.3
6078,Linseed Gold,Infinity Foods,organic,6x450g,8.85,0%,3.28/kg,1.97
6079,Linseed Gold,Infinity Foods,organic,6x1kg,16.65,0%,2.77/kg,3.7
6080,Nut Mix,Infinity Foods,organic,6x250g,22.50,0%,15.00/kg,5.01
6082,Nut Mix,Infinity Foods,organic,6x500g,41.95,0%,13.98/kg,9.33
6084,Omega Four Seed Mix,Infinity Foods,organic,6x250g,9.15,0%,6.10/kg,2.06
6085,Peanuts,Infinity Foods,organic,6x250g,8.30,0%,5.53/kg,1.85
6087,Omega Four Seed Mix,Infinity Foods,organic,6x500g,15.25,0%,5.08/kg,3.39
6090,Peanuts,Infinity Foods,organic,6x500g,13.55,0%,4.52/kg,3.01
6092,Pecans - halves,Infinity Foods,organic,6x125g,16.85,0%,22.47/kg,3.74
6093,Pecans - halves,Infinity Foods,organic,6x250g,30.60,0%,20.40/kg,6.8
6094,Pecan Pieces,Infinity Foods,organic,6x125g,14.60,0%,19.47/kg,3.24
6095,Pine Kernels,Infinity Foods,organic,6x125g,29.75,0%,39.67/kg,6.64
6096,Pecan Pieces,Infinity Foods,organic,6x250g,27.00,0%,18.00/kg,6
6097,Pine Kernels,Infinity Foods,organic,6x250g,56.45,0%,37.63/kg,12.54
6098,Poppy Seeds,Infinity Foods,organic,6x125g,6.95,0%,9.27/kg,1.54
6099,Poppy Seeds,Infinity Foods,organic,6x250g,12.35,0%,8.23/kg,2.75
6100,Pumpkin Seeds - AA grade,Infinity Foods,organic,6x125g,7.30,0%,9.73/kg,1.62
6101,Raw Pistachio Kernels,Infinity Foods,organic,6x125g,28.25,0%,37.67/kg,6.29
6102,Raw Pistachio Kernels,Infinity Foods,organic,6x250g,53.40,0%,35.60/kg,11.87
6105,Pumpkin Seeds - AA grade,Infinity Foods,organic,6x250g,11.55,0%,7.70/kg,2.57
6110,Pumpkin Seeds - AA grade,Infinity Foods,organic,6x500g,20.00,0%,6.67/kg,4.44
6112,Pumpkin Seeds - AA grade,Infinity Foods,organic,6x1kg,37.95,0%,6.33/kg,8.43
6113,"Three Seed Mix - sunflower, pumpkin, pine",Infinity Foods,organic,6x250g,11.85,0%,7.90/kg,2.63
6115,Hulled Sesame Seeds - white,Infinity Foods,organic,6x250g,8.80,0%,5.87/kg,1.96
6121,Austrian Pumpkin Seeds,Infinity Foods,organic,6x250g,17.40,0%,11.60/kg,3.87
6122,Austrian Pumpkin Seeds,Infinity Foods,organic,6x500g,31.75,0%,10.58/kg,7.06
6125,Sesame Seeds - whole - brown,Infinity Foods,organic,6x250g,7.90,0%,5.27/kg,1.76
6127,Sesame Seeds - whole - brown,Infinity Foods,organic,6x400g,10.80,0%,4.50/kg,2.4
6128,Black Sesame Seeds - whole,Infinity Foods,organic,6x250g,10.05,0%,6.70/kg,2.24
6130,Sunflower Seed - kernels,Infinity Foods,organic,6x250g,6.70,0%,4.47/kg,1.49
6135,Sunflower Seed - kernels,Infinity Foods,organic,6x500g,10.30,0%,3.43/kg,2.29
6140,Sunflower Seed - kernels,Infinity Foods,organic,6x1kg,18.55,0%,3.09/kg,4.13
6143,Trail Mix,Infinity Foods,organic,6x250g,11.75,0%,7.83/kg,2.61
6145,Walnut Light Pieces,Infinity Foods,organic,6x125g,9.35,0%,12.47/kg,2.08
6150,Walnut Light Pieces,Infinity Foods,organic,6x250g,15.60,0%,10.40/kg,3.47
6155,Walnut Light Pieces,Infinity Foods,organic,6x500g,28.10,0%,9.37/kg,6.24
6160,Walnut Halves - Light,Infinity Foods,organic,6x125g,10.35,0%,13.80/kg,2.3
6165,Walnut Halves - Light,Infinity Foods,organic,6x250g,17.65,0%,11.77/kg,3.93
6167,Walnut Halves - Light,Infinity Foods,organic,6x500g,32.25,0%,10.75/kg,7.17
6515,Almonds,Infinity Foods,,6x125g,8.85,0%,11.80/kg,1.97
6520,Almonds,Infinity Foods,,6x250g,14.65,0%,9.77/kg,3.26
6525,Almonds,Infinity Foods,,6x500g,26.25,0%,8.75/kg,5.83
6620,Cashews - large pieces,Infinity Foods,,6x250g,12.70,0%,8.47/kg,2.83
6625,Cashews - large pieces,Infinity Foods,,6x500g,22.35,0%,7.45/kg,4.97
6635,Cashews Whole,Infinity Foods,,6x125g,9.05,0%,12.07/kg,2.01
6640,Cashews Whole,Infinity Foods,,6x250g,15.05,0%,10.03/kg,3.34
6643,Cashews Whole,Infinity Foods,,6x500g,27.00,0%,9.00/kg,6.01
6705,Chia Seeds,Infinity Foods,,6x250g,8.05,0%,5.37/kg,1.79
6710,Chia Seeds,Infinity Foods,,6x500g,13.05,0%,4.35/kg,2.9
6828,Macadamia Nuts - raw,Infinity Foods,,6x125g,12.70,0%,16.93/kg,2.82
6830,Pecans Halves,Infinity Foods,,6x125g,14.70,0%,19.60/kg,3.27
6835,Pecans Halves,Infinity Foods,,6x250g,26.30,0%,17.53/kg,5.84
6860,Pistachios - roasted & salted,Infinity Foods,,6x125g,13.90,0%,18.53/kg,3.09
6865,Pistachios - roasted & salted,Infinity Foods,,6x250g,24.75,0%,16.50/kg,5.5
6875,Pistachio Kernels - raw,Infinity Foods,,6x125g,22.60,0%,30.13/kg,5.02
6877,Pistachio Kernels - raw,Infinity Foods,,6x250g,42.15,0%,28.10/kg,9.38
6885,Pumpkin Seeds - AA grade,Infinity Foods,,6x250g,9.10,0%,6.07/kg,2.02
6890,Pumpkin Seeds - AA grade,Infinity Foods,,6x500g,15.10,0%,5.03/kg,3.36
6915,Sunflower Seeds,Infinity Foods,,6x250g,5.75,0%,3.83/kg,1.28
6920,Sunflower Seeds,Infinity Foods,,6x500g,8.45,0%,2.82/kg,1.88
7010,Apricots Whole,Infinity Foods,organic,6x350g,28.50,0%,13.57/kg,6.33
7015,Apricots Whole,Infinity Foods,organic,6x500g,39.00,0%,13.00/kg,8.67
7016,Sour Cherries - pitted,Infinity Foods,organic,6x125g,17.15,0%,22.87/kg,3.81
7017,Cranberries with Apple Juice,Infinity Foods,organic,6x125g,13.70,0%,18.27/kg,3.04
7018,Cranberries with Apple Juice,Infinity Foods,organic,6x250g,23.35,0%,15.57/kg,5.2
7019,Sour Cherries - pitted,Infinity Foods,organic,6x250g,30.20,0%,20.13/kg,6.71
7020,Apricots Whole - now sold in single packs,Infinity Foods,organic,1x1kg,12.30,0%,12.30/kg,16.42
7022,Chopped Apricots,Infinity Foods,organic,6x250g,18.65,0%,12.43/kg,4.14
7024,Banana Chips,Infinity Foods,organic,6x125g,7.50,20%,10.00/kg,2
7025,Currants,Infinity Foods,organic,6x250g,15.10,0%,10.07/kg,3.36
7030,Currants,Infinity Foods,organic,6x500g,26.15,0%,8.72/kg,5.81
7032,Dates Select - Pitted,Infinity Foods,organic,6x250g,8.10,0%,5.40/kg,1.8
7033,Dates Select - Pitted,Infinity Foods,organic,6x500g,12.15,0%,4.05/kg,2.7
7035,Dates - pitted,Infinity Foods,organic,6x250g,10.60,0%,7.07/kg,2.37
7040,Dates - pitted,Infinity Foods,organic,6x500g,17.15,0%,5.72/kg,3.81
7045,Dates - pitted,Infinity Foods,organic,6x1kg,30.25,0%,5.04/kg,6.74
7050,Figs,Infinity Foods,organic,6x350g,24.25,0%,11.55/kg,5.39
7055,Figs,Infinity Foods,organic,6x500g,32.85,0%,10.95/kg,7.3
7060,Figs - now sold in single packs,Infinity Foods,organic,1x1kg,10.25,0%,10.25/kg,13.7
7062,Mixed Vine Fruit,Infinity Foods,organic,6x250g,12.50,0%,8.33/kg,2.78
7063,Mixed Vine Fruit,Infinity Foods,organic,6x500g,21.05,0%,7.02/kg,4.68
7064,Goji Berries,Infinity Foods,organic,6x125g,11.95,0%,15.93/kg,2.66
7065,Goji Berries,Infinity Foods,organic,6x250g,19.80,0%,13.20/kg,4.4
7069,Golden Berries,Infinity Foods,organic,6x250g,33.35,0%,22.23/kg,7.42
7072,Mulberries - white,Infinity Foods,organic,6x125g,14.55,0%,19.40/kg,3.25
7073,Mulberries - white,Infinity Foods,organic,6x250g,25.05,0%,16.70/kg,5.57
7076,Mango Pieces,Infinity Foods,organic,6x250g,20.55,0%,13.70/kg,4.57
7077,Ginger Crystallised,Infinity Foods,organic,6x125g,8.75,20%,11.67/kg,2.33
7080,Pitted Prunes,Infinity Foods,organic,6x250g,21.45,0%,14.30/kg,4.77
7085,Pitted Prunes,Infinity Foods,organic,6x500g,38.90,0%,12.97/kg,8.64
7095,Raisins,Infinity Foods,organic,6x250g,11.20,0%,7.47/kg,2.49
7100,Raisins,Infinity Foods,organic,6x500g,18.30,0%,6.10/kg,4.07
7105,Raisins,Infinity Foods,organic,6x1kg,32.55,0%,5.42/kg,7.23
7110,Sultanas,Infinity Foods,organic,6x250g,11.10,0%,7.40/kg,2.47
7115,Sultanas,Infinity Foods,organic,6x500g,18.10,0%,6.03/kg,4.02
7120,Sultanas,Infinity Foods,organic,6x1kg,32.15,0%,5.36/kg,7.14
7530,Apricots Whole Yellow - SO2,Infinity Foods,,6x250g,17.85,0%,11.90/kg,3.97
7535,Apricots Whole Yellow - SO2,Infinity Foods,,6x500g,31.65,0%,10.55/kg,7.03
7612,Dates Pitted,Infinity Foods,,6x250g,6.70,0%,4.47/kg,1.49
7613,Dates Pitted,Infinity Foods,,6x500g,9.35,0%,3.12/kg,2.08
7655,Ginger crystallised & caster sugar,Infinity Foods,,6x125g,7.50,20%,10.00/kg,2
7665,Goji Berries,Infinity Foods,,6x125g,11.35,0%,15.13/kg,2.52
7670,Goji Berries,Infinity Foods,,6x250g,18.60,0%,12.40/kg,4.13
7730,Prunes Pitted,Infinity Foods,,6x250g,10.05,0%,6.70/kg,2.23
7735,Prunes Pitted,Infinity Foods,,6x500g,16.05,0%,5.35/kg,3.57
8050,Japanese Rice Crackers,Infinity Foods,,6x125g,8.60,20%,11.47/kg,2.29
8055,Japanese Rice Crackers,Infinity Foods,,6x250g,14.05,20%,9.37/kg,3.75
8075,Cacao Nibs - raw,Infinity Foods,organic,6x250g,22.10,0%,14.73/kg,4.91
8080,Cacao Nibs - raw,Infinity Foods,organic,6x125g,12.80,0%,17.07/kg,2.84
8106,Bombay Mix,Infinity Foods,,6x125g,6.85,0%,9.13/kg,1.52
8111,Bombay Mix,Infinity Foods,,6x325g,12.65,0%,6.49/kg,2.81
8180,BBQ Almonds,Infinity Foods,,6x60g,5.95,20%,16.53/kg,1.59
8200,Caramelised Cashews,Infinity Foods,,6x55g,6.80,20%,20.61/kg,1.82
8202,Cinnamon & Maple Caramelised Almonds,Infinity Foods,,6x55g,7.40,20%,22.42/kg,1.98
8204,Cinnamon & Maple Caramelised Cashews,Infinity Foods,,6x55g,7.10,20%,21.52/kg,1.89
8207,Nut Mix,Infinity Foods,organic,6x65g,8.30,0%,21.28/kg,1.84
8210,Pistachio Nuts - roasted & salted,Infinity Foods,,6x60g,8.45,0%,23.47/kg,1.88
8216,Roasted & Salted Almonds,Infinity Foods,,6x60g,5.50,20%,15.28/kg,1.47
8220,Hot Chilli Cashews,Infinity Foods,,6x55g,6.10,20%,18.48/kg,1.63
8225,Seasalt & Black Pepper Cashews,Infinity Foods,,6x55g,7.15,20%,21.67/kg,1.91
8227,Roasted & Salted Cashew Nuts,Infinity Foods,,6x55g,5.70,20%,17.27/kg,1.52
8755,Sun-dried Tomato Halves,Infinity Foods,organic,6x250g,15.55,0%,10.37/kg,3.46
9005,Dark Chocolate (73%) Buttons,Infinity Foods,organic,6x200g,34.95,20%,29.13/kg,9.32
9010,Milk Chocolate Buttons,Infinity Foods,organic,6x200g,31.65,20%,26.38/kg,8.44
9015,White Chocolate Buttons,Infinity Foods,organic,6x200g,32.80,20%,27.33/kg,8.75
9020,"Mixed (Dark, Milk & White) Chocolate Buttons",Infinity Foods,organic,6x200g,32.85,20%,27.38/kg,8.76
9093,Cooking Chocolate - 73% very dark,Infinity Foods,organic,6x300g,46.00,0%,25.56/kg,10.22
9094,Cooking Chocolate - milk,Infinity Foods,organic,6x300g,41.10,0%,22.83/kg,9.13
9130,Fruit & Nut Mix,Infinity Foods,organic,6x70g,7.10,0%,16.90/kg,1.58
9200,Ground Allspice,Infinity Foods,organic,6x20g,8.55,0%,71.25/kg,1.9
9201,Star Anise,Infinity Foods,organic,6x15g,7.45,0%,82.78/kg,1.66
9202,Basil,Infinity Foods,organic,6x20g,6.45,0%,53.75/kg,1.43
9203,Bay Leaves,Infinity Foods,organic,6x4g,6.45,0%,268.75/kg,1.43
9204,Caraway Seed,Infinity Foods,organic,6x30g,7.45,0%,41.39/kg,1.66
9205,Cardamom Pods,Infinity Foods,organic,6x10g,8.55,0%,142.50/kg,1.9
9206,Cayenne Pepper,Infinity Foods,organic,6x35g,8.55,0%,40.71/kg,1.9
9208,Cinnamon Sticks,Infinity Foods,organic,6x15g,9.90,0%,110.00/kg,2.2
9209,Cinnamon Ground,Infinity Foods,organic,6x30g,7.45,0%,41.39/kg,1.66
9210,Chilli Powder,Infinity Foods,organic,6x25g,7.45,0%,49.67/kg,1.66
9211,Whole Cloves,Infinity Foods,organic,6x20g,7.45,0%,62.08/kg,1.66
9212,Coriander Seed,Infinity Foods,organic,6x40g,6.45,0%,26.88/kg,1.43
9213,Ground Coriander,Infinity Foods,organic,6x40g,6.45,0%,26.88/kg,1.43
9214,Crushed Chillis,Infinity Foods,organic,6x25g,8.55,0%,57.00/kg,1.9
9215,Cumin Seed,Infinity Foods,organic,6x25g,8.55,0%,57.00/kg,1.9
9216,Ground Cumin,Infinity Foods,organic,6x25g,8.55,0%,57.00/kg,1.9
9217,Curry Leaves,Infinity Foods,organic,6x5g,6.45,0%,215.00/kg,1.43
9218,Curry Powder,Infinity Foods,organic,6x30g,7.45,0%,41.39/kg,1.66
9220,Fennel Seed,Infinity Foods,organic,6x40g,6.45,0%,26.88/kg,1.43
9221,Fenugreek Seed,Infinity Foods,organic,6x40g,7.45,0%,31.04/kg,1.66
9222,Garam Masala,Infinity Foods,organic,6x25g,7.45,0%,49.67/kg,1.66
9223,Garlic Granules,Infinity Foods,organic,6x25g,7.45,0%,49.67/kg,1.66
9224,Ground Ginger,Infinity Foods,organic,6x30g,7.45,0%,41.39/kg,1.66
9225,Herbes de Provence,Infinity Foods,organic,6x20g,6.45,0%,53.75/kg,1.43
9226,Juniper Berries,Infinity Foods,organic,6x30g,8.55,0%,47.50/kg,1.9
9227,Marjoram,Infinity Foods,organic,6x10g,6.45,0%,107.50/kg,1.43
9228,Mint (Spearmint),Infinity Foods,organic,6x20g,6.45,0%,53.75/kg,1.43
9229,Mixed Herbs,Infinity Foods,organic,6x20g,6.45,0%,53.75/kg,1.43
9230,Mixed Spice,Infinity Foods,organic,6x25g,7.45,0%,49.67/kg,1.66
9231,Black Mustard Seed,Infinity Foods,organic,6x50g,7.45,0%,24.83/kg,1.66
9232,Yellow Mustard Seed,Infinity Foods,organic,6x50g,7.45,0%,24.83/kg,1.66
9233,Whole Nutmeg,Infinity Foods,organic,6x20g,9.90,0%,82.50/kg,2.2
9234,Ground Nutmeg,Infinity Foods,organic,6x20g,9.90,0%,82.50/kg,2.2
9235,Oregano,Infinity Foods,organic,6x20g,7.45,0%,62.08/kg,1.66
9236,Black Onion Seed (Nigella Seed),Infinity Foods,organic,6x25g,6.45,0%,43.00/kg,1.43
9237,Paprika,Infinity Foods,organic,6x25g,7.45,0%,49.67/kg,1.66
9238,Parsley,Infinity Foods,organic,6x15g,6.45,0%,71.67/kg,1.43
9239,Ground Black Pepper,Infinity Foods,organic,6x25g,8.55,0%,57.00/kg,1.9
9240,Black Peppercorns,Infinity Foods,organic,6x25g,8.55,0%,57.00/kg,1.9
9241,White Peppercorns,Infinity Foods,organic,6x25g,8.55,0%,57.00/kg,1.9
9243,Rosemary,Infinity Foods,organic,6x20g,6.45,0%,53.75/kg,1.43
9244,Sage,Infinity Foods,organic,6x25g,6.45,0%,43.00/kg,1.43
9245,Tarragon,Infinity Foods,organic,6x10g,8.55,0%,142.50/kg,1.9
9246,Thyme,Infinity Foods,organic,6x25g,7.45,0%,49.67/kg,1.66
9247,Ground Turmeric,Infinity Foods,organic,6x30g,6.45,0%,35.83/kg,1.43
9249,Smoked Paprika,Infinity Foods,organic,6x25g,7.45,0%,49.67/kg,1.66
10475,Amaranth Seed,Infinity Bulk,organic,25kg,79.00,0%,3.16/kg,
10477,Amaranth Seed,Infinity Foods,organic,5kg,17.65,0%,3.53/kg,
10490,Arborio Rice - white - Italy,Infinity Bulk,organic,20kg,85.00,0%,4.25/kg,
10495,Arborio Rice - white - Italy,Infinity Foods,organic,5kg,23.05,0%,4.61/kg,
10505,Brown Rice Short Grain - Italy,Infinity Bulk,organic,20kg,49.00,0%,2.45/kg,
10507,Black Rice - Italy,Infinity Bulk,organic,20kg,86.00,0%,4.30/kg,
10508,Black Rice - Italy,Infinity Foods,organic,2.5kg,12.60,0%,5.04/kg,
10510,Brown Rice Short Grain - Italy,Infinity Foods,organic,5kg,14.10,0%,2.82/kg,
10512,Brown Basmati Rice,Infinity Bulk,organic,25kg,69.00,0%,2.76/kg,
10513,Brown Basmati Rice,Infinity Foods,organic,5kg,15.30,0%,3.06/kg,
10515,Brown Rice Long Grain - Italy,Infinity Bulk,organic,20kg,50.00,0%,2.50/kg,
10520,Brown Rice Long Grain - Italy,Infinity Foods,organic,5kg,14.35,0%,2.87/kg,
10525,Buckwheat Groats - gluten-free,Infinity Bulk,organic,25kg,55.00,0%,2.20/kg,
10530,Buckwheat Groats - gluten-free,Infinity Foods,organic,5kg,12.85,0%,2.57/kg,
10535,Bulghur,Infinity Bulk,organic,25kg,59.00,0%,2.36/kg,
10538,Fregola - giant couscous - white,Infinity Bulk,organic,18kg,55.65,0%,3.09/kg,
10539,Fregola - giant couscous - white,Infinity Foods,organic,5kg,17.00,0%,3.40/kg,
10540,Bulghur,Infinity Foods,organic,5kg,13.65,0%,2.73/kg,
10541,White Couscous - Italy,Infinity Bulk,organic,25kg,57.00,0%,2.28/kg,
10542,Camargue Red Rice - France,Infinity Bulk,organic,25kg,89.00,0%,3.56/kg,
10543,Camargue Red Rice - France,Infinity Foods,organic,5kg,19.60,0%,3.92/kg,
10544,White Couscous - Italy,Infinity Foods,organic,5kg,13.20,0%,2.64/kg,
10545,Wholemeal Couscous - Italy,Infinity Bulk,organic,25kg,56.00,0%,2.24/kg,
10550,Wholemeal Couscous - Italy,Infinity Foods,organic,5kg,13.00,0%,2.60/kg,
10555,Millet,Infinity Bulk,organic,25kg,52.00,0%,2.08/kg,
10560,Millet,Infinity Foods,organic,5kg,12.25,0%,2.45/kg,
10562,Kasha - Roasted Buckwheat - gluten-free,Infinity Bulk,organic,25kg,70.00,0%,2.80/kg,
10565,Oat Groats,Infinity Bulk,organic,25kg,32.50,0%,1.30/kg,
10570,Oat Groats,Infinity Foods,organic,5kg,8.00,0%,1.60/kg,
10572,Orzo - rice shape from durum wheat - white,Infinity Bulk,organic,25kg,70.00,0%,2.80/kg,
10573,Orzo - rice shape from durum wheat - white,Infinity Foods,organic,5kg,15.80,0%,3.16/kg,
10575,Popping Corn,Infinity Bulk,organic,25kg,50.00,0%,2.00/kg,
10580,Popping Corn,Infinity Foods,organic,5kg,11.80,0%,2.36/kg,
10582,Pearl Barley,Infinity Bulk,organic,20kg,28.00,0%,1.40/kg,
10583,Pearl Barley,Infinity Foods,organic,5kg,8.85,0%,1.77/kg,
10585,Pot Barley,Infinity Bulk,organic,20kg,26.50,0%,1.32/kg,
10588,British White Quinoa Grain - gluten-free,Infinity Bulk,organic,25kg,135.85,0%,5.43/kg,
10589,British White Quinoa Grain - gluten-free,Infinity Foods,organic,5kg,29.00,0%,5.80/kg,
10590,Pot Barley,Infinity Foods,organic,5kg,8.50,0%,1.70/kg,
10592,Quinoa Grain,Infinity Bulk,organic,25kg,99.00,0%,3.96/kg,
10593,Quinoa Grain,Infinity Foods,organic,5kg,21.60,0%,4.32/kg,
10595,Rye Grain,Infinity Bulk,organic,25kg,28.20,0%,1.13/kg,
10600,Rye Grain,Infinity Foods,organic,5kg,7.45,0%,1.49/kg,
10602,Spelt Grain,Infinity Bulk,organic,25kg,47.00,0%,1.88/kg,
10603,Spelt Grain,Infinity Foods,organic,5kg,11.20,0%,2.24/kg,
10608,Sushi Rice - white - Italy,Infinity Bulk,organic,20kg,55.00,0%,2.75/kg,
10609,Sushi Rice - white - Italy,Infinity Foods,organic,5kg,15.60,0%,3.12/kg,
10615,Wheat Grain,Infinity Bulk,organic,25kg,40.00,0%,1.60/kg,
10620,Wheat Grain,Infinity Foods,organic,5kg,9.80,0%,1.96/kg,
10625,White Basmati Rice - Indian,Infinity Bulk,organic,25kg,80.00,0%,3.20/kg,
10627,White Basmati Rice - Indian,Infinity Foods,organic,5kg,17.85,0%,3.57/kg,
10645,Wild Rice,Infinity Bulk,organic,25kg,490.00,0%,19.60/kg,
10650,Wild Rice,Infinity Foods,organic,2.5kg,50.80,0%,20.32/kg,
10657,Wild Rice Mix,Infinity Foods,organic,25kg,120.25,0%,4.81/kg,
10660,Wild Rice Mix,Infinity Foods,organic,2.5kg,13.85,0%,5.54/kg,
10675,Brown Jasmine Rice,Infinity Bulk,organic,25kg,64.00,0%,2.56/kg,
10680,Brown Jasmine Rice,Infinity Foods,organic,5kg,14.60,0%,2.92/kg,
10684,Red Quinoa Grain,Infinity Bulk,organic,25kg,110.00,0%,4.40/kg,
10685,White Jasmine Rice,Infinity Bulk,organic,25kg,64.00,0%,2.56/kg,
10686,Red Quinoa Grain,Infinity Foods,organic,5kg,23.80,0%,4.76/kg,
10687,Black Quinoa Grain,Infinity Bulk,organic,25kg,120.00,0%,4.80/kg,
10690,White Jasmine Rice,Infinity Foods,organic,5kg,14.65,0%,2.93/kg,
10691,Black Quinoa Grain,Infinity Foods,organic,2.5kg,13.85,0%,5.54/kg,
10692,Tricolour Quinoa Grain,Infinity Bulk,organic,25kg,110.00,0%,4.40/kg,
10693,Tricolour Quinoa Grain,Infinity Foods,organic,5kg,23.80,0%,4.76/kg,
10716,Arborio Risotto Rice,Seggiano,organic,6x500g,21.60,0%,7.20/kg,4.8
10718,Carnaroli Risotto Rice,Seggiano,organic,6x500g,21.60,0%,7.20/kg,4.8
10719,Black Nerone Rice,Seggiano,organic,6x500g,20.40,0%,6.80/kg,4.53
10805,Sushi Rice - white,Clearspring,organic,12x500g,32.30,0%,5.38/kg,3.59
10807,Sushi Rice - brown,Clearspring,organic,12x500g,32.30,0%,5.38/kg,3.59
10808,Thai Hom Mali - Brown Jasmine Rice,Clearspring,organic,6x500g,13.65,0%,4.55/kg,3.03
10809,Thai Hom Mali - Aromatic Jasmine Rice,Clearspring,organic,6x500g,13.65,0%,4.55/kg,3.03
10810,Thai Sticky Rice - semi-wholegrain,Clearspring,organic,6x500g,13.65,0%,4.55/kg,3.03
10875,Barley Grain - for sprouting,Aconbury Sprouts,organic,1x5kg,10.20,0%,2.04/kg,13.6
10885,Wheat Grain - for sprouting,Aconbury Sprouts,organic,1x5kg,10.20,0%,2.04/kg,13.58
10950,Fonio - Ancient Grain,Biona,organic,6x350g,22.45,0%,10.69/kg,4.99
10953,Black Pearl Rice - formerly black venus,Biona,organic,6x500g,17.15,0%,5.72/kg,3.81
10955,Camargue Red Rice,Biona,organic,6x500g,17.55,0%,5.85/kg,3.9
10956,Italian Long Grain White Rice,Biona,organic,6x1kg,26.50,0%,4.42/kg,5.89
10957,Italian Long Grain White Rice,Biona,organic,6x500g,15.70,0%,5.23/kg,3.49
10963,Sushi Rice - White,Biona,organic,6x400g,11.45,0%,4.77/kg,2.54
10965,Risotto Rice - Brown,Biona,organic,6x500g,14.50,0%,4.83/kg,3.22
10966,Black & White Risotto Mix (Venus & Arborio Rices),Biona,organic,6x500g,15.25,0%,5.08/kg,3.39
10967,Thai Jasmine Rice - Brown,Biona,organic,6x500g,17.50,0%,5.83/kg,3.89
10968,Thai Jasmine Rice - White,Biona,organic,6x500g,17.95,0%,5.98/kg,3.99
10970,White Pudding Rice,Biona,organic,6x500g,12.60,0%,4.20/kg,2.8
10972,Wild Rice Mix,Biona,organic,6x500g,17.95,0%,5.98/kg,3.99
11025,Brown Basmati Rice,Infinity Bulk,,25kg,61.00,0%,2.44/kg,
11030,Brown Basmati Rice,Infinity Foods,,5kg,14.05,0%,2.81/kg,
11070,Cous Cous - white,Infinity Bulk,,25kg,44.00,0%,1.76/kg,
11075,Cous Cous - white,Infinity Foods,,5kg,10.65,0%,2.13/kg,
11078,British White Quinoa Grain - gluten-free,Infinity Bulk,,25kg,77.00,0%,3.08/kg,
11080,British White Quinoa Grain,Infinity Foods,,5kg,17.25,0%,3.45/kg,
11103,Giant Cous Cous - Maftoul,Zaytoun,,5kg,38.20,0%,7.64/kg,
11105,Giant Cous Cous - Maftoul,Zaytoun,,6x200g,15.00,0%,12.50/kg,3.34
11108,Green Wheat Freekeh - Smoky,Zaytoun,,5kg,38.25,0%,7.65/kg,
11110,Green Wheat Freekeh - Smoky,Zaytoun,,6x200g,15.00,0%,12.50/kg,3.34
20500,Chocolate Stars - gluten-free,Freee from Doves Farm,organic,10kg,60.00,0%,6.00/kg,
20505,Barley Flakes,Infinity Bulk,organic,20kg,27.50,0%,1.38/kg,
20507,Buckwheat Flakes - gluten free,Infinity Bulk,organic,5kg,18.35,0%,3.67/kg,
20508,Cornflakes Crunchy,Infinity Bulk,organic,7kg,33.00,0%,4.71/kg,
20509,Buckwheat Flakes - gluten-free,Infinity Bulk,organic,25kg,87.50,0%,3.50/kg,
20510,Barley Flakes,Infinity Foods,organic,5kg,8.75,0%,1.75/kg,
20512,Millet Flakes - gluten-free,Infinity Bulk,organic,20kg,60.00,0%,3.00/kg,
20513,Millet Flakes - gluten-free,Infinity Foods,organic,5kg,16.85,0%,3.37/kg,
20515,Jumbo Oatflakes,Infinity Bulk,organic,25kg,35.00,0%,1.40/kg,
20520,Jumbo Oatflakes,Infinity Foods,organic,5kg,8.50,0%,1.70/kg,
20522,Spelt Flakes,Infinity Bulk,organic,25kg,55.00,0%,2.20/kg,
20525,Rolled Oatflakes,Infinity Bulk,organic,25kg,35.00,0%,1.40/kg,
20526,Quinoa Flakes - gluten-free,Infinity Bulk,organic,25kg,155.00,0%,6.20/kg,
20527,Quinoa Flakes,Infinity Foods,organic,5kg,32.85,0%,6.57/kg,
20530,Rolled Oatflakes,Infinity Foods,organic,5kg,8.50,0%,1.70/kg,
20532,Brown Rice Flakes - gluten-free,Infinity Bulk,organic,20kg,65.00,0%,3.25/kg,
20533,Brown Rice Flakes,Infinity Foods,organic,5kg,18.05,0%,3.61/kg,
20535,Rye Flakes,Infinity Bulk,organic,20kg,27.50,0%,1.38/kg,
20545,Wheat Flakes,Infinity Bulk,organic,20kg,26.00,0%,1.30/kg,
20575,Gluten-free Jumbo Oatflakes,Infinity Bulk,organic,20kg,42.00,0%,2.10/kg,
20577,Gluten-free Jumbo Oatflakes,Infinity Foods,organic,5kg,12.35,0%,2.47/kg,
20585,Gluten-free Rolled Oatflakes,Infinity Bulk,organic,20kg,42.00,0%,2.10/kg,
20587,Gluten-free Rolled Oatflakes,Infinity Foods,organic,5kg,12.35,0%,2.47/kg,
20654,Porridge Oats - bag with handle,Pimhill,organic,5kg,11.40,0%,2.28/kg,
20655,Porridge Oats - bags,Pimhill,organic,12x850g,25.95,0%,2.54/kg,2.88
20658,Jumbo Oats - bag with handle,Pimhill,organic,5kg,11.40,0%,2.28/kg,
20660,Jumbo Oats - bags,Pimhill,organic,12x850g,25.95,0%,2.54/kg,2.88
35705,Gluten-free Mince Pies 4 pack - vegan,Foods of Athenry,,12x280g,51.10,0%,15.21/kg,5.68
35710,Mince Pies - 6 in a box,Roots & Wings,organic,6x300g,38.05,0%,21.14/kg,8.46
35711,Mini Mince Pies - 12 in a box,Roots & Wings,organic,6x300g,40.25,0%,22.36/kg,8.94
35713,Family Christmas Pudding,Roots & Wings,organic,6x454g,53.65,0%,19.70/kg,11.92
35714,Ceramic Family Christmas Pudding made with gf flour,Roots & Wings,organic,6x454g,83.25,0%,30.56/kg,18.5
35715,Vegan Mini Christmas Pudding made with gf flour,Roots & Wings,organic,12x100g,39.00,0%,32.50/kg,4.33
40202,Chestnut Flour,Amisa,organic,6x350g,22.55,0%,10.74/kg,5.01
40302,Coconut Flour - raw - gluten-free,Biona,organic,12x500g,26.90,0%,4.48/kg,2.99
40305,Polenta - gluten-free,Biona,organic,12x500g,23.30,0%,3.88/kg,2.59
40400,Active Dry Yeast,Bioreal,organic,8x5x9g,32.00,0%,88.89/kg,5.34
40405,Original Sourdough Starter,Bread Matters,organic,12x10g,49.40,0%,411.67/kg,5.5
40505,Fine Plain Wholemeal Flour,Doves Farm,organic,5x1kg,5.20,0%,1.04/kg,1.39
40510,Fine Plain Wholemeal Flour,Doves Farm,organic,25kg,27.80,0%,1.11/kg,
40515,Self Raising Wholemeal Flour,Doves Farm,organic,5x1kg,5.25,0%,1.05/kg,1.4
40520,Wheat Bran,Infinity Bulk,organic,15kg,28.00,0%,1.87/kg,
40525,Maize Flour (yellow) - gluten-free,Freee from Doves Farm,organic,25kg,53.00,0%,2.12/kg,
40527,Stoneground Wholemeal Spelt Flour,Doves Farm,organic,25kg,50.85,0%,2.03/kg,
40530,Strong Stoneground Wholemeal Flour,Doves Farm,organic,25kg,26.50,0%,1.06/kg,
40536,Brown Rice Flour,Doves Farm,organic,5x290g,7.20,0%,4.97/kg,1.92
40537,Chickpea Flour,Doves Farm,organic,5x260g,8.55,0%,6.58/kg,2.28
40540,Wholemeal Strong Bread Flour,Doves Farm,organic,5x1.5kg,7.30,0%,0.97/kg,1.95
40545,Plain White Flour,Doves Farm,organic,5x1kg,5.75,0%,1.15/kg,1.53
40550,White Rye Flour,Doves Farm,organic,5x1kg,7.00,0%,1.40/kg,1.87
40553,Spelt Wholemeal Flour,Doves Farm,organic,5x1kg,8.95,0%,1.79/kg,2.39
40554,White Spelt Flour,Doves Farm,organic,5x1kg,10.50,0%,2.10/kg,2.8
40555,Strong White Bread Flour (with Vitamin C),Doves Farm,organic,25kg,30.30,0%,1.21/kg,
40557,Traditional Strong White Bread Flour,Doves Farm,organic,25kg,30.30,0%,1.21/kg,
40558,Strong White Bread Flour (with Vitamin C),Doves Farm,organic,16kg,19.40,0%,1.21/kg,
40559,Sack Gluten-free Plain White Flour,Doves Farm,organic,16kg,42.50,0%,2.66/kg,
40560,Strong White Bread Flour,Doves Farm,organic,5x1.5kg,7.80,0%,1.04/kg,2.08
40563,Einkorn Wholemeal Flour - English,Doves Farm,organic,5x1kg,10.90,0%,2.18/kg,2.91
40565,Self Raising White Flour,Doves Farm,organic,5x1kg,5.85,0%,1.17/kg,1.56
40570,Plain White Flour,Doves Farm,organic,25kg,29.20,0%,1.17/kg,
40572,Self Raising White Flour,Doves Farm,organic,25kg,32.45,0%,1.30/kg,
40574,Malthouse Bread Flour,Doves Farm,organic,5x1kg,6.75,0%,1.35/kg,1.8
40575,Malthouse Bread Flour,Doves Farm,organic,25kg,39.30,0%,1.57/kg,
40576,Oat Flour,Doves Farm,organic,4x450g,10.70,0%,5.94/kg,3.57
40577,Oaty White Strong Bread Flour,Doves Farm,organic,5x1.5kg,10.45,0%,1.39/kg,2.79
41015,Buckwheat Flour - gluten-free,Infinity Bulk,organic,25kg,79.00,0%,3.16/kg,
41016,Chickpea Flour - gluten-free,Infinity Bulk,organic,20kg,54.40,0%,2.72/kg,
41026,Polenta,Infinity Bulk,organic,25kg,54.00,0%,2.16/kg,
41027,Potato Starch,Infinity Bulk,organic,25kg,95.00,0%,3.80/kg,
41030,Rye Flour - whole,Doves Farm,organic,25kg,29.50,0%,1.18/kg,
41050,Tapioca Flour,Infinity Bulk,organic,25kg,55.00,0%,2.20/kg,
41203,Baking Powder - gluten-free,Freee from Doves Farm,,5x130g,6.95,0%,10.69/kg,1.85
41208,Bicarbonate of Soda - gluten-free,Freee from Doves Farm,,5x200g,6.35,0%,6.35/kg,1.69
41212,Corn Starch Flour - gluten-free,Doves Farm,organic,5x110g,8.25,0%,15.00/kg,2.2
41216,Vitamin C - for bread improvement,Doves Farm,,5x120g,17.50,20%,29.17/kg,5.6
41218,Xanthan Gum - gluten-free binder,Freee from Doves Farm,,5x100g,13.10,20%,26.20/kg,4.19
41305,Baking Powder - gluten-free,Freee from Doves Farm,,3x1kg,18.50,0%,6.17/kg,6.17
41310,Bicarbonate of Soda - gluten-free,Freee from Doves Farm,,3x1kg,9.80,20%,3.27/kg,3.92
41312,Corn Starch Flour - gluten-free,Freee from Doves Farm,organic,3x1kg,19.40,0%,6.47/kg,6.47
41315,Xanthan Gum,Freee from Doves Farm,,3x1kg,48.00,20%,16.00/kg,19.2
41320,Blanched Almond Flour,Forest Whole Foods,organic,6x250g,23.80,0%,15.87/kg,5.29
42003,Oat Bran,Mornflake,organic,25kg,38.60,0%,1.54/kg,
42004,Oat Bran,Infinity Foods,organic,2.5kg,5.35,0%,2.14/kg,
42005,Oatmeal - Fine,Infinity Foods,organic,5kg,8.00,0%,1.60/kg,
42010,Oatmeal - Fine,Mornflake,organic,25kg,32.50,0%,1.30/kg,
42015,Oatmeal - Medium,Infinity Foods,organic,5kg,8.00,0%,1.60/kg,
42020,Oatmeal - Medium,Mornflake,organic,25kg,32.50,0%,1.30/kg,
42025,Oatmeal - Coarse (Pinhead),Infinity Foods,organic,5kg,8.00,0%,1.60/kg,
42030,Oatmeal - Coarse (Pinhead),Mornflake,organic,25kg,32.50,0%,1.30/kg,
42255,Polenta,Realfoods by Organico,organic,10x500g,37.10,0%,7.42/kg,4.95
42490,Brown Rice Flour Fine - gluten-free,Shipton Mill,organic,16kg,36.10,0%,2.26/kg,
42495,White Rice Flour Fine - gluten-free,Shipton Mill,organic,16kg,32.05,0%,2.00/kg,
42505,100% Wholewheat Flour,Shipton Mill,organic,5x2.5kg,18.55,0%,1.48/kg,4.95
42510,Strong Plain White Flour - Traditional,Shipton Mill,organic,5x2.5kg,18.30,0%,1.46/kg,4.88
42512,Cake & Pastry Flour,Shipton Mill,organic,6x1kg,9.30,0%,1.55/kg,2.07
42514,Light Rye Flour,Shipton Mill,organic,6x1kg,8.90,0%,1.48/kg,1.98
42515,Pizza Pasta Type 00 Flour,Shipton Mill,organic,6x1kg,9.65,0%,1.61/kg,2.15
42517,Self Raising White Flour,Shipton Mill,organic,6x1kg,9.95,0%,1.66/kg,2.21
42518,Spelt Flour White,Shipton Mill,organic,6x1kg,12.95,0%,2.16/kg,2.88
42520,Spelt Flour Wholemeal,Shipton Mill,organic,6x1kg,12.20,0%,2.03/kg,2.71
42525,Stoneground Wholemeal Flour,Shipton Mill,organic,6x1kg,9.50,0%,1.58/kg,2.11
42535,Traditional White Flour,Shipton Mill,organic,6x1kg,9.40,0%,1.57/kg,2.09
42545,3 Malts & Sunflower Brown Flour,Shipton Mill,organic,6x1kg,11.25,0%,1.88/kg,2.5
42559,Active Dried Yeast - tin,S.I.Lesaffre,,1x500g,5.95,0%,11.90/kg,7.93
42570,Vital Wheat Gluten Flour,Suma,,6x500g,15.95,0%,5.32/kg,3.54
42573,Cassava Flour - gluten-free,Tiana,organic,1x500g,3.45,0%,6.90/kg,4.59
42575,Coconut Flour,Tiana,organic,1x500g,3.45,0%,6.90/kg,4.59
51037,Rice Flour (brown & white) - gluten-free,Freee from Doves Farm,,5x1kg,9.20,0%,1.84/kg,2.45
51044,Wholegrain Buckwheat Flour - gluten-free,Freee from Doves Farm,,5x1kg,18.75,0%,3.75/kg,5
51048,Gram Flour - gluten-free,Freee from Doves Farm,,5x800g,9.20,0%,2.30/kg,2.45
51065,Rye Wholemeal Flour,Doves Farm,organic,5x1kg,5.80,0%,1.16/kg,1.55
51067,Seedhouse Bread Flour,Doves Farm,organic,5x1kg,11.10,0%,2.22/kg,2.96
51070,Pasta & Pizza Flour,Doves Farm,organic,5x1kg,6.95,0%,1.39/kg,1.85
51074,Sack Gluten-free Self-Raising White Flour,Freee from Doves Farm,,16kg,30.30,0%,1.89/kg,
51075,Gluten-free Plain White Flour,Freee from Doves Farm,,5x1kg,11.25,0%,2.25/kg,3
51076,Sack Gluten-free Plain White Flour,Freee from Doves Farm,,16kg,30.30,0%,1.89/kg,
51077,Gluten-free Self-Raising White Flour,Freee from Doves Farm,,5x1kg,11.25,0%,2.25/kg,3
51080,Gluten-free Brown Bread Flour,Freee from Doves Farm,,5x1kg,11.85,0%,2.37/kg,3.16
51082,Gluten-free White Bread Flour,Freee from Doves Farm,,5x1kg,11.25,0%,2.25/kg,3
51085,Quick Dried Yeast - packet - gluten-free,Freee from Doves Farm,,8x125g,11.10,0%,11.10/kg,1.85
60105,Apple & Cinnamon Bircher,Alara,organic,6x650g,18.25,0%,4.68/kg,4.06
60111,Ancient Grains Muesli,Alara,organic,6x450g,19.15,0%,7.09/kg,4.26
60112,Crispy Fruit Muesli,Alara,organic,6x550g,18.25,0%,5.53/kg,4.06
60114,Gluten-free Muesli with Goji & Cranberries,Alara,organic,6x450g,20.95,0%,7.76/kg,4.66
60122,30 Plants Muesli,Alara,organic,6x450g,17.80,0%,6.59/kg,3.96
60124,30 Plants Overnight Oats,Alara,organic,6x450g,17.80,0%,6.59/kg,3.96
60250,Rich Muesli,Alara,organic,6x500g,17.80,0%,5.93/kg,3.96
60266,Gluten-free Delight Muesli,Alara,organic,6x250g,18.25,0%,12.17/kg,4.06
60268,Fruits & Seeds Muesli,Alara,organic,6x650g,18.25,0%,4.68/kg,4.06
60269,Original Muesli,Alara,organic,6x650g,18.25,0%,4.68/kg,4.06
60304,Pure Porridge Oats,Amisa,organic,4x1kg,16.45,0%,4.11/kg,5.48
60305,Pure Porridge Oats,Amisa,organic,6x325g,12.10,0%,6.21/kg,2.69
60310,Apple & Cinnamon Porridge Oats,Amisa,organic,6x300g,16.60,0%,9.22/kg,3.69
60311,Four Grain Porridge,Amisa,organic,6x300g,15.25,0%,8.47/kg,3.39
60312,Fruity Oat Muesli,Amisa,organic,6x325g,18.85,0%,9.67/kg,4.19
60320,Spelt Crunchy,Amisa,organic,6x375g,21.10,0%,9.38/kg,4.69
60325,Crispy Spelt Flakes,Amisa,organic,6x250g,14.80,0%,9.87/kg,3.29
60330,Spelt Honey Puffs,Amisa,organic,6x200g,14.80,0%,12.33/kg,3.29
60335,Spelt Puffs - vegan,Amisa,organic,6x200g,11.65,0%,9.71/kg,2.59
60350,Activated Granola Apple & Flax Seed,Ancestral Superfoods,organic,6x250g,23.35,0%,15.57/kg,5.19
60352,Activated Granola Carob & Dried Fig,Ancestral Superfoods,organic,6x250g,20.35,0%,13.57/kg,4.52
60353,Activated Granola Pumpkin Seed & Orange,Ancestral Superfoods,organic,6x250g,23.35,0%,15.57/kg,5.19
60402,Choco-Coconut Granola,Biona,organic,6x375g,22.45,0%,9.98/kg,4.99
60403,Granola Nutty Clusters Low Sugar,Biona,organic,6x375g,26.95,0%,11.98/kg,5.99
60405,Honey & Hazel Crunch Granola,Biona,organic,6x375g,24.25,0%,10.78/kg,5.39
60412,Wild Berry Crisp Granola - boxed,Biona,organic,6x375g,29.20,0%,12.98/kg,6.49
60413,Pure Oaty Granola - wheat-free,Biona,organic,6x375g,20.20,0%,8.98/kg,4.49
60416,Porridge Oats,Biona,organic,6x500g,10.75,0%,3.58/kg,2.39
60417,Crispy Spelt Flakes,Biona,organic,6x300g,14.80,0%,8.22/kg,3.29
60418,Honey Spelt Puffs,Biona,organic,7x200g,18.30,0%,13.07/kg,3.49
60419,Spelt Puffs,Biona,organic,6x200g,12.10,0%,10.08/kg,2.69
61005,Toasted Wheat Flakes,Community,organic,12.5kg,35.00,0%,2.80/kg,
61314,Chocolate Muesli,Freee from Doves Farm,,5x400g,17.45,0%,8.72/kg,4.65
61509,Chocolate Stars,Freee from Doves Farm,organic,5x300g,12.20,0%,8.13/kg,3.25
61511,Cornflakes,Freee from Doves Farm,organic,5x325g,11.85,0%,7.29/kg,3.16
61512,Cinnamon Hoops,Freee from Doves Farm,organic,5x300g,12.20,0%,8.13/kg,3.25
61513,Swiss Style Muesli,Freee from Doves Farm,,5x450g,14.45,0%,6.42/kg,3.85
61516,Cereal Flakes,Freee from Doves Farm,organic,5x375g,15.00,0%,8.00/kg,4
61521,Fibre Flakes,Freee from Doves Farm,organic,5x375g,14.45,0%,7.71/kg,3.85
61523,Fruit & Fibre Flakes,Freee from Doves Farm,organic,5x375g,18.75,0%,10.00/kg,5
61524,Ancient Grain Spelt Flakes,Doves Farm,organic,6x375g,19.95,0%,8.87/kg,4.43
61526,Supergrain Hoops,Freee from Doves Farm,organic,5x300g,14.45,0%,9.63/kg,3.85
61530,Ancient Grain Cereal Hoops,Doves Farm,organic,5x300g,16.85,0%,11.23/kg,4.49
61532,Ancient Grain Fruit & Fibre Flakes,Doves Farm,organic,5x375g,18.70,0%,9.97/kg,4.99
61534,Wholegrain Cocoa Rice Pops,Doves Farm,organic,5x300g,13.30,0%,8.87/kg,3.55
61610,Nutty Granola,Deliciously Ella,,6x380g,18.65,0%,8.18/kg,4.14
61908,Granola Base,Infinity Bulk,organic,20kg,105.00,0%,5.25/kg,
61909,Granola Base,Infinity Foods,organic,5kg,28.10,0%,5.62/kg,
61910,Vitality Muesli,Infinity Foods,organic,25kg,104.25,0%,4.17/kg,
61915,Vitality Muesli,Infinity Foods,organic,5kg,22.70,0%,4.54/kg,
62012,Bran Flakes,Infinity Foods,organic,10kg,45.15,0%,4.51/kg,
62013,Bran Sticks,Infinity Bulk,organic,15kg,50.00,0%,3.33/kg,
62014,Bran Sticks,Infinity Bulk,organic,2kg,8.50,0%,4.25/kg,
62015,Gluten-free Muesli - Original,Infinity Foods,organic,25kg,146.00,0%,5.84/kg,
62025,Super Muesli,Infinity Foods,organic,25kg,97.00,0%,3.88/kg,
62030,Super Muesli,Infinity Foods,organic,5kg,21.25,0%,4.25/kg,
62032,Deluxe Muesli,Infinity Foods,organic,25kg,74.25,0%,2.97/kg,
62033,Deluxe Muesli,Infinity Foods,organic,5kg,16.70,0%,3.34/kg,
62035,Muesli Base,Infinity Foods,organic,20kg,32.40,0%,1.62/kg,
62040,Muesli Base,Infinity Foods,organic,5kg,9.90,0%,1.98/kg,
62060,Puffed Quinoa,Infinity Foods,organic,9kg,96.25,0%,10.69/kg,
62062,Puffed Quinoa,Infinity Foods,organic,1kg,12.50,0%,12.50/kg,
62503,Cornflakes,Kallo,organic,12x375g,29.65,0%,6.59/kg,3.29
62505,Puffed Rice Natural,Kallo,organic,8x225g,23.10,0%,12.83/kg,3.85
63188,Blueberry Raspberry Yogurt Nobbly Granola,Nature's Path,organic,5x300g,17.30,0%,11.53/kg,4.61
63199,Choco Chimps,Nature's Path,organic,4x284g,11.25,0%,9.90/kg,3.75
63207,Maple Sunrise,Nature's Path,organic,4x332g,11.75,0%,8.85/kg,3.92
63230,Mesa Sunrise,Nature's Path,organic,4x355g,12.20,0%,8.59/kg,4.07
63241,Gorilla Munch,Nature's Path,organic,4x300g,11.25,0%,9.38/kg,3.75
63472,Muesli,Pimhill,organic,12x850g,42.20,0%,4.14/kg,4.69
63480,"Apricot, Fig & Seed Muesli (no wheat or nuts)",Pimhill,organic,12x850g,53.25,0%,5.22/kg,5.93
63482,Fruit & Nut Granola,Pimhill,organic,6x500g,28.80,0%,9.60/kg,6.4
63734,Honey Spelt Puffs,Rude Health,organic,8x175g,19.60,0%,14.00/kg,3.5
70485,Luxury Gluten-free Porridge -  no oats,Alara,,6x500g,16.45,0%,5.48/kg,3.66
70490,Everyday Gluten-free Pure Oatflakes,Alara,,6x500g,14.70,0%,4.90/kg,3.27
70506,Cocoa Alpha Bites,Bear,,4x350g,6.90,0%,4.93/kg,2.3
70509,Multigrain Alpha Bites,Bear,,4x350g,6.90,0%,4.93/kg,2.3
70515,De Luxe Muesli - 16 natural ingredients,Community,,25kg,86.25,0%,3.45/kg,
71604,Organic Granola,Lizi's,organic,5x350g,16.60,0%,9.49/kg,4.43
71607,Gluten-free Granola,Lizi's,,5x350g,19.40,0%,11.09/kg,5.17
71611,Original Granola - non-organic,Lizi's,,5x400g,14.80,0%,7.40/kg,3.95
71612,High Protein Granola,Lizi's,,5x350g,16.00,0%,9.14/kg,4.27
71613,Low Sugar Granola,Lizi's,,5x400g,16.00,0%,8.00/kg,4.27
71731,Instant Bircher Muesli Soft & Fruity,Rude Health,,6x375g,14.65,0%,6.51/kg,3.48
71739,The Ultimate Muesli - vegan,Rude Health,organic,6x400g,17.80,0%,7.42/kg,4.24
71750,Puffed Oats,Rude Health,,8x175g,12.60,0%,9.00/kg,2.25
71755,Puffed Brown Rice - gluten-free,Rude Health,,4x225g,5.70,0%,6.33/kg,2.04
71776,The Ultimate Granola,Rude Health,organic,6x400g,17.80,0%,7.42/kg,4.24
71777,Chocolate Crunch Granola,Rude Health,,6x400g,16.80,0%,7.00/kg,3.99
71778,Roasted Almond Granola,Rude Health,,6x400g,16.80,0%,7.00/kg,3.99
71782,Low Sugar Granola - Almond & Hazelnut,Rude Health,,6x400g,16.80,0%,7.00/kg,3.99
80505,Aduki Beans,Infinity Bulk,organic,25kg,77.00,0%,3.08/kg,
80510,Aduki Beans,Infinity Foods,organic,5kg,17.20,0%,3.44/kg,
80517,Brown Lentils,Infinity Bulk,organic,25kg,65.00,0%,2.60/kg,
80518,Brown Lentils,Infinity Foods,organic,5kg,14.80,0%,2.96/kg,
80519,Butter Beans,Infinity Bulk,organic,25kg,140.00,0%,5.60/kg,
80520,Chickpeas - Italy,Infinity Bulk,organic,25kg,76.00,0%,3.04/kg,
80521,Cannellini Beans,Infinity Bulk,organic,25kg,82.00,0%,3.28/kg,
80522,Cannellini Beans,Infinity Foods,organic,5kg,18.20,0%,3.64/kg,
80523,Butter Beans,Infinity Foods,organic,5kg,29.85,0%,5.97/kg,
80524,Chana Dal - split hulled chickpeas,Infinity Bulk,organic,25kg,108.00,0%,4.32/kg,
80525,Chickpeas - Italy,Infinity Foods,organic,5kg,17.00,0%,3.40/kg,
80526,Chana Dal - split hulled chickpeas,Infinity Foods,organic,5kg,23.40,0%,4.68/kg,
80530,Green Split Peas - Italy,Infinity Bulk,organic,25kg,60.00,0%,2.40/kg,
80535,Green Split Peas - Italy,Infinity Foods,organic,5kg,13.85,0%,2.77/kg,
80540,Haricot Beans,Infinity Bulk,organic,25kg,66.00,0%,2.64/kg,
80545,Haricot Beans,Infinity Foods,organic,5kg,15.00,0%,3.00/kg,
80550,Mung Beans,Infinity Bulk,organic,25kg,102.00,0%,4.08/kg,
80555,Mung Beans,Infinity Foods,organic,5kg,22.25,0%,4.45/kg,
80557,Mung Dal - split hulled mung beans,Infinity Bulk,organic,25kg,93.00,0%,3.72/kg,
80558,Mung Dal - split hulled mung beans,Infinity Foods,organic,5kg,20.40,0%,4.08/kg,
80560,Pinto Beans,Infinity Bulk,organic,25kg,70.00,0%,2.80/kg,
80565,Pinto Beans,Infinity Foods,organic,5kg,15.80,0%,3.16/kg,
80570,French Type Lentils,Infinity Bulk,organic,25kg,94.00,0%,3.76/kg,
80575,French Type Lentils,Infinity Foods,organic,5kg,20.65,0%,4.13/kg,
80580,Red Kidney Beans,Infinity Bulk,organic,25kg,89.00,0%,3.56/kg,
80585,Red Kidney Beans,Infinity Foods,organic,5kg,19.65,0%,3.93/kg,
80590,Red Split Lentils,Infinity Bulk,organic,25kg,65.00,0%,2.60/kg,
80595,Red Split Lentils,Infinity Foods,organic,5kg,14.80,0%,2.96/kg,
80600,Soya Beans,Infinity Bulk,organic,25kg,50.00,0%,2.00/kg,
80615,Beluga Lentils (black),Infinity Bulk,organic,25kg,105.00,0%,4.20/kg,
80617,Beluga Lentils (black),Infinity Foods,organic,5kg,22.80,0%,4.56/kg,
80620,Black Turtle Beans,Infinity Bulk,organic,25kg,60.00,0%,2.40/kg,
80625,Black Turtle Beans,Infinity Foods,organic,5kg,13.80,0%,2.76/kg,
80630,Green Lentils,Infinity Bulk,organic,25kg,73.00,0%,2.92/kg,
80635,Green Lentils,Infinity Foods,organic,5kg,16.40,0%,3.28/kg,
80640,Yellow Split Peas,Infinity Bulk,organic,25kg,53.00,0%,2.12/kg,
80645,Yellow Split Peas,Infinity Foods,organic,5kg,12.40,0%,2.48/kg,
80660,Organic Split Fava Beans (broad beans),Hodmedod's,organic,12x500g,18.55,0%,3.09/kg,2.06
80893,Whole Olive Green Lentils,Hodmedod's,,12x500g,29.20,0%,4.87/kg,3.24
80895,Whole Fava Beans (broad beans),Hodmedod's,organic,12x500g,22.10,0%,3.68/kg,2.46
83418,Gluten Free Panettone (Box),Fraccaro,organic,6x500g,97.50,0%,32.50/kg,21.67
90502,Hulled Hemp Seeds,Infinity Bulk,organic,20kg,188.25,0%,9.41/kg,
90503,Hulled Hemp Seeds,Infinity Foods,organic,5kg,48.90,0%,9.78/kg,
90511,Flaked Almonds,Infinity Bulk,organic,10kg,144.95,0%,14.49/kg,
90512,Flaked Almonds,Infinity Foods,organic,2.5kg,38.10,0%,15.24/kg,
90513,Ground Almonds,Infinity Bulk,organic,10kg,138.95,0%,13.89/kg,
90514,Ground Almonds,Infinity Foods,organic,2.5kg,36.60,0%,14.64/kg,
90515,Almonds,Infinity Bulk,organic,10kg,134.95,0%,13.49/kg,
90517,Blanched Almonds,Infinity Bulk,organic,10kg,142.95,0%,14.29/kg,
90518,Blanched Almonds,Infinity Foods,organic,2.5kg,36.60,0%,14.64/kg,
90520,Almonds,Infinity Foods,organic,2.5kg,35.60,0%,14.24/kg,
90522,Brazil Nuts,Infinity Bulk,organic,20kg,285.00,0%,14.25/kg,
90523,Brazil Nuts,Infinity Foods,organic,2.5kg,37.45,0%,14.98/kg,
90524,Cashews Whole,Infinity Bulk,organic,22.68kg,215.55,0%,9.50/kg,
90525,Brazil Nuts - Broken Pieces,Infinity Bulk,organic,20kg,258.15,0%,12.91/kg,
90526,Cashews Whole,Infinity Foods,organic,2.5kg,22.55,0%,9.02/kg,
90527,Chia Seeds,Infinity Bulk,organic,25kg,133.75,0%,5.35/kg,
90528,Chia Seeds,Infinity Foods,organic,2kg,12.50,0%,6.25/kg,
90529,Coconut Desiccated,Infinity Bulk,organic,25kg,110.90,0%,4.44/kg,
90530,Coconut Desiccated,Infinity Foods,organic,3kg,15.10,0%,5.03/kg,
90531,Toasted Coconut Chips,Infinity Bulk,organic,10kg,55.15,0%,5.51/kg,
90532,Coconut Chips,Infinity Bulk,organic,10kg,51.90,0%,5.19/kg,
90533,Coconut Chips,Infinity Foods,organic,3kg,17.35,0%,5.78/kg,
90534,Nut Mix,Infinity Foods,organic,25kg,324.00,0%,12.96/kg,
90535,Hazelnuts,Infinity Bulk,organic,10kg,142.25,0%,14.22/kg,
90536,Cashews Large Pieces,Infinity Bulk,organic,22.68kg,175.55,0%,7.74/kg,
90537,Cashews Large Pieces,Infinity Foods,organic,2.5kg,21.20,0%,8.48/kg,
90538,Macadamia Nuts,Infinity Bulk,organic,11.34kg,215.15,0%,18.97/kg,
90539,Macadamia Nuts,Infinity Foods,organic,0.75kg,16.00,0%,21.33/kg,
90540,Hazelnuts,Infinity Foods,organic,2.5kg,37.40,0%,14.96/kg,
90541,Roast Whole Hazelnuts,Infinity Foods,organic,10kg,176.25,20%,17.62/kg,
90542,Hemp Seeds - whole,Infinity Bulk,organic,20kg,113.65,0%,5.68/kg,
90543,Hemp Seeds - whole,Infinity Foods,organic,5kg,30.25,0%,6.05/kg,
90544,Toasted Coconut Chips,Infinity Foods,organic,3kg,18.35,0%,6.12/kg,
90545,Linseed Brown,Infinity Bulk,organic,25kg,45.50,0%,1.82/kg,
90546,Brazil Nuts - Broken Pieces,Infinity Foods,organic,2.5kg,34.10,0%,13.64/kg,
90547,Raw Pistachio Kernels,Infinity Bulk,organic,10kg,335.50,0%,33.55/kg,
90548,Raw Pistachio Kernels,Infinity Foods,organic,5kg,169.60,0%,33.92/kg,
90549,Raw Pistachio Kernels,Infinity Foods,organic,0.75kg,27.00,0%,36.00/kg,
90550,Linseed Brown,Infinity Foods,organic,5kg,10.90,0%,2.18/kg,
90552,Linseed Gold,Infinity Bulk,organic,25kg,56.50,0%,2.26/kg,
90553,Linseed Gold,Infinity Foods,organic,5kg,13.10,0%,2.62/kg,
90554,Nut Mix,Infinity Foods,organic,2.5kg,34.25,0%,13.70/kg,
90555,Peanuts,Infinity Bulk,organic,25kg,87.35,0%,3.49/kg,
90556,Omega Four Seed Mix,Infinity Foods,organic,3kg,14.00,0%,4.67/kg,
90557,Fruit & Nut Mix,Infinity Foods,organic,3kg,30.90,0%,10.30/kg,
90558,Poppy Seed,Infinity Foods,organic,3kg,20.10,0%,6.70/kg,
90559,Poppy Seed,Infinity Bulk,organic,25kg,155.00,0%,6.20/kg,
90560,Peanuts,Infinity Foods,organic,5kg,19.30,0%,3.86/kg,
90561,Pecans - Halves,Infinity Bulk,organic,13.6kg,249.55,0%,18.35/kg,
90562,Pine Kernels,Infinity Bulk,organic,25kg,769.45,0%,30.78/kg,
90563,Pecans - Halves,Infinity Foods,organic,2kg,38.55,0%,19.27/kg,
90564,Pumpkin Seeds - AA grade,Infinity Bulk,organic,25kg,141.35,0%,5.65/kg,
90565,Pine Kernels,Infinity Foods,organic,1kg,32.60,0%,32.60/kg,
90566,Pecan Pieces (13.6kg),Infinity Bulk,organic,13.6kg,216.95,0%,15.95/kg,
90567,Pecan Pieces,Infinity Foods,organic,2kg,33.70,0%,16.85/kg,
90568,Pine Kernels,Infinity Foods,organic,5kg,179.75,0%,35.95/kg,
90569,Hi Energy Trail Mix,Infinity Foods,organic,3kg,24.80,0%,8.27/kg,
90570,Pumpkin Seeds - AA grade,Infinity Foods,organic,2kg,13.15,0%,6.58/kg,
90571,Omega Four Seed Mix,Infinity Foods,organic,25kg,101.50,0%,4.06/kg,
90572,Austrian Pumpkin Seeds,Infinity Bulk,organic,25kg,239.25,0%,9.57/kg,
90573,Austrian Pumpkin Seeds,Infinity Foods,organic,2kg,20.95,0%,10.47/kg,
90574,"Three Seed Mix - sunflower, pumpkin, pine",Infinity Foods,organic,3kg,20.20,0%,6.73/kg,
90575,Hulled Sesame Seeds - white,Infinity Bulk,organic,25kg,95.25,0%,3.81/kg,
90580,Hulled Sesame Seeds - white,Infinity Foods,organic,5kg,20.90,0%,4.18/kg,
90582,Sesame Seeds - whole - brown,Infinity Bulk,organic,25kg,80.55,0%,3.22/kg,
90583,Sesame Seeds - whole - brown,Infinity Foods,organic,5kg,17.95,0%,3.59/kg,
90585,Sunflower Seed - kernels,Infinity Bulk,organic,25kg,60.35,0%,2.41/kg,
90587,Black Sesame Seeds - whole,Infinity Bulk,organic,25kg,115.95,0%,4.64/kg,
90588,Black Sesame Seeds - whole,Infinity Foods,organic,3kg,15.75,0%,5.25/kg,
90590,Sunflower Seed - kernels,Infinity Foods,organic,5kg,13.85,0%,2.77/kg,
90591,Walnut Halves - Light,Infinity Bulk,organic,10kg,97.25,0%,9.72/kg,
90594,Walnut Halves - Light,Infinity Foods,organic,2.5kg,26.20,0%,10.48/kg,
90595,Walnut Light Pieces,Infinity Bulk,organic,10kg,83.50,0%,8.35/kg,
90600,Walnut Light Pieces,Infinity Foods,organic,2.5kg,22.70,0%,9.08/kg,
90606,Tigernuts - Blanched,Infinity Foods,organic,1kg,10.30,0%,10.30/kg,
90607,Trail Mix,Infinity Foods,organic,3kg,19.20,0%,6.40/kg,
90613,Black Sunflower Seeds,Aconbury Sprouts,organic,1x2kg,12.35,0%,6.17/kg,16.47
90615,Blanched Roasted Peanuts,Infinity Bulk,organic,10kg,54.00,20%,5.40/kg,
90637,Alfalfa,Aconbury Sprouts,organic,8x250g,42.30,0%,21.15/kg,7.05
90640,Broccoli,Aconbury Sprouts,organic,8x250g,59.50,0%,29.75/kg,9.92
90642,Brown Lentils,Aconbury Sprouts,organic,8x500g,26.75,0%,6.69/kg,4.46
90645,Chickpeas,Aconbury Sprouts,organic,8x500g,27.05,0%,6.76/kg,4.51
90647,China Rose Radish,Aconbury Sprouts,organic,8x250g,29.00,0%,14.50/kg,4.83
90652,Mixed Beans,Aconbury Sprouts,organic,8x500g,31.15,0%,7.79/kg,5.19
90657,Mung Beans,Aconbury Sprouts,organic,8x500g,37.85,0%,9.46/kg,6.31
90658,Snow Peas,Aconbury Sprouts,organic,8x500g,28.45,0%,7.11/kg,4.74
90672,Milled Linseeds - Raw,Alara,organic,6x500g,22.30,0%,7.43/kg,4.96
90702,Creamed Coconut,Biona,organic,12x200g,29.60,0%,12.33/kg,3.29
90705,Cracked Linseed Gold - Omega Extra,Biona,organic,6x500g,26.95,0%,8.98/kg,5.99
90710,Linseed Gold,Biona,organic,6x500g,16.60,0%,5.53/kg,3.69
90712,Linseed Brown,Biona,organic,6x500g,14.80,0%,4.93/kg,3.29
90715,Hemp Seeds - whole,Biona,organic,8x250g,17.90,0%,8.95/kg,2.99
90718,Creamed Coconut,Coconut Merchant,organic,12x200g,25.15,0%,10.48/kg,2.79
90722,Mixed Almonds - on-the-go,Crazy Jack,organic,18x30g,12.80,0%,23.70/kg,0.95
90730,Amaranth Seed,Forest Whole Foods,organic,6x500g,16.60,0%,5.53/kg,3.69
90837,French Chestnuts in a Box,Realfoods by Organico,organic,12x200g,53.55,0%,22.31/kg,5.95
90880,Milled Flaxseed - large,Prewetts,organic,6x175g,15.80,0%,15.05/kg,3.52
90895,Black Chia Seeds - raw,Raw Health,organic,6x450g,40.45,0%,14.98/kg,8.99
90899,Peeled Roasted Chestnuts,Trustin,,12x80g,16.15,0%,16.82/kg,1.79
90905,Alfalfa Seeds,A. Vogel,organic,12x40g,19.70,0%,41.04/kg,2.19
90906,Broccoli Seeds,A. Vogel,organic,12x30g,19.70,0%,54.72/kg,2.19
90907,Little Radish Seeds,A. Vogel,organic,12x40g,19.70,0%,41.04/kg,2.19
90910,Mung Beans,A. Vogel,organic,12x40g,17.40,0%,36.25/kg,1.93
90916,Wellness Mix,A. Vogel,organic,12x40g,19.70,0%,41.04/kg,2.19
90917,Fitness Mix,A. Vogel,organic,12x40g,17.40,0%,36.25/kg,1.93
91010,Almonds,Infinity Bulk,,22.68kg,175.00,0%,7.72/kg,
91015,Almonds,Infinity Foods,,3kg,24.95,0%,8.32/kg,
91030,Flaked Almonds,Infinity Bulk,,10kg,95.90,0%,9.59/kg,
91035,Flaked Almonds,Infinity Foods,,3kg,30.60,0%,10.20/kg,
91040,Ground Almonds,Infinity Bulk,,10kg,84.35,0%,8.43/kg,
91045,Ground Almonds,Infinity Foods,,3kg,27.15,0%,9.05/kg,
91070,Cashews - large pieces,Infinity Bulk,,22.68kg,145.50,0%,6.42/kg,
91075,Cashews - large pieces,Infinity Foods,,5kg,33.95,0%,6.79/kg,
91080,Cashews Whole,Infinity Bulk,,22.68kg,180.95,0%,7.98/kg,
91085,Cashews Whole,Infinity Foods,,3kg,25.80,0%,8.60/kg,
91090,Chia Seeds,Infinity Bulk,,25kg,82.90,0%,3.32/kg,
91095,Chia Seeds,Infinity Foods,,2kg,8.45,0%,4.22/kg,
91146,Macadamia Nuts - raw,Infinity Foods,,5kg,66.00,0%,13.20/kg,
91147,Macadamia Nuts - raw,Infinity Bulk,,11.34kg,145.50,0%,12.83/kg,
91148,Macadamia Nuts - raw,Infinity Foods,,1kg,14.65,0%,14.65/kg,
91170,Pecans Halves,Infinity Bulk,,13.6kg,210.50,0%,15.48/kg,
91175,Pecans Halves,Infinity Foods,,2kg,32.80,0%,16.40/kg,
91190,Pistachios - roasted & salted,Infinity Bulk,,10kg,144.50,0%,14.45/kg,
91192,Pistachio Kernels - raw,Infinity Bulk,,10kg,260.35,0%,26.04/kg,
91193,Pistachio Kernels - raw,Infinity Foods,,0.75kg,21.35,0%,28.47/kg,
91194,Pistachio Kernels - raw,Infinity Foods,,5kg,132.00,0%,26.40/kg,
91195,Pistachios - roasted & salted,Infinity Foods,,2kg,30.75,0%,15.38/kg,
91200,Pumpkin Seeds - AA grade,Infinity Bulk,,25kg,100.25,0%,4.01/kg,
91205,Pumpkin Seeds - AA grade,Infinity Foods,,5kg,21.85,0%,4.37/kg,
91225,Sunflower Seeds,Infinity Bulk,,25kg,45.05,0%,1.80/kg,
91230,Sunflower Seeds,Infinity Foods,,5kg,10.80,0%,2.16/kg,
91245,Walnut Light Halves,Infinity Bulk,,12.5kg,83.95,0%,6.72/kg,
91250,Walnut Light Halves,Infinity Foods,,3kg,22.00,0%,7.33/kg,
91305,Chia Seed,Hodmedod's,,8x300g,20.65,0%,8.60/kg,3.45
91307,Activated Almonds,Raw Living,organic,6x200g,54.55,0%,45.46/kg,12.99
91308,Activated Brazil Nuts,Raw Living,organic,6x200g,54.55,0%,45.46/kg,12.99
91309,Activated Mixed Nuts,Raw Living,organic,6x200g,54.55,0%,45.46/kg,12.99
91310,Activated Pecan Nuts,Raw Living,organic,6x200g,62.95,0%,52.46/kg,14.99
91311,Activated Pumpkin Seeds,Raw Living,organic,6x200g,41.90,0%,34.92/kg,9.98
91312,Activated Sunflower Seeds,Raw Living,organic,6x200g,23.90,0%,19.92/kg,5.69
91315,Activated Walnuts,Raw Living,organic,6x200g,54.55,0%,45.46/kg,12.99
91577,Almonds,Zaytoun,,6x150g,26.45,0%,29.39/kg,5.88
100411,E.V Olive Oil,Biona,organic,6x750ml,64.75,0%,14.39/l,14.39
100485,Cranberries with Apple Juice,Infinity Bulk,organic,11.34kg,145.85,0%,12.86/kg,
100486,Sliced Cranberries sugar sweetened,Infinity Bulk,organic,11.34kg,110.50,0%,9.74/kg,
100487,Sliced Cranberries sugar sweetened,Infinity Foods,organic,2kg,21.00,0%,10.50/kg,
100490,Cranberries with Apple Juice,Infinity Foods,organic,2kg,27.55,0%,13.78/kg,
100495,Sour Cherries - pitted (10kg),Infinity Bulk,organic,10kg,174.15,0%,17.41/kg,
100497,Sour Cherries - pitted,Infinity Foods,organic,1kg,19.25,0%,19.25/kg,
100510,Apricots Whole,Infinity Bulk,organic,10kg,116.35,0%,11.63/kg,
100515,Apricots Whole,Infinity Foods,organic,5kg,60.15,0%,12.03/kg,
100517,Chopped Apricots,Infinity Bulk,organic,10kg,97.20,0%,9.72/kg,
100518,Chopped Apricots,Infinity Foods,organic,1kg,11.55,0%,11.55/kg,
100520,Currants,Infinity Bulk,organic,12.5kg,91.95,0%,7.36/kg,
100521,Banana Chips,Infinity Bulk,organic,6.8kg,31.10,0%,4.57/kg,
100525,Currants,Infinity Foods,organic,5kg,38.65,0%,7.73/kg,
100528,Chopped Dates,Infinity Foods,organic,1kg,5.00,0%,5.00/kg,
100530,Chopped Figs,Infinity Foods,organic,1kg,8.65,0%,8.65/kg,
100531,Dates - pitted,Infinity Foods,organic,10kg,43.60,0%,4.36/kg,
100532,Dates Select - Pitted,Infinity Bulk,organic,10kg,27.00,0%,2.70/kg,
100533,Dates Select - Pitted,Infinity Foods,organic,5kg,15.35,0%,3.07/kg,
100535,Dates - pitted,Infinity Foods,organic,5kg,23.65,0%,4.73/kg,
100537,Chopped Dates (12.5kg),Infinity Bulk,organic,12.5kg,39.75,0%,3.18/kg,
100538,Mulberries - white,Infinity Bulk,organic,10kg,139.90,0%,13.99/kg,
100539,Figs,Infinity Bulk,organic,10kg,95.95,0%,9.60/kg,
100540,Figs,Infinity Foods,organic,5kg,49.85,0%,9.97/kg,
100541,Golden Berries,Infinity Bulk,organic,20kg,390.40,0%,19.52/kg,
100542,Golden Berries,Infinity Foods,organic,1kg,21.35,0%,21.35/kg,
100543,Goji Berries,Infinity Bulk,organic,10kg,105.00,0%,10.50/kg,
100544,Mulberries - white,Infinity Foods,organic,1kg,15.85,0%,15.85/kg,
100545,Goji Berries,Infinity Foods,organic,1kg,12.35,0%,12.35/kg,
100548,Mixed Vine Fruit,Infinity Foods,organic,5kg,30.15,0%,6.03/kg,
100549,Chopped Figs,Infinity Bulk,organic,10kg,68.50,0%,6.85/kg,
100552,Ginger Crystallised,Infinity Foods,organic,5kg,31.25,20%,6.25/kg,
100555,Prunes - Pitted,Infinity Bulk,organic,12.5kg,145.25,0%,11.62/kg,
100556,Mango Strips (Brooks Variety),Infinity Bulk,organic,1kg,14.00,0%,14.00/kg,
100557,Prunes - Pitted,Infinity Foods,organic,5kg,59.90,0%,11.98/kg,
100560,Raisins - s/f oil dressed,Infinity Bulk,organic,10kg,47.50,0%,4.75/kg,
100565,Raisins - s/f oil dressed,Infinity Foods,organic,5kg,25.60,0%,5.12/kg,
100569,Mango Strips - Burkina Faso,Infinity Bulk,organic,2kg,23.60,0%,11.80/kg,
100570,Sultanas - s/f oil dressed,Infinity Bulk,organic,12.5kg,58.50,0%,4.68/kg,
100571,Mango Pieces,Infinity Bulk,organic,2kg,22.00,0%,11.00/kg,
100575,Sultanas - s/f oil dressed,Infinity Foods,organic,5kg,25.25,0%,5.05/kg,
100775,Cranberries with sugar & veg.oil,Crazy Jack,organic,7x100g,8.30,0%,11.86/kg,1.58
100779,Mango - Ready-to-Eat,Crazy Jack,organic,6x100g,11.20,0%,18.67/kg,2.49
100781,Mango - on-the-go,Crazy Jack,organic,16x30g,11.40,0%,23.75/kg,0.95
100782,Apricots - Ready-to-Eat,Crazy Jack,organic,12x200g,52.50,0%,21.88/kg,5.83
100784,Dates - Ready-to-Eat,Crazy Jack,organic,12x200g,21.60,0%,9.00/kg,2.4
100788,Figs - Ready-to-Eat,Crazy Jack,organic,12x200g,39.60,0%,16.50/kg,4.4
100790,Prunes - Ready-to-Eat,Crazy Jack,organic,12x200g,23.40,0%,9.75/kg,2.6
100800,Dried Mango - Brooks,Forest Whole Foods,organic,6x250g,24.40,0%,16.27/kg,5.42
100810,Delight Medjoul Dates from Palestine,Rift Valley Farms,,8x450g,33.05,0%,9.18/kg,5.51
100811,Delight Medjoul Dates from Palestine,Rift Valley Farms,,8x900g,59.70,0%,8.29/kg,9.95
100813,Jordanian Organic Medjoul Dates,Rift Valley Farms,organic,8x450g,46.90,0%,13.03/kg,7.82
100814,Jordanian Organic Medjoul Dates,Rift Valley Farms,organic,8x900g,82.85,0%,11.51/kg,13.81
101035,Apricots Whole Yellow - SO2,Infinity Bulk,,12.5kg,115.00,0%,9.20/kg,
101040,Apricots Whole Yellow - SO2,Infinity Foods,,5kg,47.85,0%,9.57/kg,
101055,Banana Chips,Infinity Bulk,,6.8kg,28.45,0%,4.18/kg,
101056,Cranberries sweetened with sugar,Infinity Bulk,,11.34kg,63.65,0%,5.61/kg,
101057,Cranberries sweetened with sugar,Infinity Foods,,2kg,13.00,0%,6.50/kg,
101075,Dates Chopped - some pips,Infinity Bulk,,10kg,17.00,0%,1.70/kg,
101092,Dates Pitted,Infinity Bulk,,10kg,17.60,0%,1.76/kg,
101093,Dates Pitted,Infinity Foods,,5kg,10.65,0%,2.13/kg,
101095,Medjoul Dates,Zaytoun,,5kg,50.85,0%,10.17/kg,
101115,Ginger crystallised & caster sugar,Infinity Bulk,,5kg,23.50,20%,4.70/kg,
101120,Goji Berries,Infinity Bulk,,10kg,96.80,0%,9.68/kg,
101125,Goji Berries,Infinity Foods,,1kg,11.45,0%,11.45/kg,
101140,Papaya - SO2 - with sugar,Infinity Bulk,,5kg,30.15,0%,6.03/kg,
101170,Pineapple - SO2 - with sugar,Infinity Foods,,5kg,28.60,0%,5.72/kg,
101195,Prunes - Pitted,Infinity Bulk,,12.5kg,50.00,0%,4.00/kg,
101200,Prunes - Pitted,Infinity Foods,,5kg,21.80,0%,4.36/kg,
101250,Candied Mixed Peel  - contains SO2 - bag,Suma,,1kg,6.25,0%,6.25/kg,
101251,Candied Mixed Peel  - contains SO2 - tub,Suma,,6x200g,11.90,0%,9.92/kg,2.65
102001,Sun-dried Chewy Banana Chips,Tropical Wholefoods,organic,6x150g,20.75,0%,23.06/kg,4.61
102003,Sun-dried Pineapple - FT,Tropical Wholefoods,organic,6x100g,20.75,0%,34.58/kg,4.61
102012,Sun-Dried Mango,Tropical Wholefoods,organic,6x100g,20.75,0%,34.58/kg,4.61
102105,Medjoul Dates with Stone - Boxed,Zaytoun,,6x250g,23.60,0%,15.73/kg,5.25
102109,Medjoul Dates - Shelf Ready Boxed,Zaytoun,,6x500g,44.70,0%,14.90/kg,9.95
102111,Caramelised Almonds,Zaytoun,,6x140g,24.35,20%,28.99/kg,6.58
102112,Roasted Chilli Almonds,Zaytoun,,6x140g,24.35,20%,28.99/kg,6.58
102113,Smoked Almonds,Zaytoun,,6x140g,24.35,20%,28.99/kg,6.58
130203,Buckwheat Fusilli - 100%,Amisa,organic,10x500g,35.90,0%,7.18/kg,4.79
130204,Buckwheat Spaghetti - 100%,Amisa,organic,12x500g,43.10,0%,7.18/kg,4.79
130225,Fusilli Wholegrain Rice,Amisa,organic,10x500g,26.90,0%,5.38/kg,3.59
130320,Fusilli - wholewheat,Biona,organic,12x500g,21.50,0%,3.58/kg,2.39
130322,Macaroni - wholewheat,Biona,organic,12x500g,21.50,0%,3.58/kg,2.39
130325,Penne - wholewheat,Biona,organic,12x500g,21.50,0%,3.58/kg,2.39
130330,Spaghetti - wholewheat,Biona,organic,12x500g,21.50,0%,3.58/kg,2.39
130332,Matcha Tagliatelle Nests,Biona,organic,10x250g,18.65,0%,7.46/kg,2.49
130352,Spelt Fusilli - wholemeal,Biona,organic,10x500g,22.40,0%,4.48/kg,2.99
130357,Spelt Penne - wholemeal,Biona,organic,10x500g,22.40,0%,4.48/kg,2.99
130358,Spelt Lasagne - wholemeal,Biona,organic,12x250g,28.70,0%,9.57/kg,3.19
130360,Spelt Spaghetti - wholemeal,Biona,organic,12x500g,26.90,0%,4.48/kg,2.99
130366,Brown Rice Fusilli,Freee from Doves Farm,organic,8x400g,19.45,0%,6.08/kg,3.24
130367,Brown Rice Penne,Freee from Doves Farm,organic,8x400g,19.45,0%,6.08/kg,3.24
130368,Brown Rice Spaghetti,Freee from Doves Farm,organic,9x400g,21.85,0%,6.07/kg,3.24
130369,Brown Rice Tortiglioni,Freee from Doves Farm,organic,8x400g,19.45,0%,6.08/kg,3.24
130371,Buckwheat Penne,Freee from Doves Farm,organic,8x400g,23.20,0%,7.25/kg,3.87
130372,Maize and Rice Fusilli,Freee from Doves Farm,organic,8x400g,15.80,0%,4.94/kg,2.63
130373,Maize and Rice Penne,Freee from Doves Farm,organic,8x400g,15.80,0%,4.94/kg,2.63
130374,Maize and Rice Spaghetti,Freee from Doves Farm,organic,9x400g,17.75,0%,4.93/kg,2.63
130376,Multigrain Penne,Freee from Doves Farm,organic,8x400g,19.50,0%,6.09/kg,3.25
130450,Rice Quinoa Fusilli,BioFair,organic,6x250g,17.05,0%,11.37/kg,3.79
130452,Rice Quinoa Spaghetti,BioFair,organic,12x250g,34.10,0%,11.37/kg,3.79
130705,Black Soybean Spaghetti,Explore Cuisine,organic,6x200g,13.90,0%,11.58/kg,3.09
130707,Edamame Bean Spaghetti,Explore Cuisine,organic,6x200g,13.90,0%,11.58/kg,3.09
130711,Edamame Lasagne,Explore Cuisine,organic,6x120g,13.90,0%,19.31/kg,3.09
130712,Red Lentil Elbows,Explore Cuisine,organic,6x225g,13.90,0%,10.30/kg,3.09
130713,Red Lentil Penne,Explore Cuisine,organic,6x225g,13.90,0%,10.30/kg,3.09
130715,Edamame & Mung Bean Fettuccine,Explore Cuisine,organic,6x200g,13.90,0%,11.58/kg,3.09
130924,Caserecce - twists - white,Infinity Bulk,organic,13kg,40.35,0%,3.10/kg,
130928,Malloreddos - small shell - white,Infinity Bulk,organic,14kg,42.75,0%,3.05/kg,
130930,Penne - white,Infinity Bulk,organic,11kg,37.15,0%,3.38/kg,
130970,Chickpea Penne with Corn,La Bio-Idea,organic,10x250g,25.40,0%,10.16/kg,3.39
130975,Red Lentil Fusilli,La Bio-Idea,organic,10x250g,30.40,0%,12.16/kg,4.05
130980,Wholewheat Fusilli,La Bio-Idea,organic,6kg,20.50,0%,3.42/kg,
130984,Wholewheat Macaroni,La Bio-Idea,organic,6kg,20.50,0%,3.42/kg,
130986,Wholewheat Pennette,La Bio-Idea,organic,6kg,20.50,0%,3.42/kg,
130988,Wholewheat Spaghetti,La Bio-Idea,organic,6kg,20.50,0%,3.42/kg,
130990,White Fusilli,La Bio-Idea,organic,6kg,20.50,0%,3.42/kg,
130991,White Conchigliette,La Bio-Idea,organic,6kg,20.50,0%,3.42/kg,
130992,White Macaroni,La Bio-Idea,organic,6kg,20.50,0%,3.42/kg,
130994,White Lasagne,La Bio-Idea,organic,6kg,20.85,0%,3.48/kg,
130996,White Pennette,La Bio-Idea,organic,6kg,20.50,0%,3.42/kg,
130998,White Spaghetti,La Bio-Idea,organic,6kg,20.50,0%,3.42/kg,
130999,White Tricolore Fusilli,La Bio-Idea,organic,6kg,22.50,0%,3.75/kg,
131001,Wholewheat Lasagne,La Bio-Idea,organic,12x250g,16.80,0%,5.60/kg,1.87
131003,Semi Wholewheat Busiate,La Bio-Idea,organic,6x375g,15.80,0%,7.02/kg,3.51
131004,Semi Wholewheat Lumaconi,La Bio-Idea,organic,6x375g,13.45,0%,5.98/kg,2.99
131005,Wholewheat Macaroni,La Bio-Idea,organic,12x500g,20.70,0%,3.45/kg,2.3
131006,Semi Wholewheat Paccheri,La Bio-Idea,organic,6x375g,13.45,0%,5.98/kg,2.99
131007,Wholewheat Fregola,La Bio-Idea,organic,6x400g,12.85,0%,5.35/kg,2.86
131010,Wholewheat Penne,La Bio-Idea,organic,6x500g,10.30,0%,3.43/kg,2.29
131020,Wholewheat Spaghetti,La Bio-Idea,organic,12x500g,20.70,0%,3.45/kg,2.3
131025,Wholewheat Fusilli,La Bio-Idea,organic,6x500g,10.35,0%,3.45/kg,2.3
131045,Lasagne Verde - now off offer,La Bio-Idea,organic,12x250g,16.80,0%,5.60/kg,1.87
131052,White Lasagne (no pre-cooking),La Bio-Idea,organic,12x250g,16.80,0%,5.60/kg,1.87
131304,White Fusilli,La Terra e il Cielo,organic,12x500g,17.90,0%,2.98/kg,1.99
131305,White Penne,La Terra e il Cielo,organic,12x500g,17.90,0%,2.98/kg,1.99
131306,White Spaghetti,La Terra e il Cielo,organic,12x500g,17.90,0%,2.98/kg,1.99
131307,White Tagiatelle,La Terra e il Cielo,organic,12x250g,25.10,0%,8.37/kg,2.79
131312,White Linguine (Flat Spaghetti),La Terra e il Cielo,organic,12x500g,17.90,0%,2.98/kg,1.99
131540,Chickpea Rice,Mr Organic,organic,12x250g,33.20,0%,11.07/kg,3.69
131542,Red Lentil Rice,Mr Organic,organic,12x250g,33.20,0%,11.07/kg,3.69
131545,White Fusilli,Mr Organic,organic,12x500g,22.40,0%,3.73/kg,2.49
131547,White Penne Rigate,Mr Organic,organic,12x500g,22.40,0%,3.73/kg,2.49
131548,White Spaghetti,Mr Organic,organic,12x500g,22.40,0%,3.73/kg,2.49
131549,White Tagliatelle,Mr Organic,organic,12x500g,22.40,0%,3.73/kg,2.49
131550,Whole Wheat Fusilli,Mr Organic,organic,12x500g,21.80,0%,3.63/kg,2.42
131551,Whole Wheat Penne,Mr Organic,organic,12x500g,21.80,0%,3.63/kg,2.42
131552,Whole Wheat Spaghetti,Mr Organic,organic,12x500g,21.80,0%,3.63/kg,2.42
131553,Whole Wheat Tagliatelle,Mr Organic,organic,12x500g,21.80,0%,3.63/kg,2.42
132106,Red Lentil Fusilli,Profusion,organic,8x250g,20.35,0%,10.18/kg,3.39
132111,Chickpea Fusilli,Profusion,organic,8x250g,19.75,0%,9.88/kg,3.29
132120,Yellow Lentil Lasagne Sheets,Profusion,organic,12x250g,42.20,0%,14.07/kg,4.69
132122,Chickpea Orzo,Profusion,organic,10x250g,23.15,0%,9.26/kg,3.08
132123,Red Lentil Orzo (10x250g),Profusion,organic,10x250g,23.15,0%,9.26/kg,3.08
140105,White Conchiglie,Biona,organic,12x500g,22.40,0%,3.73/kg,2.49
140110,White Farfalle,Biona,organic,12x500g,22.40,0%,3.73/kg,2.49
140115,White Fusilli,Biona,organic,12x500g,22.40,0%,3.73/kg,2.49
140120,White Fusilli Tricolore,Biona,organic,12x500g,24.20,0%,4.03/kg,2.69
140122,White Lasagne,Biona,organic,12x250g,18.80,0%,6.27/kg,2.09
140123,White Macaroni,Biona,organic,12x500g,22.40,0%,3.73/kg,2.49
140125,White Penne,Biona,organic,12x500g,22.40,0%,3.73/kg,2.49
140127,White Rigatoni,Biona,organic,12x500g,22.40,0%,3.73/kg,2.49
140130,White Spaghetti,Biona,organic,12x500g,22.40,0%,3.73/kg,2.49
140165,White Spelt Spaghetti,Biona,organic,12x500g,31.40,0%,5.23/kg,3.49
140170,White Spelt Fusilli,Biona,organic,10x500g,26.15,0%,5.23/kg,3.49
140175,White Spelt Penne,Biona,organic,10x500g,26.15,0%,5.23/kg,3.49
140177,White Spelt Tagliatelle,Biona,organic,10x250g,17.20,0%,6.88/kg,2.29
140180,White Spelt Spinach Tagliatelli,Biona,organic,10x250g,19.40,0%,7.76/kg,2.59
140300,Red Lentil & Brown Rice Fusilli,Clearspring,organic,8x250g,22.70,0%,11.35/kg,3.79
140305,Green Pea & Quinoa Fusilli,Clearspring,organic,8x250g,22.70,0%,11.35/kg,3.79
140310,Brown Rice with Quinoa & Amaranth  Penne,Clearspring,organic,8x250g,22.70,0%,11.35/kg,3.79
140320,Buckwheat Tortiglioni,Clearspring,organic,8x250g,22.70,0%,11.35/kg,3.79
140550,Corn & Rice Conchiglie,Pasta Natura,organic,4.5kg,16.35,0%,3.63/kg,
140552,Corn & Rice Fusilli,Pasta Natura,organic,4.5kg,16.20,0%,3.60/kg,
140554,Corn & Rice Penne,Pasta Natura,organic,5kg,17.85,0%,3.57/kg,
150505,White Macaroni,La Bio-Idea,organic,12x500g,20.40,0%,3.40/kg,2.27
150510,White Penne,La Bio-Idea,organic,6x500g,10.20,0%,3.40/kg,2.27
150512,White Farfalle (bows),La Bio-Idea,organic,6x275g,8.50,0%,5.15/kg,1.89
150515,White Spaghetti,La Bio-Idea,organic,12x500g,20.40,0%,3.40/kg,2.27
150520,White Fusilli,La Bio-Idea,organic,6x500g,10.20,0%,3.40/kg,2.27
150524,White Tricolore Shells,La Bio-Idea,organic,6x500g,12.95,0%,4.32/kg,2.88
150525,White Tricolore Fusilli,La Bio-Idea,organic,6x500g,12.95,0%,4.32/kg,2.88
152540,White Linguine Pasta,Seggiano,organic,12x250g,26.40,0%,8.80/kg,2.93
152545,White Tagliatelle Pasta,Seggiano,organic,12x375g,37.60,0%,8.36/kg,4.18
152550,White Toscani Pasta,Seggiano,organic,12x375g,37.60,0%,8.36/kg,4.18
152556,Tricolore Fusilli - in paper,Suma,organic,12x500g,22.40,0%,3.73/kg,2.49
152557,White Fusilli - in paper,Suma,organic,12x500g,19.30,0%,3.22/kg,2.14
152559,White Penne - in paper,Suma,organic,12x500g,19.30,0%,3.22/kg,2.14
152561,White Spaghetti - in paper,Suma,organic,12x500g,19.30,0%,3.22/kg,2.14
152563,Wholewheat Spaghetti - in paper,Suma,organic,12x500g,19.30,0%,3.22/kg,2.14
152565,Wholewheat Fusilli - in paper,Suma,organic,12x500g,19.30,0%,3.22/kg,2.14
152566,Wholewheat Penne - in paper,Suma,organic,12x500g,19.30,0%,3.22/kg,2.14
152567,Casarecce Oat Pasta - Box,Suma,organic,12x340g,26.90,0%,6.59/kg,2.99
152568,Linguine Oat Pasta - Box,Suma,organic,12x340g,28.40,0%,6.96/kg,3.16
152569,Rigatoni Oat Pasta - Box,Suma,organic,12x340g,26.90,0%,6.59/kg,2.99
169805,Soft Tortilla Wraps (6 wheat wraps),Amaizin,organic,16x240g,35.80,0%,9.32/kg,2.98
169807,Extra Fibre Tortilla Wraps (6 wheat wraps),Amaizin,organic,16x240g,35.80,0%,9.32/kg,2.98
169851,Rice & Corn Crispbread,Amisa,organic,12x120g,16.00,0%,11.11/kg,1.78
169852,Buckwheat Crispbread,Amisa,organic,12x120g,22.10,0%,15.35/kg,2.46
169853,Chestnut Crispbread,Amisa,organic,12x100g,18.30,0%,15.25/kg,2.03
169858,Focaccia Roll - White  (part baked),Amisa,organic,6x220g,20.20,0%,15.30/kg,4.49
169859,Chickpea Crispbread,Amisa,organic,12x100g,16.75,0%,13.96/kg,1.86
169860,Protein Lentil Crispbread,Amisa,organic,12x100g,17.50,0%,14.58/kg,1.94
169863,Classic Baguette French Style,Amisa,organic,9x180g,23.55,0%,14.54/kg,3.49
169865,Quinoa Fibre Plus Crispbread,Amisa,organic,12x100g,14.45,0%,12.04/kg,1.61
169870,Veggie Garden Crispbread,Amisa,organic,12x100g,14.45,0%,12.04/kg,1.61
169871,Protein Pomodoro Crispbread,Amisa,organic,12x100g,21.50,0%,17.92/kg,2.39
170110,Rye Amaranth & Quinoa Bread,Biona,organic,7x500g,14.65,0%,4.19/kg,2.79
170112,Rye Chia & Flax Bread,Biona,organic,7x500g,15.15,0%,4.33/kg,2.89
170113,Rye & Hemp Seed Bread,Biona,organic,7x500g,15.15,0%,4.33/kg,2.89
170134,Buckwheat Cakes with salt,Biona,organic,12x100g,20.60,0%,17.17/kg,2.29
170135,Corn Cakes - no salt,Biona,organic,12x110g,14.30,0%,10.83/kg,1.59
170140,Rice Cakes with salt,Biona,organic,12x100g,15.20,0%,12.67/kg,1.69
170145,Rice Cakes no salt,Biona,organic,12x100g,15.20,0%,12.67/kg,1.69
170152,Strawberry Yoghurt Coated Ricecakes,Biona,organic,12x100g,26.90,20%,22.42/kg,3.59
170153,Yoghurt Coated Ricecakes,Biona,organic,12x100g,24.65,20%,20.54/kg,3.29
170155,Spelt Cakes,Biona,organic,12x120g,16.10,0%,11.18/kg,1.79
170158,Rice Cakes with flaxseed,Biona,organic,12x100g,17.00,0%,14.17/kg,1.89
170160,Rice Cakes with quinoa,Biona,organic,12x100g,16.10,0%,13.42/kg,1.79
170162,Rye Bread,Biona,organic,7x500g,14.10,0%,4.03/kg,2.69
170165,Rye Omega Golden Linseed Bread,Biona,organic,7x500g,14.10,0%,4.03/kg,2.69
170167,Rye & Pumpkin Seed Bread,Biona,organic,7x500g,15.15,0%,4.33/kg,2.89
170168,Rye with Sunflower Bread,Biona,organic,7x500g,14.65,0%,4.19/kg,2.79
170169,Power Protein Rye Bread - made with sourdough,Biona,organic,8x375g,25.10,0%,8.37/kg,4.19
170170,Pumpernickel Bread,Biona,organic,9x500g,18.80,0%,4.18/kg,2.79
170172,Millet Bread,Biona,organic,6x250g,17.95,0%,11.97/kg,3.99
170173,Rice Bread - large,Biona,organic,6x500g,26.50,0%,8.83/kg,5.89
170174,Rice & Sunflower Seed Bread,Biona,organic,6x500g,28.30,0%,9.43/kg,6.29
170175,Vitality Rye Bread - sprouted seeds,Biona,organic,7x500g,15.15,0%,4.33/kg,2.89
170176,Rye Knäcke Original Crispbread,Biona,organic,10x200g,14.90,0%,7.45/kg,1.99
170177,Super Seed Bread,Biona,organic,9x300g,25.55,0%,9.46/kg,3.79
170178,Rye Knäcke Sesame Crispbread,Biona,organic,10x200g,16.40,0%,8.20/kg,2.19
170179,Multiseed Bread Roll Selection,Biona,organic,6x300g,17.95,0%,9.97/kg,3.99
170188,Super Seed Toasties,Biona,organic,8x350g,23.90,0%,8.54/kg,3.98
170390,Buckwheat Cakes,Fiorentini,organic,12x100g,20.80,0%,17.33/kg,2.33
170402,Brown Rice Breadcrumbs,Clearspring,organic,12x250g,43.10,0%,14.37/kg,4.79
170405,Traditional Oatcakes,Clearspring,organic,15x200g,37.00,0%,12.33/kg,3.29
170410,Sea Veg & Black Pepper Oatcakes,Clearspring,organic,15x200g,42.60,0%,14.20/kg,3.79
170457,Rice Cakes No Added Salt,Clearspring,organic,12x130g,16.10,0%,10.32/kg,1.79
170462,Rice Cakes Salted,Clearspring,organic,12x130g,16.10,0%,10.32/kg,1.79
170467,Rice Cakes Multigrain Salted,Clearspring,organic,12x130g,16.10,0%,10.32/kg,1.79
170470,Corn Cakes - salted,Clearspring,organic,12x130g,16.10,0%,10.32/kg,1.79
170530,Rye Crispbread,Clearspring,organic,10x200g,11.90,0%,5.95/kg,1.59
170532,Rye Sesame Crispbread,Clearspring,organic,10x200g,14.15,0%,7.08/kg,1.89
170533,Keto Bread Beetroot Flax,Dillon,organic,6x250g,17.95,0%,11.97/kg,3.99
170534,Keto Bread Chia Flax,Dillon,organic,6x250g,17.95,0%,11.97/kg,3.99
170535,Keto Bread Original Flax,Dillon,organic,6x250g,17.95,0%,11.97/kg,3.99
170536,Olive Gluten Free Bread,Dillon,organic,4x275g,11.95,0%,10.86/kg,3.98
170537,Seeded Gluten Free Bread,Dillon,organic,4x275g,11.95,0%,10.86/kg,3.98
170558,Keto Bagel Original Flax,Dillon,organic,6x150g,21.55,0%,23.94/kg,4.79
173001,Lentil & Pea Veggie Cakes - Caramelised Onion Chutney,Kallo,,6x122g,17.25,0%,23.57/kg,3.83
173002,Lentil & Pea Veggie Cakes - Sea Salt & Cider Vinegar,Kallo,,6x122g,17.25,0%,23.57/kg,3.83
173003,Lentil & Pea Veggie Cakes - Spinach & Pesto,Kallo,,6x122g,17.25,0%,23.57/kg,3.83
173005,Thick Salted Rice Cakes,Kallo,organic,12x130g,15.45,0%,9.90/kg,1.72
173008,Lentil & Pea Veggie Cakes - Sweet Chilli,Kallo,,6x122g,17.25,0%,23.57/kg,3.83
173010,Thick No Salt Rice Cakes,Kallo,organic,12x130g,15.40,0%,9.87/kg,1.71
173087,Dark Chocolate Rice Cake Thins,Kallo,organic,22x75g,40.90,20%,24.79/kg,2.97
173091,Milk Chocolate Rice Cake Thins,Kallo,organic,22x75g,39.70,20%,24.06/kg,2.89
173255,Classic Wheat Crispbread,Karg,organic,8x200g,19.90,0%,12.44/kg,3.32
173260,Emmental Cheese & Pumpkin Crispbread,Karg,organic,8x200g,22.15,0%,13.84/kg,3.69
173263,Pumpkin Seeds Protein Thins Crispbread,Karg,organic,14x150g,37.30,0%,17.76/kg,3.55
173275,Spelt Seeded Crispbread,Karg,organic,8x200g,22.40,0%,14.00/kg,3.73
173293,Blueberry & Vanilla Rice Cakes,Kallo,,6x131g,14.30,0%,18.19/kg,3.18
173295,Corn Cakes Thins Square Lightly Salted,Kallo,organic,12x130g,16.35,0%,10.48/kg,1.82
173296,Lentil & Pea Veggie Cakes - Beetroot,Kallo,,6x122g,17.25,0%,23.57/kg,3.83
173297,Lentil & Pea Veggie Cakes Snack Bag - Beetroot,Kallo,,12x22g,10.90,0%,41.29/kg,1.21
173300,Protein Packed Lentil Cakes,Kallo,,6x100g,11.80,0%,19.67/kg,2.62
173339,Bean & Rice Cake,IBIS,organic,12x130g,17.90,0%,11.47/kg,1.99
173340,Wholegrain Rice Cake,IBIS,organic,12x130g,16.05,0%,10.29/kg,1.78
173341,Bean & Rice Cake - with Kep sea salt,IBIS,organic,12x130g,17.90,0%,11.47/kg,1.99
173342,Wholegrain Rice Cake Kep Salt,IBIS,organic,12x130g,16.05,0%,10.29/kg,1.78
173344,Wholegrain Rice Cake Kep Salt & Kampot Pepper,IBIS,organic,12x130g,16.05,0%,10.29/kg,1.78
173390,Brown Rice Paper,King Soba,organic,10x200g,20.25,0%,10.12/kg,2.7
173392,White Rice Paper,King Soba,organic,10x200g,20.25,0%,10.12/kg,2.7
173420,Grissini Classic,Mr Organic,organic,10x150g,24.65,0%,16.43/kg,3.29
173422,Grissini with Olives,Mr Organic,organic,10x130g,24.65,0%,18.96/kg,3.29
173423,Linguette Flatbread Classic,Mr Organic,organic,10x150g,24.65,0%,16.43/kg,3.29
173424,Linguette Flatbread with Rosemary,Mr Organic,organic,10x150g,24.65,0%,16.43/kg,3.29
174705,Scottish Oatcakes,Nairn's,organic,12x250g,14.70,0%,4.90/kg,1.63
174712,Super Seeded Oatcakes,Nairn's,organic,8x200g,11.10,0%,6.94/kg,1.85
174715,Cheese Oatcakes,Nairn's,,12x200g,16.65,0%,6.94/kg,1.85
174717,Rough Oatcakes,Nairn's,,10x291g,10.05,0%,3.45/kg,1.34
174720,Fine Milled Oatcakes,Nairn's,,12x218g,11.10,0%,4.24/kg,1.23
174723,Fruit and Seed Oatcakes,Nairn's,,8x225g,11.10,0%,6.17/kg,1.85
174753,Wholegrain Scalloped Crackers - gluten-free,Nairn's,,8x160g,15.00,0%,11.72/kg,2.5
174756,Gluten-free Oatcakes,Nairn's,,8x213g,16.70,0%,9.80/kg,2.78
174759,Gluten-free Super Seeded Oatcakes,Nairn's,,8x180g,16.70,0%,11.60/kg,2.78
175305,Classic Grissini,Realfoods by Organico,organic,12x120g,25.65,0%,17.81/kg,2.85
175310,Spelt Grissini,Realfoods by Organico,organic,12x120g,28.35,0%,19.69/kg,3.15
175315,Omega3 Wholewheat & Flaxseed Grissini,Realfoods by Organico,organic,12x120g,25.65,0%,17.81/kg,2.85
175320,Sesame Grissini,Realfoods by Organico,organic,12x120g,25.65,0%,17.81/kg,2.85
175540,Rye & Flax Protein Bread,Profusion,organic,9x250g,23.55,0%,10.47/kg,3.49
175555,Hemp Sorghum Thins,Profusion,organic,12x120g,25.10,0%,17.43/kg,2.79
175560,Protein Cakes - chickpea,Profusion,organic,12x100g,22.40,0%,18.67/kg,2.49
175562,Protein Cakes - red lentil,Profusion,organic,12x100g,22.40,0%,18.67/kg,2.49
176199,Chickpea & Lentil Crackers,Rude Health,organic,8x120g,9.50,0%,9.90/kg,1.7
176206,Corn Crackers,Rude Health,organic,8x120g,11.20,0%,11.67/kg,2
176207,Multigrain Crackers,Rude Health,organic,8x100g,11.85,0%,14.81/kg,2.12
176240,Classic Lingue Handmade Flatbreads,Seggiano,,12x120g,39.15,0%,27.19/kg,4.35
176241,Tropea Onion Lingue Handmade Flatbreads,Seggiano,,12x120g,44.05,0%,30.59/kg,4.89
176242,Rosemary Lingue Handmade Flatbreads,Seggiano,,12x120g,39.15,0%,27.19/kg,4.35
176247,Classic Grissini,Seggiano,,12x150g,39.20,0%,21.78/kg,4.36
176248,Wholegrain Grissini,Seggiano,,12x150g,39.20,0%,21.78/kg,4.36
176249,Chocolate Grissini,Seggiano,,12x100g,52.95,20%,44.13/kg,7.06
176480,Sprouted Rye Bread,Everfresh,organic,8x400g,16.20,0%,5.06/kg,2.7
176482,Sprouted Spelt Bread,Everfresh,organic,8x400g,21.85,0%,6.83/kg,3.64
176510,Malted Raisin Loaf,Everfresh,organic,8x330g,13.70,0%,5.19/kg,2.28
176535,Sprouted Wheat Bread,Everfresh,organic,8x400g,16.05,0%,5.02/kg,2.68
176560,Rice Paper,Yakso,organic,15x150g,41.25,0%,18.33/kg,3.67
179189,Buckwheat Crackers,Rude Health,organic,8x100g,11.85,0%,14.81/kg,2.12
180432,Blueberry-filled Cookies,Biona,organic,12x175g,30.50,0%,14.52/kg,3.39
180434,Raspberry-filled Cookies,Biona,organic,12x175g,30.50,0%,14.52/kg,3.39
180436,Coconut Wafer Rolls Cacao,Biona,organic,12x100g,23.50,20%,19.58/kg,3.13
180437,Coconut Wafer Rolls Vanilla,Biona,organic,12x100g,22.25,20%,18.54/kg,2.97
180480,Matcha Oat Biscuits,Clearspring,organic,12x40g,13.40,0%,27.92/kg,1.49
180481,Miso Maple Oat Biscuits,Clearspring,organic,12x40g,13.40,0%,27.92/kg,1.49
180482,Sweet Date Oat Biscuits,Clearspring,organic,12x40g,13.40,0%,27.92/kg,1.49
181452,Apple Oat Bar with Sultanas,Freee from Doves Farm,organic,18x35g,11.50,0%,18.25/kg,0.85
181453,Banana & Chocolate Oat Bars,Freee from Doves Farm,organic,18x35g,11.50,0%,18.25/kg,0.85
181455,Apricot Oat Bar with Chia,Freee from Doves Farm,organic,18x35g,11.50,0%,18.25/kg,0.85
181460,Chocolate Chip Oat Bar,Freee from Doves Farm,organic,18x35g,11.50,0%,18.25/kg,0.85
181461,Cranberry Oat Bars,Freee from Doves Farm,organic,18x35g,11.50,0%,18.25/kg,0.85
181463,Coconut & Chocolate Oat Bars,Freee from Doves Farm,organic,18x35g,9.20,0%,14.60/kg,0.68
181470,Multipack Apple Oat Bar with Sultanas,Freee from Doves Farm,organic,7x4x35g,14.65,0%,14.95/kg,2.79
181472,Multipack Apricot Oat Bar with Chia,Freee from Doves Farm,organic,7x4x35g,14.65,0%,14.95/kg,2.79
181473,Multipack Banana & Chocolate Oat Bars,Freee from Doves Farm,organic,7x4x35g,14.65,0%,14.95/kg,2.79
181477,Multipack Chocolate Chip Oat Bar,Freee from Doves Farm,organic,7x4x35g,14.65,0%,14.95/kg,2.79
181478,Multipack Cranberry Oat Bars,Freee from Doves Farm,organic,7x4x35g,14.65,0%,14.95/kg,2.79
181479,Multipack Coconut & Chocolate Oat Bars,Freee from Doves Farm,organic,7x4x35g,11.70,0%,11.94/kg,2.23
181515,Wholemeal Digestive Biscuits - small,Doves Farm,organic,12x200g,12.45,0%,5.19/kg,1.38
181516,Wholemeal Digestive Biscuits - large,Doves Farm,organic,12x400g,20.65,0%,4.30/kg,2.29
181517,Fruity Oat Biscuits,Doves Farm,organic,12x200g,15.25,0%,6.35/kg,1.71
181519,Ginger Oat Biscuits,Doves Farm,organic,12x200g,17.85,0%,7.44/kg,2
181525,Lemon Zest Cookie,Freee from Doves Farm,organic,12x150g,17.80,0%,9.89/kg,1.98
181542,Stem Ginger Cookies,Freee from Doves Farm,organic,12x150g,17.80,0%,9.89/kg,1.98
182359,Digestive Biscuits With Chocolate Chips,Mr Organic,organic,12x250g,25.10,0%,8.37/kg,2.79
182360,Cocoa Biscuits,Mr Organic,organic,12x250g,23.30,0%,7.77/kg,2.59
182364,Orange Biscuits with Cocoa Beans,Mr Organic,organic,12x250g,26.90,0%,8.97/kg,2.99
182387,Mixed Berries Oat Biscuits,Nairn's,,10x200g,16.20,0%,8.10/kg,2.17
182390,Stem Ginger Oat Biscuits,Nairn's,,10x200g,16.20,0%,8.10/kg,2.17
182391,Chocolate Orange Oat Biscuits,Nairn's,,6x200g,9.70,0%,8.08/kg,2.17
182392,Dark Chocolate Chip Oat Biscuits,Nairn's,,8x200g,12.95,0%,8.09/kg,2.17
182393,Coconut & Chia Oat Biscuits,Nairn's,,10x200g,16.20,0%,8.10/kg,2.17
182396,Oat & Stem Ginger Biscuit Break,Nairn's,,12x160g,26.95,0%,14.04/kg,2.99
182397,Oats & Chocolate Chip biscuit break,Nairn's,,12x160g,26.95,0%,14.04/kg,2.99
182398,Oat & Fruit Biscuit Break,Nairn's,,12x160g,26.95,0%,14.04/kg,2.99
182470,Choc Chip Cookies - vegan,Realfoods by Organico,organic,10x110g,19.85,0%,18.05/kg,1.99
182472,Petit-Beurre Pure Butter Biscuits,Realfoods by Organico,organic,12x150g,23.85,0%,13.25/kg,2.65
182474,Speculoos Spiced Belgian Biscuits,Realfoods by Organico,organic,12x125g,23.85,0%,15.90/kg,2.65
182480,Cranberry & Orange Cookies,Sweet FA,organic,12x125g,31.25,0%,20.83/kg,3.47
182482,Double Choc Chip Cookies,Sweet FA,organic,12x125g,31.25,0%,20.83/kg,3.47
182484,Oat & Raisin Cookies,Sweet FA,organic,12x125g,31.25,0%,20.83/kg,3.47
182486,Peanut Butter Cookies,Sweet FA,organic,12x125g,31.25,0%,20.83/kg,3.47
182490,Buckwheat Digestive Biscuits - gluten-free,Seggiano,organic,6x150g,21.20,0%,23.56/kg,4.71
182492,Kamut Digestive Biscuits - vegan,Seggiano,organic,6x170g,21.20,0%,20.78/kg,4.71
182494,Spelt Digestive Biscuits,Seggiano,organic,6x150g,21.20,0%,23.56/kg,4.71
182497,Chilli Taralli,Seggiano,organic,6x150g,16.40,0%,18.22/kg,3.64
182498,Fennel Taralli,Seggiano,organic,6x150g,16.40,0%,18.22/kg,3.64
182499,Onion Taralli,Seggiano,organic,6x150g,16.40,0%,18.22/kg,3.64
182500,Taralli,Seggiano,organic,12x150g,32.80,0%,18.22/kg,3.64
182906,Assorted Oblaten Lebkuchen,Wicklein,organic,18x200g,95.70,0%,26.58/kg,7.09
182908,Chocolate Covered Lebkuchen Hearts,Wicklein,organic,18x240g,101.40,0%,23.47/kg,7.51
182909,Assorted Elisen Lebkuchen,Wicklein,organic,16x275g,161.30,0%,36.66/kg,13.44
182911,Dark Chocolate Mini-Elisen Lebkuchen,Wicklein,organic,20x150g,115.00,0%,38.33/kg,7.67
182914,DIY Gingerbread House Kit,Wicklein,organic,1x730g,17.30,0%,23.70/kg,23.07
182916,Sugar Glazed Mini-Elisen Lebkuchen,Wicklein,organic,20x150g,115.00,0%,38.33/kg,7.67
182940,Apple Crumbles,Island Bakery,organic,12x125g,33.60,0%,22.40/kg,3.73
182946,Chocolate Gingers,Island Bakery,organic,12x133g,35.20,20%,22.06/kg,4.69
182950,Lime Melts,Island Bakery,organic,12x133g,35.20,20%,22.06/kg,4.69
182952,Lemon Melts,Island Bakery,organic,12x133g,35.20,20%,22.06/kg,4.69
182954,Oat Crumbles,Island Bakery,organic,12x125g,26.85,0%,17.90/kg,2.98
182956,Orange Melts,Island Bakery,organic,12x133g,35.20,20%,22.06/kg,4.69
182957,Shortbread,Island Bakery,organic,12x125g,26.85,0%,17.90/kg,2.98
183415,Chocolate Chip Panettone (Green Box),Fraccaro,organic,6x750g,117.00,0%,26.00/kg,26
183416,Classic Panettone (Christmas Box),Fraccaro,organic,6x500g,85.80,0%,28.60/kg,19.07
183417,Cranberry Panettone (Red Box),Fraccaro,organic,6x750g,117.00,0%,26.00/kg,26
183419,Orange Cream Panettone (Beige Box),Fraccaro,organic,6x750g,117.00,0%,26.00/kg,26
183468,Biscotti - Sea Salt & Chocolate,Seggiano,,8x200g,33.90,0%,21.19/kg,5.65
183469,Cantuccini - Chocolate & Orange,Seggiano,,8x200g,33.90,0%,21.19/kg,5.65
183470,Baked Fig Ball - vegan,Seggiano,,12x200g,68.20,0%,28.42/kg,7.58
183471,Chocolate Cherry Figs - vegan,Seggiano,,12x140g,73.10,20%,43.51/kg,9.75
183473,Chocolate Clementines - vegan,Seggiano,,12x120g,71.80,20%,49.86/kg,9.57
183474,Chocolate Rum Figs - vegan,Seggiano,,12x120g,68.35,20%,47.47/kg,9.11
183475,Chocolate Panettone,Seggiano,,6x500g,83.85,0%,27.95/kg,18.63
183476,Traditional Panforte,Seggiano,,6x100g,20.80,0%,34.67/kg,4.62
183477,Classico Panettone,Seggiano,,6x500g,75.75,0%,25.25/kg,16.83
183478,Chocolate Panforte,Seggiano,,6x100g,20.80,0%,34.67/kg,4.62
183479,Fig & Walnut Panforte Slice,Seggiano,,12x200g,55.70,0%,23.21/kg,6.19
183481,Vegan Panettone,Seggiano,,6x500g,75.75,0%,25.25/kg,16.83
183484,Chestnut Panettone,Seggiano,,6x500g,87.30,0%,29.10/kg,19.4
183486,Limoncello Panettone,Seggiano,,6x500g,83.85,0%,27.95/kg,18.63
183503,Banana & Walnut Cake - Sprouted,Everfresh,organic,8x350g,26.45,0%,9.45/kg,4.41
183504,Carrot Cake with Raisins - Sprouted,Everfresh,organic,8x350g,23.85,0%,8.52/kg,3.98
183506,Chocolate Cake - Sprouted,Everfresh,organic,8x350g,24.60,0%,8.79/kg,4.1
183508,Date & Pecan Cake - Sprouted,Everfresh,organic,8x350g,28.55,0%,10.20/kg,4.76
183511,Fig & Orange Cake - Sprouted,Everfresh,organic,8x350g,24.60,0%,8.79/kg,4.1
183518,Rye Stem Ginger Cake - Sprouted,Everfresh,organic,8x350g,28.55,0%,10.20/kg,4.76
183519,Stem Ginger Cake - Sprouted,Everfresh,organic,8x350g,28.55,0%,10.20/kg,4.76
200300,Crispy Chili Oil,Amaizin,organic,6x170g,27.30,0%,26.76/kg,6.07
200397,Original Coconut Bliss Coconut Butter - small,Biona,organic,6x250g,24.25,0%,16.17/kg,5.39
200398,Original Coconut Bliss Coconut Butter - large,Biona,organic,6x400g,35.50,0%,14.79/kg,7.89
200402,Raw Virgin Coconut Oil - 800g - tub,Biona,organic,6x800g,67.45,0%,14.05/kg,14.99
200403,Avocado Oil,Biona,organic,6x250ml,34.40,0%,22.93/l,7.64
200404,Sesame Oil,Biona,organic,6x500ml,35.95,0%,11.98/l,7.99
200405,Raw Virgin Coconut Oil - 400g,Biona,organic,6x400g,37.30,0%,15.54/kg,8.29
200406,875ml Mild Coconut Oil Cuisine - tub,Biona,organic,6x875ml,34.40,0%,6.55/l,7.65
200407,610ml Mild Coconut Oil Cuisine,Biona,organic,6x610ml,27.90,0%,7.62/l,6.2
200408,470ml Mild Coconut Oil Cuisine,Biona,organic,6x470ml,22.90,0%,8.12/l,5.09
200409,Toasted Sesame Oil,Biona,organic,6x250ml,26.95,0%,17.97/l,5.99
200410,Raw Virgin Coconut Oil - 200g,Biona,organic,6x200g,21.10,0%,17.58/kg,4.69
200411,Sunflower Oil - cold pressed,Biona,organic,12x750ml,53.90,0%,5.99/l,5.99
200413,Sunflower Frying Oil,Biona,organic,12x750ml,56.60,0%,6.29/l,6.29
200414,Greek Extra Virgin Olive Oil,Biona,organic,6x500ml,44.95,0%,14.98/l,9.99
200415,Flaxseed Oil (Linseed),Biona,organic,6x250ml,21.95,20%,14.63/l,5.86
200420,Hemp Seed Oil,Biona,organic,6x250ml,26.75,0%,17.83/l,5.94
200422,Pumpkin Seed Oil,Biona,organic,6x250ml,29.80,0%,19.87/l,6.62
200425,Italian E.V. Olive Oil - 500ml,Biona,organic,6x500ml,55.75,0%,18.58/l,12.39
200427,Italian E.V. Olive Oil - 1l,Biona,organic,6x1l,98.95,0%,16.49/l,21.99
200430,MCT Oil,Biona,organic,6x250ml,40.55,0%,27.03/l,9.01
200450,Korean Toasted Sesame Oil,BOMBOM,,6x140ml,40.40,0%,48.10/l,8.98
200491,Avocado Oil,Clearspring,organic,8x250ml,45.50,0%,22.75/l,7.59
200492,Coconut Oil - virgin - 200g,Clearspring,organic,6x220ml,20.65,0%,15.64/l,4.59
200493,Coconut Oil - virgin - 400g,Clearspring,organic,6x440ml,38.65,0%,14.64/l,8.59
200496,Flax Oil (no longer VATable),Clearspring,organic,8x250ml,32.30,0%,16.15/l,5.38
200497,Hemp Oil,Clearspring,organic,8x250ml,41.40,0%,20.70/l,6.9
200500,Olive Oil - Extra Virgin - Italy,Clearspring,organic,8x250ml,44.90,0%,22.45/l,7.49
200501,Hazelnut Oil,Clearspring,organic,8x250ml,95.90,0%,47.95/l,15.98
200502,Olive Oil - Extra Virgin - Italy,Clearspring,organic,6x500ml,58.45,0%,19.48/l,12.99
200503,Olive Oil - Extra Virgin - Italy,Clearspring,organic,6x1l,103.45,0%,17.24/l,22.99
200509,Rapeseed Oil,Clearspring,organic,6x1l,35.95,0%,5.99/l,7.99
200511,Rapeseed Oil,Clearspring,organic,6x500ml,22.00,0%,7.33/l,4.89
200512,Pumpkin Seed Oil - Toasted - Styrian,Clearspring,organic,8x250ml,86.90,0%,43.45/l,14.49
200513,Safflower Oil,Clearspring,organic,6x500ml,44.95,0%,14.98/l,9.99
200515,Tunisian Olive Oil - Extra Virgin,Clearspring,organic,6x500ml,44.95,0%,14.98/l,9.99
200516,Tunisian Olive Oil - Extra Virgin,Clearspring,organic,6x1l,76.45,0%,12.74/l,16.99
200517,Sesame Oil,Clearspring,organic,6x500ml,37.75,0%,12.58/l,8.39
200518,Sesame Oil,Clearspring,organic,6x1l,69.70,0%,11.62/l,15.49
200520,Sesame Oil - Toasted,Clearspring,organic,8x250ml,35.90,0%,17.95/l,5.98
200521,Sesame Oil - Toasted,Clearspring,organic,6x150ml,20.20,0%,22.44/l,4.49
200522,Sesame Oil - Toasted,Clearspring,organic,6x500ml,44.95,0%,14.98/l,9.99
200523,Rapeseed Oil -  bag in box,Clearspring,organic,20l,75.75,0%,3.79/l,
200525,Sunflower Oil,Clearspring,organic,6x500ml,20.20,0%,6.73/l,4.49
200527,Sunflower Oil,Clearspring,organic,6x1l,33.70,0%,5.62/l,7.49
200529,Sunflower Oil - clear plastic,Clearspring,organic,1x2l,9.35,0%,4.67/l,12.46
200530,Sunflower Oil - for Frying,Clearspring,organic,6x500ml,21.55,0%,7.18/l,4.79
200532,Sunflower Oil - for Frying,Clearspring,organic,6x1l,35.05,0%,5.84/l,7.79
200534,Sunflower Oil - for Frying - clear plastic,Clearspring,organic,1x2l,10.10,0%,5.05/l,13.49
200535,Soybean Oil,Clearspring,organic,6x500ml,26.95,0%,8.98/l,5.99
200537,Walnut Oil,Clearspring,organic,8x250ml,65.90,0%,32.95/l,10.98
200544,MCT Coconut Oil,Cocofina,organic,12x250ml,74.40,0%,24.80/l,8.27
200545,Virgin Coconut Oil - glass,Cocofina,organic,6x500ml,29.70,0%,9.90/l,6.6
200546,Coconut Oil Neutral & Odourless - glass,Cocofina,organic,6x500ml,18.55,0%,6.18/l,4.12
200547,Coconut Butter - glass,Cocofina,organic,6x500g,26.00,0%,8.67/kg,5.78
200570,Olive Oil - E.V,Lesbian Donkey,organic,6x500ml,46.75,0%,15.58/l,10.39
200572,Olive Oil - E.V,Lesbian Donkey,organic,6x1l,83.45,0%,13.91/l,18.54
200575,Olive Oil - E.V,Lesbian Donkey,organic,1x5l,65.70,0%,13.14/l,87.6
200578,Kalamata Olive Oil - Extra Virgin,Mani,organic,6x500ml,51.70,0%,17.23/l,11.49
200580,Olive Oil - Extra Virgin,Mani,organic,6x500ml,51.70,0%,17.23/l,11.49
200582,Olive Oil - Extra Virgin,Mani,organic,6x1l,89.90,0%,14.98/l,19.98
200583,Olive Oil - Extra Virgin,Mani,organic,3l,38.60,0%,12.87/l,
200588,Coconut Oil - raw extra virgin - plastic tub,Coconut Merchant,organic,20l,216.45,0%,10.82/l,
200590,Coconut Oil - raw extra virgin - plastic tub,Coconut Merchant,organic,4l,46.35,0%,11.59/l,
200595,Coconut Oil - raw extra virgin - glass,Coconut Merchant,organic,12x500ml,74.50,0%,12.42/l,8.28
200620,Can of Olive Oil - Extra Virgin - Greece,Epikouros,organic,1x5l,61.40,0%,12.28/l,81.87
200622,Can of Olive Oil - Extra Virgin - Greece,Epikouros,organic,1x2l,25.25,0%,12.62/l,33.67
200630,Coconut Oil - large,Essential,organic,6x690ml,58.50,0%,14.13/l,13
200631,Mellow Yellow Cold Pressed Rapeseed Oil,Farrington's,,6x250ml,14.05,0%,9.37/l,3.12
200632,Coconut Oil - small,Essential,organic,6x210ml,20.65,0%,16.39/l,4.59
200633,Mellow Yellow Cold Pressed Rapeseed Oil,Farrington's,,6x500ml,20.80,0%,6.93/l,4.62
200634,Mellow Yellow Balsamic Vinegar Dressing,Farrington's,,6x250ml,16.15,0%,10.77/l,3.59
200635,Mellow Yellow Chilli Oil,Farrington's,,6x250ml,15.40,0%,10.27/l,3.42
200636,Mellow Yellow Ultimate Chilli Dressing,Farrington's,,6x250ml,16.15,0%,10.77/l,3.59
200637,Mellow Yellow Classic Vinaigrette,Farrington's,,6x250ml,16.15,0%,10.77/l,3.59
200638,Mellow Yellow Honey & Mustard Dressing,Farrington's,,6x250ml,16.15,0%,10.77/l,3.59
200639,Mellow Yellow Blackberry Vinaigrette,Farrington's,,6x250ml,16.15,0%,10.77/l,3.59
200640,Cold Pressed E.V. Coconut Oil,Forest Whole Foods,organic,6x500ml,35.95,0%,11.98/l,8.01
200649,Ghee,Happy Butter,organic,6x580g,85.50,0%,24.57/kg,19
200650,Ghee,Happy Butter,organic,6x300g,49.35,0%,27.42/kg,11
200654,Ghee,Happy Butter,organic,12x150g,58.30,0%,32.39/kg,6.5
200952,Olive Oil - Extra Virgin - cold pressed,Mr Organic,organic,6x750ml,67.25,0%,14.94/l,14.94
200954,Olive Oil - Extra Virgin - cold pressed,Mr Organic,organic,12x1l,200.70,0%,16.72/l,22.3
200955,Rapeseed Oil - cold pressed - gluten-free,Mr Organic,organic,6x750ml,31.45,0%,6.99/l,6.99
200958,Sunflower Oil,Mr Organic,organic,6x750ml,31.25,0%,6.94/l,6.94
201220,Black Seed Oil,Organic the Best,organic,1x100ml,6.10,0%,61.00/l,8.14
201230,Olive Oil - Extra Virgin Spanish - small,Realfoods by Organico,organic,6x500ml,53.75,0%,17.92/l,11.95
201232,Olive Oil - Extra Virgin Spanish - large,Realfoods by Organico,organic,6x1l,89.75,0%,14.96/l,19.95
201236,Rapeseed Oil,Realfoods by Organico,organic,6x500ml,22.25,0%,7.42/l,4.95
201240,Sunflower Oil,Realfoods by Organico,organic,6x500ml,22.25,0%,7.42/l,4.95
201245,Extra Virgin Olive Oil from Palestine,Rift Valley Farms,,6x750ml,76.00,0%,16.89/l,16.89
201246,Extra Virgin Olive Oil from Palestine,Rift Valley Farms,,6x500ml,53.75,0%,17.92/l,11.94
201248,Virgin Olive Oil Chilli Infused,Rift Valley Farms,,12x250ml,83.20,0%,27.73/l,9.24
201250,Infused Rapeseed Oil - woodfired Naga & Fennel,Spiced Sussex,,6x250ml,32.00,0%,21.33/l,7.11
201498,Olive Oil - Extra Virgin - Greece - glass bottle,Infinity Foods,organic,6x500ml,42.70,0%,14.23/l,9.48
201500,Olive Oil - Extra Virgin - Greece - glass bottle,Infinity Foods,organic,6x1l,79.75,0%,13.29/l,17.72
201702,Raw Greek Extra Virgin Olive Oil,Raw Health,organic,6x500ml,45.85,0%,15.28/l,10.19
202036,Pumpkin Seed Oil - cold pressed,Sun & Seed,organic,6x250ml,35.90,0%,23.93/l,7.98
202121,Palestinian Olive Oil,Zaytoun,,6x250ml,40.30,0%,26.87/l,8.96
202122,Palestinian Olive Oil,Zaytoun,,6x500ml,66.30,0%,22.10/l,14.74
202123,Palestinian Olive Oil,Zaytoun,,6x750ml,98.00,0%,21.78/l,21.78
202124,Palestinian Olive Oil,Zaytoun,,1x5l,89.70,0%,17.94/l,119.62
210510,Olive Oil Greek Extra Virgin,Hellenic Sun,,12x500ml,69.50,0%,11.58/l,7.72
210511,Olive Oil Greek Extra Virgin,Hellenic Sun,,12x750ml,94.80,0%,10.53/l,10.53
210520,Olive Oil Greek Extra Virgin - tin,Hellenic Sun,,1x3l,30.10,0%,10.03/l,40.13
210525,Olive Oil Greek Extra Virgin - tin,Hellenic Sun,,1x5l,49.55,0%,9.91/l,66.07
211105,English Truffle Oil,Truffle Hunter,,6x100ml,28.90,0%,48.17/l,6.42
211107,Black Truffle Oil,Truffle Hunter,,6x100ml,31.95,0%,53.25/l,7.1
211110,White Truffle Oil,Truffle Hunter,,6x100ml,31.95,0%,53.25/l,7.1
220597,Olive Oil Pomace - tin,Abea,,1x5l,28.60,0%,5.72/l,38.13
220598,Olive Oil Greek - Extra Virgin,Abea,organic,12x500ml,99.30,0%,16.55/l,11.03
220600,Olive Oil Greek - Extra Virgin - tin,Abea,organic,1x5l,74.55,0%,14.91/l,99.42
250150,Chocolate Spread - vegan,Biona,organic,6x350g,26.95,0%,12.83/kg,5.99
250155,Milk Chocolate Hazelnut Spread,Biona,organic,6x350g,28.75,0%,13.69/kg,6.39
250203,Smooth Almond Butter - large,Biona,organic,6x350g,53.95,0%,25.69/kg,11.99
250205,Smooth Almond Butter - small,Biona,organic,6x170g,28.30,0%,27.75/kg,6.29
250206,Crunchy Almond Butter,Biona,organic,6x170g,28.30,0%,27.75/kg,6.29
250207,White Almond Butter - unroasted,Biona,organic,6x170g,31.45,0%,30.83/kg,6.99
250209,Black Sesame Tahini - unsalted,Biona,organic,6x250g,21.10,0%,14.07/kg,4.69
250210,Cashew Butter,Biona,organic,6x170g,22.45,0%,22.01/kg,4.99
250215,Hazel Butter,Biona,organic,6x170g,34.60,0%,33.92/kg,7.69
250217,Mixed Nut Butter,Biona,organic,6x170g,20.20,0%,19.80/kg,4.49
250218,Unsalted Peanut Butter Smooth - tub,Biona,organic,6x1kg,51.70,0%,8.62/kg,11.49
250220,Unsalted Peanut Butter Smooth - large jar,Biona,organic,6x500g,28.75,0%,9.58/kg,6.39
250221,Unsalted Peanut Butter Crunchy,Biona,organic,6x250g,16.60,0%,11.07/kg,3.69
250222,Unsalted Peanut Butter Smooth - small jar,Biona,organic,6x250g,16.60,0%,11.07/kg,3.69
250223,Salted Peanut Butter Crunchy - large jar,Biona,organic,6x500g,28.75,0%,9.58/kg,6.39
250224,Salted Peanut Butter Crunchy - tub,Biona,organic,6x1kg,51.70,0%,8.62/kg,11.49
250225,Salted Peanut Butter Crunchy - small jar,Biona,organic,6x250g,16.60,0%,11.07/kg,3.69
250226,Pumpkin Seed Butter,Biona,organic,6x170g,21.10,0%,20.69/kg,4.69
250230,Smooth Peanut Butter,Carley's,organic,6x250g,14.65,0%,9.77/kg,3.37
250232,Small Raw Whole Almond Butter,Carley's,organic,6x250g,28.45,0%,18.97/kg,6.54
250233,Tahini White no salt - raw,Biona,organic,6x170g,17.50,0%,17.16/kg,3.89
250234,Raw White Almond Butter - blanched,Carley's,organic,6x170g,20.65,0%,20.25/kg,4.75
250235,Roasted Almond Butter,Carley's,organic,6x170g,20.65,0%,20.25/kg,4.75
250236,Raw Apricot Kernel & Brazil Butter,Carley's,organic,6x170g,30.20,0%,29.61/kg,6.95
250237,Cashew Butter,Carley's,organic,6x170g,19.75,0%,19.36/kg,4.55
250238,Raw Brazil Nut Butter,Carley's,organic,6x170g,30.20,0%,29.61/kg,6.95
250239,Raw Hemp & Linseed Butter,Carley's,organic,6x170g,17.15,0%,16.81/kg,3.94
250240,Hazelnut Butter,Carley's,organic,6x170g,30.00,0%,29.41/kg,6.9
250241,Raw Hempseed Butter,Carley's,organic,6x170g,25.00,0%,24.51/kg,5.76
250243,Raw Mixed Seed Butter,Carley's,organic,6x250g,19.35,0%,12.90/kg,4.45
250244,Raw Macadamia Nut Butter,Carley's,organic,6x170g,36.30,0%,35.59/kg,8.34
250245,Raw Pecan Butter,Carley's,organic,6x170g,30.20,0%,29.61/kg,6.95
250247,Raw Premium Pumpkinseed Butter,Carley's,organic,6x250g,31.55,0%,21.03/kg,7.26
250248,Raw Rainforest Nut Butter,Carley's,organic,6x170g,30.20,0%,29.61/kg,6.95
250252,Sunflower Seed Butter,Carley's,organic,6x250g,12.35,0%,8.23/kg,2.84
250253,Raw Tahini Light - small,Carley's,organic,6x250g,18.45,0%,12.30/kg,4.24
250254,Raw Tahini Dark,Carley's,organic,6x250g,16.30,0%,10.87/kg,3.75
250255,Raw Walnut Butter - small,Carley's,organic,6x170g,20.20,0%,19.80/kg,4.65
250256,Raw Cashew Butter,Carley's,organic,6x250g,36.30,0%,24.20/kg,8.34
250257,Raw Black Sesame Tahini,Carley's,organic,6x250g,17.15,0%,11.43/kg,3.95
250258,Raw Hazelnut Butter,Carley's,organic,6x250g,40.20,0%,26.80/kg,9.25
250259,Raw Pistachio & Brazil Nut Butter,Carley's,organic,6x170g,47.60,0%,46.67/kg,10.95
250262,Raw Sunflower Seed Butter,Carley's,organic,6x250g,12.35,0%,8.23/kg,2.84
250263,Pumpkin Seed Butter,Carley's,organic,6x250g,25.50,0%,17.00/kg,5.86
250267,Dark Tahini Roasted,Carley's,organic,6x250g,16.30,0%,10.87/kg,3.75
250268,Light Tahini Roasted,Carley's,organic,6x250g,18.45,0%,12.30/kg,4.25
250278,Crunchy Peanut Butter,Carley's,organic,6x250g,14.65,0%,9.77/kg,3.37
250279,Large Raw Whole Almond Butter,Carley's,organic,6x500g,52.85,0%,17.62/kg,12.15
250280,Crunchy Peanut Butter - jumbo,Carley's,organic,6x700g,36.20,0%,8.62/kg,8.33
250281,Raw Light Tahini,Carley's,organic,6x500g,35.85,0%,11.95/kg,8.24
250282,Smooth Peanut Butter - jumbo,Carley's,organic,6x700g,36.20,0%,8.62/kg,8.33
250283,Raw Dark Tahini,Carley's,organic,6x500g,28.05,0%,9.35/kg,6.45
250284,Crunchy Whole Almond Roasted Nut Butter,Carley's,organic,6x500g,52.85,0%,17.62/kg,12.15
250286,Smokey Chilli Peanut Butter,Carley's,organic,6x250g,15.85,0%,10.57/kg,3.65
250350,Crunchy Peanut Butter - salted,Clearspring,organic,6x350g,18.40,0%,8.76/kg,4.09
250351,Almond Butter Crunchy,Clearspring,organic,6x170g,26.95,0%,26.42/kg,6
250353,Almond Butter Smooth,Clearspring,organic,6x170g,26.95,0%,26.42/kg,6
250355,Smooth Peanut Butter - salted,Clearspring,organic,6x350g,18.40,0%,8.76/kg,4.09
250356,Rich Roast Peanut Butter Crunchy,Clearspring,organic,6x170g,12.10,0%,11.86/kg,2.69
250358,Rich Roast Peanut Butter Smooth,Clearspring,organic,6x170g,12.10,0%,11.86/kg,2.69
250360,Tahini Black Sesame,Clearspring,organic,6x170g,15.70,0%,15.39/kg,3.49
250362,Tahini White Sesame,Clearspring,organic,6x280g,19.30,0%,11.49/kg,4.29
250364,Tahini Whole Sesame,Clearspring,organic,6x280g,19.30,0%,11.49/kg,4.29
250606,Dark Chocolate Spread - no palm oil - vegan,Essential,organic,6x400g,27.40,0%,11.42/kg,6.09
250608,Hazelnut Chocolate Spread - no palm oil - vegan,Essential,organic,6x400g,25.15,0%,10.48/kg,5.59
251005,Vitam-R (yeast extract low salt),Essential,,6x125g,22.60,0%,30.13/kg,5.02
251010,Vitam-R (yeast extract low salt),Essential,,6x250g,39.95,0%,26.63/kg,8.88
251015,Organic Vitam-R (yeast extract low salt),Essential,organic,6x150g,58.10,0%,64.56/kg,12.91
251460,Peanut Butter Crunchy + Lion’s Mane,Lion's Den,,6x250g,21.00,0%,14.00/kg,4.67
251461,Peanut Butter Smooth + Lion’s Mane,Lion's Den,,6x250g,21.00,0%,14.00/kg,4.67
251480,Almond & Coconut Butter Smooth,Meridian,,6x170g,15.25,0%,14.95/kg,3.39
251502,Crunchy Almond Butter 100%,Meridian,,6x170g,14.80,0%,14.51/kg,3.29
251503,Smooth Almond Butter 100%,Meridian,,6x170g,14.80,0%,14.51/kg,3.29
251504,Bulk Smooth Almond Butter 100% - plastic,Meridian,,6x1kg,77.60,0%,12.93/kg,17.24
251506,Organic Smooth Almond Butter 100%,Meridian,organic,6x170g,22.55,0%,22.11/kg,5.01
251509,Organic Smooth Almond Butter 100%,Meridian,organic,6x470g,56.55,0%,20.05/kg,12.57
251511,Smooth Almond Butter 100%,Meridian,,6x470g,38.25,0%,13.56/kg,8.49
251515,Smooth Cashew Butter,Meridian,,6x170g,17.30,0%,16.96/kg,3.84
251516,Crunchy Cashew Butter,Meridian,,6x170g,17.30,0%,16.96/kg,3.84
251517,Organic Smooth Cashew Butter,Meridian,organic,6x170g,15.25,0%,14.95/kg,3.39
251520,Hazel Butter Crunchy 100%,Meridian,,6x170g,22.40,0%,21.96/kg,4.98
251523,Bulk Peanut Butter Crunchy 100% - plastic,Meridian,organic,6x1kg,41.10,0%,6.85/kg,9.13
251525,Peanut Butter Crunchy 100%,Meridian,organic,6x280g,12.95,0%,7.71/kg,2.88
251529,Bulk Peanut Butter Smooth 100% - plastic,Meridian,organic,6x1kg,41.10,0%,6.85/kg,9.13
251530,Peanut Butter Smooth 100%,Meridian,organic,6x280g,12.95,0%,7.71/kg,2.88
251565,Bulk Peanut Butter Crunchy 100% - plastic,Meridian,,6x1kg,38.20,0%,6.37/kg,8.49
251566,Peanut Butter Crunchy 100% - glass,Meridian,,6x470g,21.15,0%,7.50/kg,4.69
251570,Peanut Butter Crunchy 100% - glass,Meridian,,6x280g,14.15,0%,8.42/kg,3.14
251605,Bulk Peanut Butter Smooth 100% - plastic,Meridian,,6x1kg,38.20,0%,6.37/kg,8.49
251606,Peanut Butter Smooth 100% - glass,Meridian,,6x470g,21.15,0%,7.50/kg,4.69
251610,Peanut Butter Smooth 100% - glass,Meridian,,6x280g,14.15,0%,8.42/kg,3.14
251611,Protein Smooth Peanut Butter 100%,Meridian,,3x700g,16.40,0%,7.81/kg,7.3
251620,Light Tahini,Meridian,,6x270g,17.90,0%,11.05/kg,3.98
251623,Light Tahini,Meridian,organic,6x270g,20.20,0%,12.47/kg,4.49
251626,Peanut Butter Crunchy with Anglesey Sea Salt,Meridian,,6x280g,14.15,0%,8.42/kg,3.14
251629,Peanut Butter Smooth with Anglesey Sea Salt,Meridian,,6x280g,14.15,0%,8.42/kg,3.14
251632,Yeast Extract - no added salt,Meridian,,6x340g,26.90,0%,13.19/kg,5.98
251640,Smooth Almond Butter,Pip & Nut,,3x1kg,42.50,0%,14.17/kg,18.89
251642,Smooth Almond Butter,Pip & Nut,,6x170g,17.45,0%,17.11/kg,3.88
251644,Crunchy Peanut Butter,Pip & Nut,,3x1kg,19.65,0%,6.55/kg,8.73
251646,Crunchy Peanut Butter,Pip & Nut,,6x300g,17.30,0%,9.61/kg,3.84
251648,Smooth Peanut Butter,Pip & Nut,,3x1kg,19.65,0%,6.55/kg,8.73
251650,Smooth Peanut Butter,Pip & Nut,,6x300g,17.30,0%,9.61/kg,3.84
251652,Sweet Salty Crunchy Peanut Butter,Pip & Nut,,6x300g,17.30,0%,9.61/kg,3.84
251656,Sweet Salty Smooth Peanut Butter,Pip & Nut,,6x300g,17.30,0%,9.61/kg,3.84
252010,Natex Original Savoury Spread - Yeast Extract,Modern Health,,8x225g,23.20,0%,12.89/kg,3.87
252020,Natex Reduced Salt Yeast Extract Savoury Spread,Modern Health,,8x225g,25.55,0%,14.19/kg,4.26
252505,Chocolate Hazel Spread - Vegan,Mr Organic,organic,6x200g,22.90,0%,19.08/kg,5.09
252507,Dark Chocolate Hazel Spread - Vegan,Mr Organic,organic,6x200g,26.05,0%,21.71/kg,5.79
252805,Peanut Butter Crunchy salted,Suma,organic,6x340g,15.65,0%,7.67/kg,3.48
252807,Peanut Butter Crunchy salted,Suma,organic,6x700g,30.90,0%,7.36/kg,6.87
252810,Peanut Butter Crunchy no salt,Suma,organic,6x340g,15.65,0%,7.67/kg,3.47
252812,Peanut Butter Crunchy no salt,Suma,organic,6x700g,30.90,0%,7.36/kg,6.87
252815,Peanut Butter Smooth salted,Suma,organic,6x340g,15.65,0%,7.67/kg,3.47
252825,Peanut Butter Smooth salted,Suma,organic,6x700g,30.90,0%,7.36/kg,6.87
252827,Peanut Butter Smooth no salt,Suma,organic,6x340g,15.65,0%,7.67/kg,3.47
252830,Peanut Butter Smooth no salt,Suma,organic,6x700g,30.90,0%,7.36/kg,6.87
253003,Black Whole Tahini,Sunita,,6x170g,13.40,0%,13.14/kg,2.98
253005,"Whole Tahini (Catering tub, not for resale)",Sunita,,3kg,26.45,0%,8.82/kg,
253010,Whole Tahini,Sunita,,12x280g,29.70,0%,8.84/kg,3.3
253017,"Whole Tahini (Catering tub, not for resale)",Sunita,organic,3kg,28.55,0%,9.52/kg,
253018,Tahini Brown ORG,Sunita,organic,6x280g,18.00,0%,10.71/kg,4
253020,"Light Tahini (Catering tub, not for resale)",Sunita,organic,3kg,28.55,0%,9.52/kg,
253025,Tahini Light ORG,Sunita,organic,6x280g,18.00,0%,10.71/kg,4
253030,"Light Tahini (Catering tub, not for resale)",Sunita,,3kg,26.45,0%,8.82/kg,
253035,Light Tahini,Sunita,,12x280g,29.70,0%,8.84/kg,3.3
253391,Crunchy Hazelnut Chocolate Spread,Vego,organic,6x350g,24.70,0%,11.76/kg,5.5
253516,100% Nuts Smooth Peanut Butter,Whole Earth,,3x1kg,17.95,0%,5.98/kg,7.98
253517,100% Nuts Crunchy Peanut Butter,Whole Earth,,3x1kg,17.95,0%,5.98/kg,7.98
253518,Peanut Butter Crunchy - large,Whole Earth,organic,6x340g,20.05,0%,9.83/kg,4.46
253519,Peanut Butter Crunchy,Whole Earth,organic,6x340g,21.50,0%,10.54/kg,4.78
253520,Peanut Butter Smooth,Whole Earth,organic,6x340g,21.50,0%,10.54/kg,4.78
253521,100% Nuts Crunchy Peanut Butter,Whole Earth,,6x340g,16.00,0%,7.84/kg,3.56
253522,100% Nuts Smooth Peanut Butter,Whole Earth,,6x340g,16.00,0%,7.84/kg,3.56
253523,Original Peanut Butter Crunchy,Whole Earth,,6x340g,16.90,0%,8.28/kg,3.76
253524,Original Peanut Butter Smooth,Whole Earth,,6x340g,16.85,0%,8.26/kg,3.74
253525,Peanut Butter Crunchy,Whole Earth,,6x340g,15.15,0%,7.43/kg,3.37
253538,Peanut Butter Smooth  - large,Whole Earth,organic,6x340g,20.05,0%,9.83/kg,4.46
261205,Spring Artichoke Dip/Spread,Realfoods by Organico,organic,6x100g,14.60,0%,24.33/kg,3.25
261207,Italian Garlic Dip/Spread,Realfoods by Organico,organic,6x140g,15.50,0%,18.45/kg,3.45
261212,Roasted Pepper Dip/Spread,Realfoods by Organico,organic,6x140g,15.50,0%,18.45/kg,3.45
261221,Chocolate Hazelnut Spread,Rhythm 108,organic,6x250g,26.40,0%,17.60/kg,5.87
261222,Salted Caramel Spread - was golden blonde,Rhythm 108,organic,6x250g,26.40,0%,17.60/kg,5.87
261223,Pistachio Spread,Rhythm 108,organic,6x250g,30.80,0%,20.53/kg,6.84
261238,Apple & Cinnamon Spread,St Dalfour,,6x284g,16.65,0%,9.77/kg,3.7
261240,Apricot Spread,St Dalfour,,6x284g,16.20,0%,9.51/kg,3.6
261241,Blackberry Spread,St Dalfour,,6x284g,16.65,0%,9.77/kg,3.7
261242,Black Cherry Spread,St Dalfour,,6x284g,16.20,0%,9.51/kg,3.6
261243,Blackcurrant Spread,St Dalfour,,6x284g,16.45,0%,9.65/kg,3.66
261244,Blueberry Spread,St Dalfour,,6x284g,16.45,0%,9.65/kg,3.66
261245,Four Fruits Spread,St Dalfour,,6x284g,16.20,0%,9.51/kg,3.6
261246,Orange Spread,St Dalfour,,6x284g,16.45,0%,9.65/kg,3.66
261247,Cranberry & Blueberry Spread,St Dalfour,,6x284g,16.65,0%,9.77/kg,3.7
261248,Orange & Ginger,St Dalfour,,6x284g,16.20,0%,9.51/kg,3.6
261249,Raspberry Spread,St Dalfour,,6x284g,16.45,0%,9.65/kg,3.66
261250,Strawberry Spread,St Dalfour,,6x284g,16.45,0%,9.65/kg,3.66
261251,Mirabelle Plum Spread,St Dalfour,,6x284g,16.65,0%,9.77/kg,3.7
261254,Orchard Pear Spread,St Dalfour,,6x284g,16.65,0%,9.77/kg,3.7
261256,Strawberry & Rhubarb Spread,St Dalfour,,6x284g,16.65,0%,9.77/kg,3.7
261258,Heritage Peach Spread,St Dalfour,,6x284g,16.65,0%,9.77/kg,3.7
261507,Edamame Hummus in a jar,Suma,organic,6x135g,8.15,0%,10.06/kg,1.81
262105,Classic Pâté,Tartex,organic,12x200g,30.65,0%,12.77/kg,3.41
262120,Herb Pâté,Tartex,organic,12x200g,30.65,0%,12.77/kg,3.41
262125,Herb & Garlic Pâté,Tartex,organic,12x200g,30.65,0%,12.77/kg,3.41
262130,Mushroom Pâté,Tartex,organic,12x200g,30.65,0%,12.77/kg,3.41
262140,Garlic Jam with Red Chilli,The Garlic Farm,,6x220g,22.25,0%,16.86/kg,5.79
262142,Roast Garlic Jam,The Garlic Farm,,6x220g,21.90,0%,16.59/kg,4.87
290203,Jackfruit (young chunks) in salted water,Biona,organic,3x2.8kg,24.00,0%,2.86/kg,10.67
290205,Jackfruit (young chunks) in salted water,Biona,organic,6x400g,13.45,0%,5.60/kg,2.99
290705,Apricot Jam,Bionova,organic,6x340g,18.55,0%,9.09/kg,4.12
290720,Bilberry Jam,Bionova,organic,6x340g,24.35,0%,11.94/kg,5.42
290727,Raspberry Jam,Bionova,organic,6x340g,26.55,0%,13.01/kg,5.91
290735,Strawberry Jam,Bionova,organic,6x340g,24.35,0%,11.94/kg,5.42
290750,Orange Marmalade - mild,Bionova,organic,6x340g,18.55,0%,9.09/kg,4.13
290770,Beetroot Horseradish Spread,Bonsan,organic,6x130g,11.45,0%,14.68/kg,2.54
290774,Red Pepper & Cashew Spread,Bonsan,organic,6x130g,11.45,0%,14.68/kg,2.54
290775,Toscana Style - cream cheese alternative,Bonsan,organic,6x135g,11.05,0%,13.64/kg,2.46
290786,Mylk Hazelnut Cocoa Spread - no palm oil,Bonsan,organic,6x350g,26.95,0%,12.83/kg,5.99
290900,Romagna Apricot 100% fruit spread,FruTeto Italia,organic,6x215g,15.90,0%,12.33/kg,3.53
290901,Campanian Strawberry 100% fruit spread,FruTeto Italia,organic,6x215g,15.90,0%,12.33/kg,3.53
290902,Sicilian Orange with Ginger & Turmeric,FruTeto Italia,organic,6x215g,15.90,0%,12.33/kg,3.53
290903,Super Berries with Açai,FruTeto Italia,organic,6x215g,17.70,0%,13.72/kg,3.93
290904,Wild Blueberry 100% fruit spread,FruTeto Italia,organic,6x215g,19.80,0%,15.35/kg,4.4
290906,Morello Cherry 100% fruit spread,FruTeto Italia,organic,6x215g,17.70,0%,13.72/kg,3.93
290921,Jingleberry xmas spiced strawberry spread,FruTeto Italia,organic,6x250g,19.60,0%,13.07/kg,4.36
290941,Kalamata Olive Pâté,Hellenic Sun,organic,6x200g,14.10,0%,11.75/kg,3.13
290942,Polana Raspberry 100% fruit spread,FruTeto Italia,organic,6x215g,17.80,0%,13.80/kg,3.96
292300,Apricot Spread,Biona,organic,6x250g,16.60,0%,11.07/kg,3.69
292302,Forest Fruit Spread,Biona,organic,6x250g,20.65,0%,13.77/kg,4.59
292304,Orange Fruit Spread,Biona,organic,6x250g,14.35,0%,9.57/kg,3.19
292308,Strawberry Spread,Biona,organic,6x250g,17.05,0%,11.37/kg,3.79
292505,Pear & Apple Spread,Suma,,12x300g,35.20,0%,9.78/kg,3.91
292822,Red Chilli Jelly,Ouse Valley,,6x227g,21.60,0%,15.86/kg,4.8
292831,Lemon Marmalade with Lavender,Ouse Valley,,6x227g,18.00,0%,13.22/kg,4
292833,Orange Marmalade,Ouse Valley,,6x227g,18.00,0%,13.22/kg,4
292837,Seville Marmalade,Ouse Valley,,6x227g,18.00,0%,13.22/kg,4
292839,Orange Marmalade with Molasses & Rum,Ouse Valley,,6x227g,18.00,0%,13.22/kg,4
292840,Christmas Pudding Marmalade,Ouse Valley,,6x227g,21.35,0%,15.68/kg,4.74
292841,Cranberry & Blackcurrant Conserve with Port,Ouse Valley,,6x227g,21.90,0%,16.08/kg,4.87
292842,Fairy Cranberry Silver Jelly,Ouse Valley,,6x100g,22.00,0%,36.67/kg,4.89
292844,Fairy Elderflower Gold Jelly,Ouse Valley,,6x100g,22.00,0%,36.67/kg,4.89
292846,Stem Ginger Jam,Ouse Valley,,6x227g,20.00,0%,14.68/kg,4.44
292848,A Very Merry Chutney,Ouse Valley,,6x227g,21.35,0%,15.68/kg,4.74
293290,Cranberry Sauce with Orange & Spices jar,Roots & Wings,organic,6x200g,17.45,0%,14.54/kg,3.88
293292,Redcurrant Sauce with Port,Roots & Wings,organic,6x200g,17.40,0%,14.50/kg,3.87
293353,Lemon Curd - contains egg,Thursday Cottage,organic,6x310g,20.50,0%,11.02/kg,4.56
293355,Marmalade - Orange - medium cut,Thursday Cottage,organic,6x340g,18.80,0%,9.22/kg,4.18
293357,Marmalade - Orange & Mandarin - fine cut,Thursday Cottage,organic,6x340g,18.80,0%,9.22/kg,4.18
293359,Plum Jam,Thursday Cottage,organic,6x340g,20.50,0%,10.05/kg,4.56
293362,Raspberry Jam,Thursday Cottage,organic,6x340g,20.50,0%,10.05/kg,4.56
293365,Strawberry Jam,Thursday Cottage,organic,6x340g,20.50,0%,10.05/kg,4.56
293368,Christmas Chutney,Thursday Cottage,,6x112g,9.00,0%,13.39/kg,2
293369,Mincemeat,Thursday Cottage,,6x340g,18.30,0%,8.97/kg,4.07
293382,Reduced Sugar Marmalade - Orange,Thursday Cottage,,6x315g,14.85,0%,7.86/kg,3.31
293395,Reduced Sugar Jam - Strawberry,Thursday Cottage,,6x315g,15.85,0%,8.39/kg,3.52
293406,Black Truffle Pâté,Truffle Hunter,,6x170g,55.40,0%,54.31/kg,12.31
295026,Wild Cranberry Sauce,Wilkin & Sons,,6x210g,12.90,0%,10.24/kg,2.87
310401,Large Agave - Light syrup,Biona,organic,6x700g,33.25,0%,7.92/kg,7.39
310402,Small Agave Nectar - Light syrup,Biona,organic,6x350g,17.95,0%,8.55/kg,3.99
310405,Agave Nectar - Dark syrup,Biona,organic,6x350g,18.85,0%,8.98/kg,4.19
310410,Rice Syrup,Biona,organic,6x350g,19.75,0%,9.40/kg,4.39
310415,Date Syrup,Biona,organic,6x350g,19.75,0%,9.40/kg,4.39
311003,Barley Malt Syrup,Clearspring,organic,6x300g,16.60,0%,9.22/kg,3.69
311004,Coconut Blossom Syrup,Clearspring,organic,6x300g,22.45,0%,12.47/kg,4.99
311005,Date Syrup,Clearspring,organic,6x300g,17.50,0%,9.72/kg,3.89
311006,Oat Syrup,Clearspring,organic,6x300g,17.95,0%,9.97/kg,3.99
311008,Rice Malt Syrup,Clearspring,organic,6x300g,16.60,0%,9.22/kg,3.69
311510,Bulk Agave Syrup,Do-It,organic,25kg,110.00,0%,4.40/kg,
311512,Corn Syrup,Do-It,organic,25kg,100.00,0%,4.00/kg,
311520,Bulk Malt Extract,Do-It,organic,25kg,96.00,0%,3.84/kg,
311590,Coconut Nectar - honey alternative,Coconut Merchant,organic,12x300g,36.70,0%,10.19/kg,4.08
312020,Chicory Fibre Syrup,Dillon,,6x230g,28.75,0%,20.83/kg,6.39
313105,Honey Clear,Essential,organic,3.18kg,22.00,0%,6.92/kg,
313110,Honey Set,Essential,organic,3.18kg,22.00,0%,6.92/kg,
313301,Pure Honey - clear,GFM,organic,6x340g,22.45,0%,11.00/kg,4.99
313302,Acacia Honey - clear,GFM,organic,6x340g,26.95,0%,13.21/kg,5.99
313307,Blossom Honey - clear,GFM,organic,3kg,26.60,0%,8.87/kg,
313311,Honey & Royal Jelly - clear,GFM,organic,3x230g,13.00,0%,18.84/kg,5.78
313315,Forest Honey - clear,GFM,organic,6x340g,26.95,0%,13.21/kg,5.99
313318,Manuka Honey NPA 10+,GFM,organic,3x230g,53.95,0%,78.19/kg,23.99
313325,"Vitacomplex - honey, pollen, royal jelly & propolis",GFM,organic,3x230g,14.15,0%,20.51/kg,6.3
313330,Pollen Granules,GFM,organic,3x110g,14.60,0%,44.24/kg,6.49
313375,Carob Powder,Hambleden,organic,6x150g,20.35,0%,22.61/kg,4.52
313605,Agave Syrup - bottle,Yakso,organic,6x240ml,26.55,0%,18.44/l,5.91
313610,Agave Syrup - plastic,Yakso,organic,1x5l,65.55,0%,13.11/l,87.45
314205,Acacia Honey,Green Valleys,,6x400g,33.30,0%,13.88/kg,7.4
314207,Buckwheat Honey,Green Valleys,,6x400g,33.30,0%,13.88/kg,7.4
314210,Forest Honey,Green Valleys,,6x400g,33.30,0%,13.88/kg,7.4
314212,Heather Honey,Green Valleys,,6x400g,35.60,0%,14.83/kg,7.9
314215,Lime (Linden) Honey,Green Valleys,,6x400g,33.30,0%,13.88/kg,7.4
314220,Bee Pollen,Green Valleys,,6x100g,25.80,0%,43.00/kg,5.71
314505,Barley Malt Extract,Rayners,organic,6x340g,24.65,0%,12.08/kg,5.48
314507,Barley Malt Extract - tub,Rayners,organic,5kg,35.50,0%,7.10/kg,
314510,Black Treacle,Rayners,organic,6x340g,16.85,0%,8.26/kg,3.74
314512,Black Treacle - tub,Rayners,organic,5kg,24.35,0%,4.87/kg,
314516,Golden Syrup,Rayners,organic,6x340g,24.70,0%,12.11/kg,5.49
314527,Golden Syrup - tub,Rayners,organic,5kg,35.20,0%,7.04/kg,
314530,Acacia Raw Honey,Seggiano,,6x500g,63.60,0%,21.20/kg,14.13
314532,Chestnut Raw Honey,Seggiano,,6x500g,52.80,0%,17.60/kg,11.73
314534,Orange Blossom Honey,Seggiano,,6x500g,50.40,0%,16.80/kg,11.2
314535,Wildflower Raw Honey,Seggiano,,6x500g,52.80,0%,17.60/kg,11.73
315008,Blackstrap Molasses - Fair Trade,Meridian,organic,6x600g,17.00,0%,4.72/kg,3.78
315010,Blackstrap Molasses - Fair Trade,Meridian,organic,6x350g,11.60,0%,5.52/kg,2.58
315025,Malt Extract - non org,Meridian,,6x370g,16.60,0%,7.48/kg,3.69
315060,Pomegranate Molasses,Odysea,,6x250ml,21.95,0%,14.63/l,4.88
315065,Raw Buckwheat Honey,Morgiel,organic,6x390g,53.10,0%,22.69/kg,11.8
315066,Raw Forest Honey,Morgiel,organic,6x300g,53.10,0%,29.50/kg,11.8
315067,Raw Goldenrod Honey,Morgiel,organic,6x390g,53.10,0%,22.69/kg,11.8
315605,Raw Acacia Honey - squeezy bottle,Raw Health,organic,6x350g,30.10,0%,14.33/kg,6.69
315610,Raw Forest Honey - squeezy bottle,Raw Health,organic,6x350g,32.80,0%,15.62/kg,7.29
315615,Raw Pure Blossom Creamy Honey - squeezy bottle,Raw Health,organic,6x350g,28.30,0%,13.48/kg,6.29
316505,Maple Syrup - glass,Shady Maple Farms,organic,12x250ml,81.90,0%,27.30/l,9.1
316515,Maple Syrup - amber grade A - glass,St Lawrence Gold,organic,12x330g,55.30,0%,13.96/kg,6.14
316516,Maple Syrup - dark grade A - glass,St Lawrence Gold,organic,12x330g,55.30,0%,13.96/kg,6.14
316517,Maple Syrup - amber grade A - plastic jug,St Lawrence Gold,organic,12x500ml,102.85,0%,17.14/l,11.43
316518,Maple Syrup - amber grade A - plastic jug,St Lawrence Gold,organic,1x1l,16.55,0%,16.55/l,22.07
316520,Maple Syrup - very dark grade A - plastic pail,St Lawrence Gold,organic,20l,341.50,0%,17.07/l,
316521,Maple Syrup - dark grade A - bag in box,St Lawrence Gold,organic,5l,69.30,0%,13.86/l,
316524,Pure Maple Butter,St Lawrence Gold,organic,12x160g,57.60,0%,30.00/kg,6.4
320502,Natural Golden Icing Sugar,Billingtons,,10x500g,16.05,0%,3.21/kg,2.14
320505,Golden Granulated Sugar,Billingtons,,10x1kg,22.65,0%,2.26/kg,3.02
320508,Golden Granulated Sugar,Billingtons,,25kg,53.30,0%,2.13/kg,
320510,Demerara Sugar,Billingtons,,10x500g,12.00,0%,2.40/kg,1.6
320512,Demerara Sugar,Billingtons,,4x3kg,24.00,0%,2.00/kg,8
320515,Demerara Sugar,Billingtons,,25kg,61.65,0%,2.47/kg,
320520,Light Muscovado Sugar,Billingtons,,10x500g,12.00,0%,2.40/kg,1.6
320523,Light Muscovado Sugar,Billingtons,,25kg,46.65,0%,1.87/kg,
320525,Dark Muscovado Sugar,Billingtons,,10x500g,14.30,0%,2.86/kg,1.91
320530,Fine Golden Caster Sugar,Billingtons,,25kg,51.15,0%,2.05/kg,
320535,Molasses Sugar,Billingtons,,5x500g,6.40,0%,2.56/kg,1.71
320540,Golden Caster Sugar,Billingtons,,10x1kg,23.20,0%,2.32/kg,3.09
320715,Organic Granulated,Billingtons,organic,10x500g,12.80,0%,2.56/kg,1.71
320720,Organic Light Granulated,Billingtons,organic,25kg,51.65,0%,2.07/kg,
320725,Organic Golden Caster Sugar,Billingtons,organic,10x500g,17.95,0%,3.59/kg,2.39
320727,Organic Fine Golden (Caster) Sugar,Billingtons,organic,25kg,86.25,0%,3.45/kg,
320738,Organic Icing Sugar - white,Billingtons,organic,25kg,89.50,0%,3.58/kg,
320805,Total Sweet granulated sweetener - large,Total Sweet,,6x1kg,52.00,0%,8.67/kg,11.56
320810,Total Sweet granulated sweetener - small,Total Sweet,,6x225g,14.00,0%,10.37/kg,3.11
321105,Maple Syrup  - glass,Vertmont,organic,6x250ml,23.65,0%,15.77/l,5.25
321115,Single Maple Syrup  - plastic jug,Vertmont,organic,1x1l,14.95,0%,14.95/l,19.95
321255,Coconut Palm Sugar - small,Biona,organic,8x250g,20.90,0%,10.45/kg,3.48
321260,Coconut Palm Sugar - large,Biona,organic,5x500g,21.30,0%,8.52/kg,5.68
321310,Rapadura Whole Cane Sugar,Biona,organic,5x500g,20.55,0%,8.22/kg,5.48
321386,Extra Light Granulated Sugar,Syramena,organic,25kg,55.50,0%,2.22/kg,
321399,Extra Light Granulated Sugar - Infinity Foods,Infinity Foods,organic,5kg,12.90,0%,2.58/kg,
321400,Extra Light Granulated Sugar - Infinity Foods,Infinity Foods,organic,6x500g,10.65,0%,3.55/kg,2.37
321415,Coconut Palm Sugar,Infinity Bulk,organic,20kg,78.35,0%,3.92/kg,
321417,Coconut Palm Sugar,Infinity Foods,organic,5kg,21.45,0%,4.29/kg,
321418,Coconut Palm Sugar,Infinity Foods,organic,6x500g,16.15,0%,5.38/kg,3.6
321440,Stevia Powder - Guayapi (single),Food Alive,,1x50g,6.60,0%,132.00/kg,8.8
321441,Raw Acacia Honey,Forest Whole Foods,organic,6x500g,40.45,0%,13.48/kg,8.99
321442,Raw Lavender Honey,Forest Whole Foods,organic,6x500g,40.45,0%,13.48/kg,8.99
321443,Raw Wildflower Honey,Forest Whole Foods,organic,6x500g,40.45,0%,13.48/kg,8.99
321444,Raw Linden Honey,Forest Whole Foods,organic,6x500g,40.45,0%,13.48/kg,8.99
321445,Date Sugar,Forest Whole Foods,organic,6x500g,26.95,0%,8.98/kg,5.99
321451,Sucanat - Soft Whole Cane Sugar,Pronatec,organic,25kg,84.70,0%,3.39/kg,
321475,Wildflower & Manuka Honey,Taylor Pass,,1x250g,6.25,0%,25.00/kg,8.99
321476,ManukaMGO 50+ Honey Blend,Taylor Pass,,1x250g,6.25,0%,25.00/kg,8.99
321477,Manuka UMF 5+,Taylor Pass,,1x250g,9.05,0%,36.20/kg,12.99
321478,Manuka UMF 10+,Taylor Pass,,1x250g,12.60,0%,50.40/kg,17.99
321479,Manuka UMF 12+,Taylor Pass,,1x250g,17.50,0%,70.00/kg,24.99
321481,Manuka UMF 15+,Taylor Pass,,1x250g,21.00,0%,84.00/kg,29.99
321495,Crystallised Coconut Nectar,Tiana,organic,1x250g,4.15,0%,16.60/kg,5.55
321613,Ukrainian Sunflower Honey - jar,Wainwright's,,6x380g,20.00,0%,8.77/kg,4.46
321614,Zambian Forest Honey - clear - jar,Wainwright's,organic,6x380g,20.00,0%,8.77/kg,4.46
321616,Zambian Forest Honey - clear - tub,Wainwright's,organic,1x3.18kg,22.60,0%,7.11/kg,30.15
321618,Zambian Forest Honey - set - jar,Wainwright's,organic,6x380g,20.00,0%,8.77/kg,4.46
321620,Zambian Forest Honey - set - tub,Wainwright's,organic,1x3.18kg,22.60,0%,7.11/kg,30.15
350010,Sweet Corn,Amaizin,organic,12x200g,10.65,0%,4.44/kg,1.18
350100,Gherkins - Sweet & Sour,Clearspring,demeter,6x680g,26.95,0%,6.61/kg,5.98
350102,Apple Sauce - 100% apple purée,Clearspring,demeter,6x360g,8.50,0%,3.94/kg,1.89
350103,Chickpeas,Clearspring,demeter,6x350g,8.95,0%,4.26/kg,1.99
350105,French Beans,Clearspring,demeter,6x340g,8.95,0%,4.39/kg,1.99
350106,Baked Beans - unsweetened,Clearspring,demeter,6x350g,10.80,0%,5.14/kg,2.4
350107,Garden Peas,Clearspring,demeter,6x350g,10.75,0%,5.12/kg,2.39
350108,Lentils,Clearspring,demeter,6x360g,8.50,0%,3.94/kg,1.89
350109,Red Cabbage,Clearspring,demeter,6x355g,9.85,0%,4.62/kg,2.19
350110,Sauerkraut,Clearspring,demeter,6x360g,8.95,0%,4.14/kg,1.99
350112,Silverskin Onions - sweet & sour,Clearspring,demeter,6x340g,17.50,0%,8.58/kg,3.88
350116,Sweetcorn,Clearspring,organic,6x350g,9.85,0%,4.69/kg,2.19
350120,Broad Beans,Clearspring,demeter,6x350g,12.35,0%,5.88/kg,2.74
350125,Azuki Beans,Clearspring,organic,6x350g,9.90,0%,4.71/kg,2.2
350127,Baked Beans - unsweetened,Clearspring,organic,6x350g,10.30,0%,4.90/kg,2.29
350128,Bean Sprouts,Clearspring,organic,6x330g,12.55,0%,6.34/kg,2.79
350129,Button Mushrooms,Clearspring,organic,6x280g,16.15,0%,9.61/kg,3.58
350130,Carrots & Peas,Clearspring,demeter,6x350g,11.65,0%,5.55/kg,2.59
350133,Red Kidney Beans,Clearspring,organic,6x350g,8.95,0%,4.26/kg,1.99
350135,Mixed Beans,Clearspring,organic,6x350g,8.50,0%,4.05/kg,1.89
350205,Mango Chutney,Geo-Organics,organic,6x370g,21.75,0%,9.80/kg,4.83
350300,Green Olives,Epikouros,organic,6x200g,16.00,0%,13.33/kg,3.56
350305,Green Olives Pitted,Epikouros,organic,6x170g,16.95,0%,16.62/kg,3.77
350307,Green Peppers - in brine,Epikouros,organic,6x310g,15.90,0%,8.55/kg,3.53
350310,Kalamata Olives,Epikouros,organic,6x200g,17.60,0%,14.67/kg,3.91
350315,Kalamata Olives Pitted,Epikouros,organic,6x170g,18.55,0%,18.19/kg,4.12
350320,Mixed Olives,Epikouros,organic,6x200g,16.95,0%,14.12/kg,3.77
350325,Mixed Olives Pitted,Epikouros,organic,6x170g,17.90,0%,17.55/kg,3.98
350330,Kalamata Pitted Olives in brine - unpasteurised,Epikouros,organic,3kg,28.00,0%,9.33/kg,
350336,Green 'Konservolea' Pitted Olives - unpasteurised,Epikouros,organic,3kg,22.00,0%,7.33/kg,
350340,Chipotle Shiitake Relish,Lion's Den,,6x220g,18.15,0%,13.75/kg,4.03
350370,Green olives al naturale,Mani,organic,6x205g,17.90,0%,14.55/kg,3.98
350374,Green & Kalamata olives al naturale with chili,Mani,organic,6x205g,17.90,0%,14.55/kg,3.98
350375,Kalamata olives al naturale,Mani,organic,6x205g,17.90,0%,14.55/kg,3.98
350380,Kalamata olives in e.v. olive oil,Mani,organic,6x280g,22.40,0%,13.33/kg,4.98
350382,Green & Kalamata pitted olives al naturale,Mani,organic,6x175g,17.90,0%,17.05/kg,3.98
350385,Capers in e.v. olive oil,Mani,organic,6x180g,22.40,0%,20.74/kg,4.98
350387,Mixed pitted olives al naturale with herbs,Mani,organic,6x175g,17.90,0%,17.05/kg,3.98
350388,Mixed pitted olives al naturale with rosemary,Mani,organic,6x175g,17.90,0%,17.05/kg,3.98
350390,Olive Paste,Mani,organic,6x180g,20.15,0%,18.66/kg,4.48
350393,Sun-dried Tomatoes in e.v. olive oil,Mani,organic,6x180g,22.40,0%,20.74/kg,4.98
350395,Sun-dried Tomato Paste,Mani,organic,6x180g,20.15,0%,18.66/kg,4.48
350400,Beetroot & Horseradish Relish,Morgiel,organic,6x300g,14.00,0%,7.78/kg,3.33
350401,Pickled Bay Bolete Mushrooms,Morgiel,organic,6x300g,28.55,0%,15.86/kg,6.8
350402,Pickled Baby Beetroots,Morgiel,organic,6x300g,14.00,0%,7.78/kg,3.33
350403,Pickled Cep Mushrooms,Morgiel,organic,6x300g,42.85,0%,23.81/kg,10.2
350404,Pickled Gherkins with Red Peppers,Morgiel,organic,6x670g,17.60,0%,4.38/kg,4.19
350406,Plain Sauerkraut,Morgiel,organic,6x680g,14.00,0%,3.43/kg,3.33
350408,Sauerkraut with Carrot,Morgiel,organic,6x680g,14.00,0%,3.43/kg,3.33
350410,Gherkins in Brine,Morgiel,organic,6x820g,18.40,0%,3.74/kg,4.38
350430,Grilled Artichoke Antipasti,Mr Organic,organic,5x190g,20.55,0%,21.63/kg,5.49
350434,Grilled Peppers Antipasti,Mr Organic,organic,5x190g,16.80,0%,17.68/kg,4.49
350438,Sundried Tomatoes & Capers Antipasti,Mr Organic,organic,5x190g,16.80,0%,17.68/kg,4.49
350595,Bean Chilli - Mexican Style,Biona,organic,6x350g,13.35,0%,6.36/kg,2.97
350597,Chickpea Coconut Curry,Biona,organic,6x350g,13.35,0%,6.36/kg,2.97
350598,Chickpea Tagine Moroccan Style,Biona,organic,6x350g,13.35,0%,6.36/kg,2.97
350602,Artichoke Hearts,Biona,organic,6x200g,22.00,0%,18.33/kg,4.89
350603,Aubergine Pesto,Biona,organic,6x140g,16.15,0%,19.23/kg,3.59
350604,Kimchi - Hot & Chunky,Biona,organic,6x350g,24.25,0%,11.55/kg,5.39
350606,Baked Beans Hot & Spicy,Biona,organic,6x350g,13.35,0%,6.36/kg,2.97
350607,Aduki Beans,Biona,organic,6x350g,10.30,0%,4.90/kg,2.29
350608,Black Beans,Biona,organic,6x350g,9.85,0%,4.69/kg,2.19
350609,Italian Sliced Green Olives in brine,Biona,organic,5x280g,14.55,0%,10.39/kg,3.88
350610,Beetroot - sliced,Biona,organic,6x340g,9.85,0%,4.83/kg,2.19
350611,Bella Di Cerignola Green Olives in brine,Biona,organic,5x280g,12.70,0%,9.07/kg,3.39
350614,Capers in E.V. Olive Oil,Biona,organic,6x120g,23.35,0%,32.43/kg,5.19
350615,Cornichons (baby gherkins),Biona,organic,6x330g,22.45,0%,11.34/kg,4.99
350616,Capers in wine vinegar,Biona,organic,6x140g,14.35,0%,17.08/kg,3.19
350617,Peranzana Black Olives in brine,Biona,organic,5x280g,13.80,0%,9.86/kg,3.68
350618,Greek Queen Green Olives stuffed with garlic in brine,Biona,organic,6x370g,16.60,0%,7.48/kg,3.69
350620,Gherkins Sweet Sour - small,Biona,organic,6x350g,24.70,0%,11.76/kg,5.49
350622,Kimchi,Biona,organic,6x350g,22.45,0%,10.69/kg,4.99
350623,Gherkins Sweet Sour  - large,Biona,organic,6x680g,27.85,0%,6.83/kg,6.19
350624,Red Cabbage,Biona,demeter,6x350g,10.75,0%,5.12/kg,2.39
350625,Sauerkraut - small,Biona,organic,6x360g,11.20,0%,5.19/kg,2.5
350627,Sauerkraut - large,Biona,organic,6x680g,17.05,0%,4.18/kg,3.79
350630,Sweetcorn - jar,Biona,organic,6x350g,11.20,0%,5.33/kg,2.49
350631,Sauerkraut -Beetroot,Biona,organic,6x350g,11.65,0%,5.55/kg,2.6
350633,Golden Turmeric Sauerkraut,Biona,organic,6x350g,11.65,0%,5.55/kg,2.6
350634,Grilled Artichoke Hearts - in oil,Biona,organic,5x190g,18.70,0%,19.68/kg,4.99
350635,Grilled Red Pepper - in oil,Biona,organic,5x190g,14.60,0%,15.37/kg,3.89
350636,Italian Pitted Black Olives - in brine,Biona,organic,5x280g,14.20,0%,10.14/kg,3.79
350637,Italian Pitted Green Olives - in brine,Biona,organic,5x280g,14.20,0%,10.14/kg,3.79
350638,Sun Dried Soft Tomatoes - in oil,Biona,organic,5x190g,15.70,0%,16.53/kg,4.19
350639,Greek Queen Green Olives stuffed with pepper in brine,Biona,organic,6x370g,16.60,0%,7.48/kg,3.69
350640,Greek Queen Green Olives stuffed with jalapeno in brine,Biona,organic,6x370g,16.60,0%,7.48/kg,3.69
350642,Kalamata Olives pitted - in brine,Biona,organic,6x370g,16.60,0%,7.48/kg,3.69
350731,Caesar Dressing,Bonsan,organic,6x310ml,21.55,0%,11.59/l,4.79
350735,Green Pesto - bright & zesty,Bonsan,organic,6x130g,17.95,0%,23.01/kg,3.99
350741,Sweet Mustard Dressing,Bonsan,organic,6x310ml,20.65,0%,11.10/l,4.59
350750,Worcester Sauce,Bonsan,organic,6x140ml,19.30,0%,22.98/l,4.29
351675,Peppers - grilled - in e.v. olive oil,Realfoods by Organico,organic,5x190g,15.90,0%,16.74/kg,4.25
351680,Artichoke Hearts in sunflower oil,Realfoods by Organico,organic,5x190g,18.55,0%,19.53/kg,4.95
351686,Sundried Tomatoes in Oil,Realfoods by Organico,organic,5x190g,18.15,0%,19.11/kg,4.85
351695,Capers in brine - large,Realfoods by Organico,organic,12x250g,40.05,0%,13.35/kg,4.45
351696,Capers in brine - small,Realfoods by Organico,organic,12x100g,23.85,0%,19.88/kg,2.65
351750,Kalamata Olives pitted in brine and wine vinegar,Realfoods by Organico,organic,6x230g,15.50,0%,11.23/kg,3.45
351751,Green & Greek Olives pitted in brine,Realfoods by Organico,organic,6x230g,15.50,0%,11.23/kg,3.45
351775,Mixed Vegetable Antipasti,Seggiano,,6x500g,65.60,0%,21.87/kg,14.58
351776,Oven Roasted Tomatoes in EVOO,Seggiano,organic,6x280g,50.40,0%,30.00/kg,11.2
351778,Roasted Artichoke Hearts in EVOO,Seggiano,,6x380g,51.60,0%,22.63/kg,11.47
351805,Preserved Lemons,Carley's,organic,6x700g,27.60,0%,6.57/kg,6.35
351810,Apple & Sultana Chutney,Carley's,organic,6x300g,15.40,0%,8.56/kg,3.55
351815,Red Onion Marmalade,Carley's,organic,6x300g,18.45,0%,10.25/kg,4.25
351820,Spiced Tomato Relish,Carley's,organic,6x300g,13.70,0%,7.61/kg,3.15
351830,Black Olive Tapenade,Rift Valley Farms,,12x200g,70.40,0%,29.33/kg,7.82
351904,Hari's Lime & Green Chilli Pickle,Ouse Valley,,6x190g,22.70,0%,19.91/kg,5.04
351914,Cheeseboard Chutney,Ouse Valley,,6x220g,19.10,0%,14.47/kg,4.25
351915,Spiced Aubergine Pickle,Ouse Valley,,6x190g,19.10,0%,16.75/kg,4.25
351916,Apricot & Ginger Chutney,Ouse Valley,,6x220g,19.10,0%,14.47/kg,4.25
351917,Maharani's Mango Chutney,Ouse Valley,,6x215g,19.10,0%,14.81/kg,4.25
351918,Piccalilli - Hot!,Ouse Valley,,6x210g,18.45,0%,14.64/kg,4.1
351919,The Ploughman's Pickle,Ouse Valley,,6x215g,19.10,0%,14.81/kg,4.25
351920,Tomato & Red Pepper Relish,Ouse Valley,,6x200g,18.45,0%,15.38/kg,4.1
351921,Cheeseboard Chutney - Hamper Size,Ouse Valley,,12x105g,21.00,0%,16.67/kg,2.33
351922,Onion Marmalade,Ouse Valley,,6x220g,19.00,0%,14.39/kg,4.22
351923,Pear & Juniper Chutney,Ouse Valley,,6x215g,19.85,0%,15.39/kg,4.41
352004,Crushed Olive Salad,Hellenic Sun,organic,6x330g,14.05,0%,7.10/kg,3.12
352006,Kalamata Olives in vinegar brine & olive oil,Hellenic Sun,organic,6x330g,14.05,0%,7.10/kg,3.12
352007,Kalamata Olives - pitted in brine olive oil & red wine vinegar,Hellenic Sun,,6x330g,11.70,0%,5.91/kg,2.6
352008,Green Olives - in brine,Hellenic Sun,organic,6x330g,14.05,0%,7.10/kg,3.12
352009,Jumbo Green Olives - pitted in brine,Hellenic Sun,,6x330g,11.70,0%,5.91/kg,2.6
352012,Kalamata Olives - pitted in vinegar brine & olive oil,Hellenic Sun,organic,2kg,17.25,0%,8.62/kg,
352014,Green Olives - pitted in brine & olive oil,Hellenic Sun,organic,2kg,14.35,0%,7.17/kg,
352021,Kalamata Olives in brine & vinegar - vacuum bag,Parthenon,,10x250g,17.95,0%,7.18/kg,2.39
352022,Mediterranean Mix Olives - vacuum bag,Parthenon,,10x250g,17.95,0%,7.18/kg,2.39
352023,Olive Medley Black Pepper & Cumin - pitted in brine,Hellenic Sun,,6x330g,14.05,0%,7.10/kg,3.12
352024,Smoked Kalamata Olives - pitted in brine,Hellenic Sun,,6x330g,18.80,0%,9.49/kg,4.18
352026,Turmeric Olives with Lemon Verbena - pitted in brine,Hellenic Sun,,6x330g,14.05,0%,7.10/kg,3.12
352049,Supersweet Sweetcorn - easy open can,Suma,organic,12x160g,13.50,0%,7.03/kg,1.5
352052,Supersweet Sweetcorn - easy open can - large,Suma,organic,12x340g,20.25,0%,4.96/kg,2.25
352058,Black Garlic Ready-to-Eat Cloves,The Garlic Farm,,6x50g,26.80,0%,89.33/kg,5.96
352060,Chipotle Pickle Chips,Pickle Project,,8x500g,36.00,0%,9.00/kg,6
352061,Deli Dill Pickle Chips,Pickle Project,,8x500g,36.00,0%,9.00/kg,6
352062,Sweet Dill Pickle Chips,Pickle Project,,8x500g,36.00,0%,9.00/kg,6
365653,Luxury Mincemeat with Cognac,The Authentic Bread Co,organic,6x300g,24.85,0%,13.81/kg,5.52
370503,Apple Balsamic Vinegar,Aspall,,6x350ml,11.10,0%,5.29/l,2.47
370504,Balsamic Vinegar,Aspall,organic,6x350ml,15.70,0%,7.48/l,3.49
370507,Balsamic Vinegar,Aspall,organic,5l,29.30,0%,5.86/l,
370511,Cyder Vinegar,Aspall,organic,20l,38.25,0%,1.91/l,
370512,Cyder Vinegar,Aspall,organic,5l,13.30,0%,2.66/l,
370516,Cyder Vinegar,Aspall,organic,6x500ml,9.45,0%,3.15/l,2.1
370517,Red Wine Vinegar,Aspall,,5l,8.60,0%,1.72/l,
370518,Cyder Vinegar,Aspall,organic,6x350ml,8.15,0%,3.88/l,1.81
370519,Raw Unfiltered Cyder Vinegar,Aspall,organic,6x500ml,12.10,0%,4.03/l,2.69
370520,Raw Unfiltered Cyder Vinegar,Aspall,organic,5l,13.30,0%,2.66/l,
370522,Raw Apple Cyder Vinegar  with Honey 35%,Aspall,,6x500ml,14.35,20%,4.78/l,3.83
370523,White Wine Vinegar (not organic),Aspall,,5l,8.60,0%,1.72/l,
370535,Red Wine Vinegar,Aspall,organic,6x350ml,8.05,0%,3.83/l,1.79
370550,White Wine Vinegar,Aspall,organic,6x350ml,8.05,0%,3.83/l,1.79
370552,Organic White Wine Vinegar,Aspall,organic,5l,13.10,0%,2.62/l,
370602,Balsamic Vinegar - 1.32 density,Biona,organic,6x250ml,82.75,0%,55.17/l,18.39
370603,Balsamic Vinegar,Biona,organic,6x500ml,22.45,0%,7.48/l,4.99
370607,Cider Vinegar - raw + the mother,Biona,organic,6x500ml,14.80,0%,4.93/l,3.29
370610,Cider Vinegar - raw + the mother,Biona,organic,6x750ml,18.65,0%,4.14/l,4.15
370612,Cider Vinegar - raw + the mother,Biona,organic,1x5l,12.65,0%,2.53/l,16.89
370614,Coconut Vinegar + the mother,Biona,organic,6x250ml,14.80,0%,9.87/l,3.29
370615,Balsamic Glaze,Biona,organic,12x150ml,39.50,0%,21.94/l,4.39
370912,Balsamic Vinegar - small,Clearspring,organic,6x250ml,26.95,0%,17.97/l,6
370917,Apple Balsamic Vinegar - small,Clearspring,organic,6x250ml,26.95,0%,17.97/l,6
370919,Apple Cider Vinegar + the mother,Clearspring,organic,6x500ml,22.45,0%,7.48/l,5
370920,Red Wine Vinegar,Clearspring,organic,6x500ml,22.45,0%,7.48/l,5
370921,Red Wine Vinegar,Clearspring,organic,6x250ml,12.55,0%,8.37/l,2.79
370922,White Wine Vinegar,Clearspring,organic,6x250ml,12.55,0%,8.37/l,2.79
370934,"ACV - Ginger, Turmeric Black Pepper + the mother",Clearspring,organic,6x500ml,23.80,0%,7.93/l,5.3
370939,Coconut Amino,Cocofina,organic,12x250ml,45.80,0%,15.27/l,5.09
371315,Apple Cider Vinegar - with the mother,Herons Folly Garden,organic,6x770ml,23.65,0%,5.12/l,5.26
371317,Balsamic Vinegar of Modena,La Bio-Idea,organic,6x250ml,56.55,0%,37.70/l,12.57
371346,Balsamic Modena Glaze,Mr Organic,organic,6x150ml,20.20,0%,22.44/l,4.49
371350,Balsamic Modena Vinegar,Mr Organic,organic,12x500ml,40.40,0%,6.73/l,4.49
371553,Italian Balsamic Vinegar,Realfoods by Organico,organic,6x250ml,22.25,0%,14.83/l,4.94
371554,Italian Balsamic Glaze,Realfoods by Organico,organic,6x250ml,31.25,0%,20.83/l,6.94
371605,Raw Apple Cider Vinegar,Raw Health,organic,6x500ml,13.35,0%,4.45/l,2.97
371608,Raw Apple Cider Vinegar,Raw Health,organic,12x1l,38.15,0%,3.18/l,4.24
371612,Raw ACV Infusion with Turmeric & Ginger,Raw Health,organic,12x500ml,29.75,0%,4.96/l,3.31
371620,Apple Cider Vinegar with the mother,Rayners,organic,6x750ml,24.70,0%,5.49/l,5.5
371622,Apple Cider Vinegar with the mother,Rayners,organic,6x500ml,17.90,0%,5.97/l,3.98
371624,Coconut Aminos,Rayners,organic,6x250ml,30.35,0%,20.23/l,6.75
371628,Pomegranate Vinegar with the mother,Rayners,organic,6x250ml,24.70,0%,16.47/l,5.5
371630,Red Wine Vinegar with the mother,Rayners,organic,6x500ml,17.90,0%,5.97/l,3.98
371632,White Wine Vinegar with the mother,Rayners,organic,6x500ml,17.90,0%,5.97/l,3.98
371638,Classic Super Dense Balsamic Glaze,Seggiano,organic,6x250ml,46.15,0%,30.77/l,10.26
371639,Fig Super Dense Balsamic Glaze,Seggiano,,6x250ml,43.80,0%,29.20/l,9.73
371640,Balsamic Modena Vinegar,Seggiano,organic,6x250ml,23.65,0%,15.77/l,5.26
371660,Live Apple Cider Vinegar Shot,Willy's ACV,organic,15x50ml,26.60,0%,35.47/l,2.36
371662,Live Apple Cider Vinegar,Willy's ACV,organic,6x500ml,29.90,0%,9.97/l,6.64
371664,Live Apple Cider Vinegar with Honey & Turmeric,Willy's ACV,organic,6x500ml,38.55,0%,12.85/l,8.57
371665,Live Apple Cider Vinegar Fire Cider,Willy's ACV,organic,6x500ml,42.80,0%,14.27/l,9.51
371666,Fish & Chip Saucy Vinegar,Willy's ACV,organic,6x250ml,22.40,0%,14.93/l,4.98
389060,Pineapple Pieces - tinned in juice,Biona,organic,6x400g,19.75,0%,8.23/kg,4.39
389065,Pineapple Rings - tinned in juice,Biona,organic,6x400g,19.75,0%,8.23/kg,4.39
389067,Stem Ginger in Syrup,Biona,organic,6x330g,30.10,0%,15.20/kg,6.69
389838,Vegan Mayo,BeSaucy,,4.5kg,25.70,0%,5.71/kg,
389839,Vegan Mayo,BeSaucy,,6x180g,13.80,0%,12.78/kg,3.07
389845,Vegan Black Truffle Mayo,BeSaucy,,6x180g,16.30,0%,15.09/kg,3.62
389846,Vegan Dill & Gherkin Mayo,BeSaucy,,6x180g,14.85,0%,13.75/kg,3.3
389847,Vegan Garlic Mayo - tub,BeSaucy,,2.5kg,16.40,0%,6.56/kg,
389848,Vegan Garlic Mayo,BeSaucy,,6x180g,14.85,0%,13.75/kg,3.3
389849,Vegan Smoked Chipotle Mayo,BeSaucy,,6x180g,14.85,0%,13.75/kg,3.3
389890,Jalapeño Peppers - jar,Amaizin,organic,6x170g,16.10,0%,15.78/kg,3.58
389892,Taco Sauce Hot,Amaizin,organic,6x220g,14.15,0%,10.72/kg,3.14
389894,Taco Sauce Mild,Amaizin,organic,6x220g,14.15,0%,10.72/kg,3.14
389895,Pineapple Pieces - in own juice,Amaizin,organic,12x400g,33.30,0%,6.94/kg,3.7
389896,Pineapple Sliced Rings - in own juice,Amaizin,organic,12x400g,33.50,0%,6.98/kg,3.72
390074,Coconut Cream,Biona,organic,8x200ml,12.50,0%,7.81/l,2.08
390087,Ginger Turmeric Paste,Biona,organic,6x130g,14.80,0%,18.97/kg,3.29
390088,Garlic Paste,Biona,organic,6x130g,14.80,0%,18.97/kg,3.29
390089,Garlic & Ginger Paste,Biona,organic,6x130g,14.80,0%,18.97/kg,3.29
390090,Ginger Paste,Biona,organic,6x130g,14.80,0%,18.97/kg,3.29
390091,Chilli Paste made with Amando Peppers,Biona,demeter,6x125g,18.85,0%,25.13/kg,4.19
390093,Asparagus Cream,Biona,organic,6x120g,16.60,0%,23.06/kg,3.69
390094,BBQ Sauce,Biona,organic,6x250ml,16.60,0%,11.07/l,3.69
390095,Harissa Chilli Relish,Biona,demeter,6x125g,17.05,0%,22.73/kg,3.79
390097,Horseradish Mustard,Biona,demeter,6x125g,15.70,0%,20.93/kg,3.49
390098,Hot Pepper Sauce (tabasco) - gluten-free,Biona,organic,6x140ml,19.30,0%,22.98/l,4.29
390099,Baked Beans in tins,Biona,organic,12x400g,13.70,0%,2.85/kg,1.52
390100,Apple & Banana Purée - jar,Biona,organic,6x360g,11.20,0%,5.19/kg,2.49
390101,Apple & Mango Purée - jar,Biona,organic,6x360g,11.20,0%,5.19/kg,2.49
390102,Large Apple Purée - jar,Biona,organic,6x700g,16.60,0%,3.95/kg,3.69
390103,Black Olive Pâté,Biona,organic,6x120g,17.95,0%,24.93/kg,3.99
390104,Small Apple Purée - jar,Biona,demeter,6x360g,9.85,0%,4.56/kg,2.19
390105,Tomatoes Chopped,Biona,organic,12x400g,13.40,0%,2.79/kg,1.49
390106,Apple & Apricot Purée - jar,Biona,organic,6x360g,12.10,0%,5.60/kg,2.69
390107,Tomatoes Chopped with Basil,Biona,organic,12x400g,14.30,0%,2.98/kg,1.59
390110,Tomatoes Whole Plum,Biona,organic,12x400g,13.40,0%,2.79/kg,1.49
390112,Tomatoes Chopped - bulk,Biona,organic,6x2.5kg,31.45,0%,2.10/kg,6.99
390113,Tomatoes - Whole Cherry - canned,Biona,organic,12x400g,17.00,0%,3.54/kg,1.89
390114,Apple & Rhubarb Purée - jar,Biona,organic,6x360g,11.20,0%,5.19/kg,2.49
390115,Passata,Biona,organic,12x680g,20.60,0%,2.52/kg,2.29
390116,Pear Purée - jar,Biona,organic,6x360g,10.75,0%,4.98/kg,2.39
390117,Passata with Basil,Biona,organic,12x680g,20.60,0%,2.52/kg,2.29
390118,Green Pesto with pine kernels,Biona,organic,6x120g,19.30,0%,26.81/kg,4.29
390119,Passata Rustica,Biona,organic,12x680g,23.30,0%,2.86/kg,2.59
390120,Brown Lentil Curry - BPA-free can,Biona,organic,6x400g,8.35,0%,3.48/kg,1.86
390121,Black Beans - BPA-free can,Biona,organic,6x400g,6.70,0%,2.79/kg,1.49
390122,Aduki Beans in tins,Biona,organic,6x400g,6.45,0%,2.69/kg,1.43
390123,Red Pesto with SD tomatoes,Biona,organic,6x120g,16.15,0%,22.43/kg,3.59
390124,Black Beluga Lentils in tins,Biona,organic,6x400g,8.05,0%,3.35/kg,1.79
390126,Black Chickpeas - BPA-free can,Biona,organic,6x400g,7.15,0%,2.98/kg,1.59
390127,Borlotti Beans - BPA-free can,Biona,organic,6x400g,6.10,0%,2.54/kg,1.36
390128,Sun-dried Tomatoes in EV Olive Oil,Biona,organic,6x170g,25.60,0%,25.10/kg,5.69
390129,Arrabbiata Pasta Sauce (hot & spicy),Biona,organic,6x350g,13.90,0%,6.62/kg,3.09
390130,Basilico Tomato & Basil Sauce,Biona,organic,6x350g,13.90,0%,6.62/kg,3.09
390135,Tomato Purée - jar,Biona,organic,6x200g,12.10,0%,10.08/kg,2.69
390136,Cannellini Beans - BPA-free can,Biona,organic,6x400g,6.70,0%,2.79/kg,1.49
390137,Tomato Ketchup with agave syrup,Biona,organic,6x340g,15.70,0%,7.70/kg,3.49
390138,Squeezy Classic Tomato Ketchup,Biona,organic,12x560g,41.30,0%,6.15/kg,4.59
390139,Toscana Pasta Sauce (Tuscan),Biona,organic,6x350g,13.90,0%,6.62/kg,3.09
390140,Mayonnaise Sunflower Oil - jar,Biona,organic,6x230g,18.85,0%,13.66/kg,4.19
390142,Butter Beans in tins,Biona,organic,6x400g,8.05,0%,3.35/kg,1.79
390143,Baked Giant Beans in tins,Biona,organic,6x230g,10.30,0%,7.46/kg,2.29
390144,Chilli Con Quinoa - BPA-free can,Biona,organic,6x400g,15.70,0%,6.54/kg,3.49
390145,Chickpeas in tins,Biona,organic,6x400g,6.70,0%,2.79/kg,1.49
390146,Chilli Black Beans - BPA-free can,Biona,organic,6x410g,8.05,0%,3.27/kg,1.79
390147,Green Lentils in tins,Biona,organic,6x400g,7.60,0%,3.17/kg,1.69
390148,Pinto Beans in tins,Biona,organic,6x400g,7.60,0%,3.17/kg,1.69
390149,Chilli Red Kidney Beans in tins,Biona,organic,6x395g,8.50,0%,3.59/kg,1.89
390150,Red Kidney Beans in tins,Biona,organic,6x400g,8.05,0%,3.35/kg,1.79
390151,Haricot Beans in tins,Biona,organic,6x400g,6.70,0%,2.79/kg,1.49
390152,Mixed Beans in tins,Biona,organic,6x400g,6.70,0%,2.79/kg,1.49
390153,French Lentils Vert in tins,Biona,organic,6x400g,7.15,0%,2.98/kg,1.59
390154,Edamame Beans tinned in Brine,Biona,organic,12x200g,16.75,0%,6.98/kg,1.86
390155,Broad Beans,Biona,demeter,6x350g,12.10,0%,5.76/kg,2.69
390156,Garden Peas Freshly Canned,Biona,organic,6x340g,10.75,0%,5.27/kg,2.39
390157,Chickpeas,Biona,organic,6x350g,9.40,0%,4.48/kg,2.09
390160,Flageolet Beans,Biona,organic,6x350g,13.00,0%,6.19/kg,2.89
390161,Egg-free Mayo - Vegan,Biona,organic,6x230g,15.70,0%,11.38/kg,3.49
390162,Mixed Beans,Biona,organic,6x350g,9.85,0%,4.69/kg,2.19
390163,Haricot Beans,Biona,organic,6x350g,9.85,0%,4.69/kg,2.19
390165,Red Kidney Beans,Biona,organic,6x350g,10.30,0%,4.90/kg,2.29
390166,Brown Lentils,Biona,organic,6x360g,9.40,0%,4.35/kg,2.09
390170,Mayonnaise 40% Olive Oil - jar,Biona,organic,6x230g,22.45,0%,16.27/kg,4.99
390172,Mustard - Dijon,Biona,organic,6x200g,14.80,0%,12.33/kg,3.29
390173,Mustard - Wholegrain,Biona,organic,6x200g,15.70,0%,13.08/kg,3.49
390174,Squeezy Mustard - German (medium hot),Biona,organic,6x300ml,13.00,0%,7.22/l,2.89
390175,Worcester Sauce,Biona,organic,6x140ml,19.30,0%,22.98/l,4.29
390176,Sweet Chilli Sauce,Biona,organic,6x250ml,16.60,0%,11.07/l,3.69
390177,Plain Tofu - 250g drained weight,Biona,organic,6x500g,22.45,0%,7.48/kg,4.99
390178,Tempeh - 175g drained weight,Biona,organic,6x400g,19.75,0%,8.23/kg,4.39
390179,Tomatoes Chopped Peeled - 4 Pack,Biona,organic,6x4x400g,24.25,0%,2.53/kg,5.39
390180,Cool Salsa Dip Sauce,Biona,organic,6x260g,13.90,0%,8.91/kg,3.09
390181,Hot Salsa Dip Sauce,Biona,organic,6x260g,13.90,0%,8.91/kg,3.09
390184,Sriracha Chilli Sauce,Biona,organic,6x130ml,14.80,0%,18.97/l,3.29
390185,Seitan Pieces in ginger & soya Sauce,Biona,organic,6x350g,25.60,0%,12.19/kg,5.69
390186,Squeezy Original Mayonnaise,Biona,organic,6x270g,21.10,0%,13.02/kg,4.7
390187,Satay Spicy Peanut Simmer Sauce,Biona,organic,6x350g,18.85,0%,8.98/kg,4.19
390188,Squeezy No Added Sugar Tomato Ketchup,Biona,organic,9x470g,24.90,0%,5.89/kg,3.69
390189,Coconut Milk (17% fat) - 4 Pack,Biona,organic,6x4x400ml,40.45,0%,4.21/l,8.99
390190,Tikka Masala Simmer Sauce,Biona,organic,6x350g,18.85,0%,8.98/kg,4.19
390194,Banana Blossom in Brine,Biona,organic,6x400g,12.55,0%,5.23/kg,2.79
390195,Coconut Milk (17% fat) - large,Biona,organic,6x400ml,11.20,0%,4.67/l,2.49
390196,Coconut Milk (17% fat) - small,Biona,organic,8x200ml,11.30,0%,7.06/l,1.88
390197,Light 9% fat Coconut Milk,Biona,organic,6x400ml,9.85,0%,4.10/l,2.19
390198,Coconut Cream,Biona,organic,6x400ml,12.55,0%,5.23/l,2.79
390199,Condensed Coconut Milk Sweetened,Biona,organic,8x210g,14.35,0%,8.54/kg,2.39
390200,Coconut Whipping Cream,Biona,organic,6x400ml,15.70,0%,6.54/l,3.49
390201,Coconut Golden Milk,Biona,organic,6x400ml,12.10,0%,5.04/l,2.69
390202,Green Curry Coconut Milk,Biona,organic,6x400ml,14.35,0%,5.98/l,3.19
390203,Thai Green Curry Paste,Biona,organic,6x125g,15.25,0%,20.33/kg,3.39
390204,Thai Red Curry Paste,Biona,organic,6x125g,15.25,0%,20.33/kg,3.39
390207,Sweetcorn - canned,Biona,organic,6x340g,11.20,0%,5.49/kg,2.49
390210,Sweetcorn - multipack,Biona,organic,6x2x160g,13.00,0%,6.77/kg,2.89
390216,Gochujang - sweet & spicy Korean chilli sauce,BOMBOM,,6x210g,23.95,0%,19.01/kg,5.32
390217,Kimchi Mayo,BOMBOM,,6x165g,18.35,0%,18.54/kg,4.08
390218,Ssamjang - rich & nutty Korean soyabean sauce,BOMBOM,,6x190g,22.80,0%,20.00/kg,5.07
390219,Korean BBQ sweet & spicy,BOMBOM,,6x420g,34.00,0%,13.49/kg,7.56
390221,Korean BBQ soy & garlic,BOMBOM,,6x420g,34.00,0%,13.49/kg,7.56
390232,Five Bean Salad - in a vinaigrette - BPA-free can,Biona,organic,6x410g,8.50,0%,3.46/kg,1.89
390234,Black Beans - in tins 4-Pack,Biona,organic,6x4x400g,26.50,0%,2.76/kg,5.89
390236,Chickpeas in tins 4-Pack,Biona,organic,6x4x400g,24.70,0%,2.57/kg,5.49
390238,Flageolet Beans in tins,Biona,organic,6x400g,7.25,0%,3.02/kg,1.61
390250,Golden Rice & Lentils Mix,Biona,organic,7x250g,18.30,0%,10.46/kg,3.49
390251,Porcini Mushroom Risotto Mix,Biona,organic,8x210g,23.90,0%,14.23/kg,3.99
390252,Pumpkin Risotto Mix,Biona,organic,8x210g,22.10,0%,13.15/kg,3.69
390253,Red Lentil Spiced Dhal Mix,Biona,organic,7x250g,18.30,0%,10.46/kg,3.49
390257,Queen Borlotti Beans,Bold Bean Co,,6x570g,13.95,0%,4.08/kg,3.1
390259,Queen Carlin Peas,Bold Bean Co,,6x570g,13.95,0%,4.08/kg,3.1
390263,Queen Blackbean,Bold Bean Co,,6x570g,13.95,0%,4.08/kg,3.1
390264,Queen Butter Beans,Bold Bean Co,,6x570g,13.95,0%,4.08/kg,3.1
390265,Queen White Beans - was Queen Cannellini,Bold Bean Co,,6x570g,13.95,0%,4.08/kg,3.1
390266,Queen Chickpeas,Bold Bean Co,,6x570g,13.95,0%,4.08/kg,3.1
390267,Queen Red Kidney Beans,Bold Bean Co,,6x570g,13.95,0%,4.08/kg,3.1
390268,Queen Chickpeas,Bold Bean Co,organic,6x570g,13.95,0%,4.08/kg,3.1
390269,White Beans,Bold Bean Co,organic,6x570g,13.95,0%,4.08/kg,3.1
390271,Masala Baked Beans,Bold Bean Co,,6x390g,14.95,0%,6.39/kg,3.32
390272,Rich Tomato Baked Beans,Bold Bean Co,,6x390g,14.95,0%,6.39/kg,3.32
390273,Smoky Chilli Baked Beans,Bold Bean Co,,6x390g,14.95,0%,6.39/kg,3.32
390275,Coarse Grain Mustard,Carley's,organic,6x170g,14.55,0%,14.26/kg,3.34
390280,English Mustard,Carley's,organic,6x170g,17.15,0%,16.81/kg,3.94
390310,Apple Purée,Carley's,organic,6x700g,15.40,0%,3.67/kg,3.55
390350,Free Range Egg Mayonnaise - tub,Byodo,organic,5kg,41.10,0%,8.22/kg,
390505,Coconut Milk,Clearspring,organic,6x400ml,11.20,0%,4.67/l,2.49
390508,Coconut Milk,Clearspring,organic,6x200ml,6.70,0%,5.58/l,1.49
390510,Extra Rich Coconut Cream,Clearspring,organic,6x200ml,10.30,0%,8.58/l,2.29
390514,Jackfruit (young chunks) in salted water - large,Clearspring,organic,6x500g,15.70,0%,5.23/kg,3.49
390582,Apple & Blueberry Purée - single pouch,Clearspring,organic,18x100g,18.75,0%,10.42/kg,1.39
390583,Apple & Mango Purée - single pouch,Clearspring,organic,18x100g,18.75,0%,10.42/kg,1.39
390584,"Banana, Blueberry & Strawberry Purée - single pouch",Clearspring,organic,18x100g,18.75,0%,10.42/kg,1.39
390587,"Banana, Strawberry & Mango Purée - single pouch",Clearspring,organic,18x100g,18.75,0%,10.42/kg,1.39
390588,Pear Purée - single pouch,Clearspring,organic,18x100g,18.75,0%,10.42/kg,1.39
390605,Apple Purée,Clearspring,organic,12x2x100g,17.90,0%,7.46/kg,1.99
390610,Apple & Apricot Purée,Clearspring,organic,12x2x100g,17.90,0%,7.46/kg,1.99
390612,Apple Banana Strawberry Purée,Clearspring,organic,12x2x100g,17.90,0%,7.46/kg,1.99
390615,Apple & Blueberry Purée,Clearspring,organic,12x2x100g,17.90,0%,7.46/kg,1.99
390617,Apple & Mango Purée,Clearspring,organic,12x2x100g,17.90,0%,7.46/kg,1.99
390620,Apple & Plum Purée,Clearspring,organic,12x2x100g,17.90,0%,7.46/kg,1.99
390625,Apple & Strawberry Purée,Clearspring,organic,12x2x100g,17.90,0%,7.46/kg,1.99
390630,Pear Purée,Clearspring,organic,12x2x100g,17.90,0%,7.46/kg,1.99
390635,Pear & Banana Purée,Clearspring,organic,12x2x100g,17.90,0%,7.46/kg,1.99
390640,Prune Purée,Clearspring,organic,12x2x100g,17.90,0%,7.46/kg,1.99
390664,Pad Thai Sauce,Clearspring,organic,6x150ml,25.15,0%,27.94/l,5.59
390735,Coconut Cream,Cocofina,organic,6x400ml,7.80,0%,3.25/l,1.73
390736,Coconut Milk,Cocofina,organic,6x400ml,6.65,0%,2.77/l,1.48
390737,Coconut Milk Light,Cocofina,organic,6x400ml,6.30,0%,2.62/l,1.4
390752,Coconut Milk,Coconut Merchant,organic,6x400ml,9.35,0%,3.90/l,2.09
390754,Coconut Milk,Coconut Merchant,organic,12x200ml,11.95,0%,4.98/l,1.33
391002,Dijon Extra Strong Smooth,Delouis Fils,organic,5kg,45.00,0%,9.00/kg,
391005,Dijon Extra Strong Smooth,Delouis Fils,organic,6x200g,15.05,0%,12.54/kg,3.35
391207,Jackfruit (young chunks) in salted water,Essential,organic,6x400g,11.65,0%,4.85/kg,2.59
391208,Jackfruit (young chunks) in salted water - large,Essential,organic,3x3kg,24.85,0%,2.76/kg,11.04
391210,Mango Chunks in juice,Essential,organic,6x400g,17.95,0%,7.48/kg,3.99
391213,Pineapple Chunks in juice,Essential,organic,6x400g,17.95,0%,7.48/kg,3.99
391215,Tropical Fruits in juice,Essential,organic,6x400g,13.45,0%,5.60/kg,2.99
391220,Coconut Milk,Essential,organic,3x2.9l,35.10,0%,4.03/l,15.6
391230,Tom Purée Tube Double Conc. - tube,Essential,organic,12x130g,19.80,0%,12.69/kg,2.2
391235,Chopped Tomatoes,Essential,organic,12x400g,13.05,0%,2.72/kg,1.45
391475,Balti Curry Paste,Geo-Organics,organic,6x180g,19.95,0%,18.47/kg,4.45
391477,Bhuna Curry Paste,Geo-Organics,organic,6x180g,19.95,0%,18.47/kg,4.45
391480,Rendang Paste - Indonesian,Geo-Organics,organic,6x180g,19.95,0%,18.47/kg,4.45
391481,Satay Paste - Indonesian,Geo-Organics,organic,6x180g,19.95,0%,18.47/kg,4.45
391485,Korma Curry Paste,Geo-Organics,organic,6x180g,19.95,0%,18.47/kg,4.45
391487,Madras Curry Paste,Geo-Organics,organic,6x180g,19.95,0%,18.47/kg,4.45
391490,Tikka Masala Curry Paste,Geo-Organics,organic,6x180g,19.95,0%,18.47/kg,4.45
391492,Green Thai Curry Paste,Geo-Organics,organic,6x180g,19.95,0%,18.47/kg,4.45
391495,Red Thai Curry Paste,Geo-Organics,organic,6x180g,19.95,0%,18.47/kg,4.45
391497,Yellow Thai Curry Paste,Geo-Organics,organic,6x180g,19.95,0%,18.47/kg,4.45
391501,Worcester Sauce,Geo-Organics,organic,6x150ml,21.35,0%,23.72/l,4.74
391510,Vegan Mayo,Geo-Organics,organic,6x240ml,14.65,0%,10.17/l,3.26
391540,Curry Ketchup,Geo-Organics,organic,6x325ml,17.50,0%,8.97/l,3.89
391542,No-Honey Mustard Vegan Dressing,Geo-Organics,organic,6x250ml,17.50,0%,11.67/l,3.89
391543,Smokey BBQ Vegan Sauce,Geo-Organics,organic,6x250ml,15.50,0%,10.33/l,3.44
391630,Harissa - jar,Harry Brand,,6x210g,22.25,0%,17.66/kg,4.95
391655,Passata,La Bio-Idea,organic,12x680g,22.35,0%,2.74/kg,2.48
391657,Passata Basilico (with Basil),La Bio-Idea,organic,12x680g,23.65,0%,2.90/kg,2.63
391660,Pesto Siciliano - vegetarian,La Bio-Idea,organic,12x130g,33.90,0%,21.73/kg,3.77
391662,Pesto Rosso - vegan,La Bio-Idea,organic,12x130g,33.90,0%,21.73/kg,3.77
391665,Pesto Genovese - vegetarian,La Bio-Idea,organic,12x130g,33.90,0%,21.73/kg,3.77
391670,Tomato Ketchup,La Bio-Idea,organic,6x480g,18.30,0%,6.35/kg,4.07
391672,Tomato Purée - cans,La Bio-Idea,organic,6x890g,27.20,0%,5.09/kg,6.04
391673,Tomato Purée - jar,La Bio-Idea,organic,12x200g,18.70,0%,7.79/kg,2.08
391680,Tomatoes - peeled in tins,La Bio-Idea,organic,12x400g,15.20,0%,3.17/kg,1.69
391685,Tomatoes - chopped in tins,La Bio-Idea,organic,12x400g,15.05,0%,3.14/kg,1.67
392125,Cherry Tomatoes - BPA-free,Mr Organic,organic,12x400g,15.20,0%,3.17/kg,1.69
392128,Chopped Tomatoes - 4 Pack,Mr Organic,organic,6x4x400g,26.05,0%,2.71/kg,5.79
392130,Chopped Tomatoes - BPA-free,Mr Organic,organic,12x400g,12.15,0%,2.53/kg,1.35
392132,Peeled Tomatoes - BPA-free,Mr Organic,organic,12x400g,12.15,0%,2.53/kg,1.35
392135,Basilico Pasta Sauce,Mr Organic,organic,6x350g,14.80,0%,7.05/kg,3.29
392137,Bolognese Pasta Sauce,Mr Organic,organic,6x350g,14.80,0%,7.05/kg,3.29
392138,Cherry Tomato Pasta Sauce,Mr Organic,organic,6x350g,14.80,0%,7.05/kg,3.29
392139,Chilli Arrabbiata Pasta Sauce,Mr Organic,organic,6x350g,14.80,0%,7.05/kg,3.29
392142,Ketchup,Mr Organic,organic,6x480g,16.15,0%,5.61/kg,3.59
392143,Passata - large,Mr Organic,organic,12x690g,19.80,0%,2.39/kg,2.2
392144,Passata - small,Mr Organic,organic,6x400g,8.00,0%,3.33/kg,1.78
392145,Passata Rustica,Mr Organic,organic,12x690g,20.55,0%,2.48/kg,2.28
392148,Ketchup - Naturally sweetened (apple juice),Mr Organic,organic,6x480g,17.50,0%,6.08/kg,3.89
392149,Tomato Purée - jar,Mr Organic,organic,6x200g,9.50,0%,7.92/kg,2.11
392151,Roast Garlic Pasta Sauce - no added sugar,Mr Organic,organic,6x350g,14.80,0%,7.05/kg,3.29
392152,Capers & Olives Pasta Sauce - no added sugar,Mr Organic,organic,6x350g,14.80,0%,7.05/kg,3.29
392153,Passata With Fresh Basil,Mr Organic,organic,12x690g,19.80,0%,2.39/kg,2.2
392154,Lentil Ragu,Mr Organic,organic,6x350g,14.80,0%,7.05/kg,3.29
392155,Seitan Ragu,Mr Organic,organic,6x350g,14.80,0%,7.05/kg,3.29
392158,Passata - with mixed herbs,Mr Organic,organic,6x400g,9.90,0%,4.12/kg,2.2
392159,Passata - with chilli & garlic,Mr Organic,organic,6x400g,9.90,0%,4.12/kg,2.2
392160,Tofu Ragu,Mr Organic,organic,6x350g,14.80,0%,7.05/kg,3.29
392162,Aubergine Ragu Pasta Sauce,Mr Organic,organic,6x350g,14.80,0%,7.05/kg,3.29
392168,Tomato & Garlic Purée,Mr Organic,organic,6x200g,9.50,0%,7.92/kg,2.11
392169,Tomato & Pepper Purée,Mr Organic,organic,6x200g,9.50,0%,7.92/kg,2.11
392173,Bolognese Smooth Pasta Sauce,Mr Organic,organic,6x350g,14.80,0%,7.05/kg,3.29
392183,Mushroom Ragu Pasta Sauce,Mr Organic,organic,6x350g,14.80,0%,7.05/kg,3.29
392187,Kids' Veggie Pasta Sauce - carrot sweet potato courgette,Mr Organic,organic,6x200g,11.20,0%,9.33/kg,2.49
392188,Kids' Veggie Pasta Sauce - tomato carrot parsnip,Mr Organic,organic,6x200g,11.20,0%,9.33/kg,2.49
392196,Aubergine Pesto - no added sugar,Mr Organic,organic,6x190g,14.90,0%,13.07/kg,3.31
392198,Basil Pesto - no added sugar,Mr Organic,organic,6x190g,14.90,0%,13.07/kg,3.31
392199,Basil & Chilli Pesto - no added sugar,Mr Organic,organic,6x190g,14.90,0%,13.07/kg,3.31
392200,Chilli & Garlic Pesto,Mr Organic,organic,6x190g,14.90,0%,13.07/kg,3.31
392201,Grilled Pepper Pesto - no added sugar,Mr Organic,organic,6x190g,14.90,0%,13.07/kg,3.31
392202,Sundried Tomato Pesto - no added sugar,Mr Organic,organic,6x190g,14.90,0%,13.07/kg,3.31
392203,Tomato Olive Pesto - no added sugar,Mr Organic,organic,6x190g,14.90,0%,13.07/kg,3.31
392270,Poppy Seed Dressing,Mrs Mack's,organic,1x200ml,4.50,0%,22.50/l,6.02
392578,Black Kale Pesto,Seggiano,,6x190g,28.40,0%,24.91/kg,6.31
392579,Artichoke & Garlic Sauce,Seggiano,,6x190g,24.80,0%,21.75/kg,5.51
392581,Pistachio Pesto,Seggiano,,6x190g,39.60,0%,34.74/kg,8.8
392583,Raw Basil Pesto Genovese,Seggiano,,1x1000g,17.60,0%,17.60/kg,23.47
392585,Raw Basil Pesto,Seggiano,,6x190g,28.40,0%,24.91/kg,6.31
392587,Tomato Pesto,Seggiano,,6x190g,28.40,0%,24.91/kg,6.31
392589,Tomato & Almond Pesto - Trapanese,Seggiano,,6x190g,23.60,0%,20.70/kg,5.24
392590,Wild Fennel Tomato Pesto,Seggiano,,6x190g,28.40,0%,24.91/kg,6.31
392598,Arrabbiata Pasta Sauce,Seggiano,organic,6x350g,15.20,0%,7.24/kg,3.38
392600,Basilico Pasta Sauce,Seggiano,organic,6x350g,15.20,0%,7.24/kg,3.38
392602,Marinara Pasta Sauce,Seggiano,organic,6x350g,15.20,0%,7.24/kg,3.38
392603,Melanzane Aubergine Pasta Sauce,Seggiano,organic,6x350g,15.20,0%,7.24/kg,3.38
392604,Puttanesca Pasta Sauce,Seggiano,organic,6x350g,15.20,0%,7.24/kg,3.38
392605,Premium Sicilian Passata,Seggiano,organic,12x500g,28.80,0%,4.80/kg,3.2
392606,Salsa Sicilian Cherry Tomatoes,Seggiano,organic,12x330g,25.60,0%,6.46/kg,2.84
392636,Woodfired Hot Honey Sauce,Spiced Sussex,,6x215g,30.00,0%,23.26/kg,6.67
392740,Tomato Puree - tubes,Suma,organic,24x200g,30.60,0%,6.38/kg,1.7
392742,Mayonnaise - egg,Suma,organic,6x300g,20.70,0%,11.50/kg,4.6
393001,Sun-dried Tomato Halves,Infinity Foods,organic,10kg,76.40,0%,7.64/kg,
393002,Sun-dried Tomato Halves,Infinity Foods,organic,1kg,9.45,0%,9.45/kg,
393010,Pesto Genovese - vegan,Sunita,organic,6x130g,17.35,0%,22.24/kg,3.86
393012,Pesto Rosso - vegan,Sunita,organic,6x130g,17.35,0%,22.24/kg,3.86
393071,Vegan Green Pesto,Realfoods by Organico,organic,6x120g,15.50,0%,21.53/kg,3.44
393073,Vegan Red Pesto,Realfoods by Organico,organic,6x120g,15.50,0%,21.53/kg,3.44
393075,Tomato & Basil Pasta Sauce,Realfoods by Organico,organic,6x300g,15.75,0%,8.75/kg,3.5
393116,Chilli and Garlic Paste,The Garlic Farm,organic,6x150g,31.90,0%,35.44/kg,7.09
393117,Garlic and Ginger Paste,The Garlic Farm,organic,6x150g,31.90,0%,35.44/kg,7.09
393118,Miso and Garlic Paste,The Garlic Farm,organic,6x150g,31.90,0%,35.44/kg,7.09
393120,Hoisin Sauce with Infused Black Garlic,The Garlic Farm,organic,6x265g,33.25,0%,20.91/kg,7.39
393121,Tamari Soy Sauce with Infused Black Garlic,The Garlic Farm,organic,6x265g,33.25,0%,20.91/kg,7.39
393122,Teriyaki Sauce Infused with Black Garlic,The Garlic Farm,organic,6x265g,33.25,0%,20.91/kg,7.39
393126,Vampire Slayer - Seriously Hot Sauce,The Garlic Farm,,6x162g,31.20,0%,32.10/kg,6.93
393129,Chilli Garlic & Lime Dressing,The Garlic Farm,organic,6x330ml,35.65,0%,18.01/l,7.92
393133,Honey Garlic and Mustard Dressing,The Garlic Farm,organic,6x330ml,35.65,0%,18.01/l,7.92
393134,Garlic & Basil Pesto Dressing,The Garlic Farm,organic,6x330ml,32.10,0%,16.21/l,7.13
393140,Shatta Hot Chilli Sauce,Rift Valley Farms,,12x310g,40.30,0%,10.83/kg,4.48
393370,Spiced Cherry Jam with Cherry Brandy,Thursday Cottage,,6x210g,13.35,0%,10.60/kg,2.97
393750,Chanterelle Forest Mushrooms,Foresta Foods,,10x25g,34.65,0%,138.60/kg,4.62
393752,Mixed Forest Mushrooms,Foresta Foods,,10x25g,28.65,0%,114.60/kg,3.82
393755,Porcini+ Forest Mushrooms,Foresta Foods,,10x25g,32.20,0%,128.80/kg,4.29
393757,Shiitake Forest Mushrooms,Foresta Foods,,10x25g,28.65,0%,114.60/kg,3.82
393810,Porcini/Ceps Mushrooms,Tropical Wholefoods,,6x30g,21.95,0%,121.94/kg,4.89
393815,Shiitake Mushrooms,Tropical Wholefoods,,6x50g,16.80,0%,56.00/kg,3.74
394305,Korma Curry Paste,Westcountry Spice,organic,6x46g,11.80,0%,42.75/kg,3.03
394307,Madras Curry Paste,Westcountry Spice,organic,6x46g,11.80,0%,42.75/kg,3.03
394312,Thai Green Curry Paste,Westcountry Spice,organic,6x46g,11.80,0%,42.75/kg,3.03
394315,Thai Red Curry Paste,Westcountry Spice,organic,6x46g,11.80,0%,42.75/kg,3.03
394322,Fischy Sauce - gluten-free,Westcountry Spice,organic,6x150ml,14.25,0%,15.83/l,3.67
394324,Hoisin Sauce - gluten-free,Westcountry Spice,organic,6x175g,14.25,0%,13.57/kg,3.67
394326,Ketjap Manis Sweet Soy Sauce,Westcountry Spice,organic,6x150ml,14.25,0%,15.83/l,3.67
394328,Kimchi Hot Sauce - gluten-free,Westcountry Spice,organic,6x156g,14.25,0%,15.22/kg,3.67
394329,Smoky BBQ Sauce - gluten-free,Westcountry Spice,organic,6x150ml,14.25,0%,15.83/l,3.67
394332,Sriracha Hot Sauce - gluten-free,Westcountry Spice,organic,6x150ml,14.25,0%,15.83/l,3.67
394334,Sweet Thai Chilli Dipping Sauce,Westcountry Spice,organic,6x175g,14.25,0%,13.57/kg,3.67
394336,Tamari Soy Sauce - gluten-free,Westcountry Spice,organic,6x150ml,14.25,0%,15.83/l,3.67
394340,Worcester Sauce - gluten-free,Westcountry Spice,organic,6x150ml,14.25,0%,15.83/l,3.67
394360,Black Bean Rayu,White Mausu,,6x240g,28.55,0%,19.83/kg,6.34
394362,Peanut Rayu,White Mausu,,6x240g,28.55,0%,19.83/kg,6.34
394364,Peanut Rayu Extra Hot,White Mausu,,6x240g,28.55,0%,19.83/kg,6.34
394365,Smoky Chilli Oil,White Mausu,,6x240g,28.55,0%,19.83/kg,6.34
395305,Chilli Sauce - sweet dipping,Yakso,organic,6x240ml,14.85,0%,10.31/l,3.3
395306,Gochujang,Yakso,organic,6x100g,17.90,0%,29.83/kg,3.98
395311,No Fish Sauce,Yakso,organic,6x250ml,17.90,0%,11.93/l,3.98
395312,Oyster Sauce,Yakso,organic,6x250ml,16.60,0%,11.07/l,3.69
395313,Sambal Oelek,Yakso,organic,12x100g,29.60,0%,24.67/kg,3.29
395314,Sriracha Mayonnaise,Yakso,organic,6x200g,17.90,0%,14.92/kg,3.98
395315,Ssamjang,Yakso,organic,6x100g,17.90,0%,29.83/kg,3.98
400414,Black Seed Oil,Biona,organic,6x250ml,60.70,20%,40.47/l,16.19
410490,Mo-Du Braised Sliced Seitan - canned,Marigold,,12x225g,29.60,0%,10.96/kg,3.29
410492,Tempeh Slices - canned,Marigold,,6x280g,17.75,0%,10.57/kg,3.94
410494,Tunah - Soya Bean - canned,Marigold,,12x170g,37.70,0%,18.48/kg,4.19
410502,Braised Tofu - canned,Marigold,,12x225g,35.55,0%,13.17/kg,3.95
440501,Aduki Beans,Amaizin,organic,6x400g,8.85,0%,3.69/kg,1.97
440503,Baked Beans,Amaizin,organic,6x400g,11.65,0%,4.85/kg,2.59
440505,Black Beans,Amaizin,organic,6x400g,8.05,0%,3.35/kg,1.79
440511,Taco Bean Mix - in spicy sauce,Amaizin,organic,6x400g,10.35,0%,4.31/kg,2.3
440512,Fagioli Toscani - braised cannellini in tomato sauce,La Bio-Idea,organic,6x400g,11.10,0%,4.62/kg,2.47
440655,Gluten-free Falafel Mix,Amisa,organic,6x160g,12.10,0%,12.60/kg,2.69
440721,Country Vegetable Nut Roast Kit,Artisan & Co.,,6x212g,18.60,0%,14.62/kg,4.13
440722,Cranberry & Pecan Nut Roast Kit,Artisan & Co.,,6x212g,18.60,0%,14.62/kg,4.13
440723,Roasted Pepper & Pine Nut Roast Kit,Artisan & Co.,,6x212g,18.60,0%,14.62/kg,4.13
440724,Wild Mushroom & Garlic Nut Roast Kit,Artisan & Co.,,6x212g,18.60,0%,14.62/kg,4.13
441050,Sosmix,Granose,,10kg,69.80,0%,6.98/kg,
441075,Bean Cassoulet,Free & Easy,organic,6x400g,15.95,0%,6.65/kg,3.54
441076,Lentil & Veg Balti Pie Filling,Free & Easy,organic,6x400g,13.55,0%,5.65/kg,3.01
441077,Chickpea & Bean Tagine,Free & Easy,organic,6x400g,13.55,0%,5.65/kg,3.01
441078,Lentil & Veg Country Pie Filling,Free & Easy,organic,6x400g,13.55,0%,5.65/kg,3.01
441079,Mediterranean Harissa Casserole,Free & Easy,organic,6x400g,13.55,0%,5.65/kg,3.01
441080,Chickpea & Vegetable Curry,Free & Easy,organic,6x400g,15.95,0%,6.65/kg,3.54
441081,Middle Eastern Chickpea Casserole,Free & Easy,organic,6x400g,15.95,0%,6.65/kg,3.54
441082,Three Bean Chilli,Free & Easy,organic,6x400g,13.55,0%,5.65/kg,3.01
441083,Sweet Potato Coconut & Kale Curry,Free & Easy,organic,6x400g,15.95,0%,6.65/kg,3.54
441085,Vegetable Balti,Free & Easy,organic,6x400g,15.95,0%,6.65/kg,3.54
441087,Vegetable Hot Pot,Free & Easy,organic,6x400g,15.95,0%,6.65/kg,3.54
441090,Breakfast Pancake Mix,Free & Easy,,4x230g,11.05,0%,12.01/kg,3.68
441092,Middle Eastern Flatbread Mix,Free & Easy,,4x250g,11.05,0%,11.05/kg,3.68
441098,Yorkshire Pudding Mix,Free & Easy,,4x155g,9.75,0%,15.73/kg,3.25
441110,Dairy Free Cheese Flavour Sauce Mix,Free & Easy,,6x130g,14.60,0%,18.72/kg,3.24
441115,Gluten-free Gravy Sauce Mix,Free & Easy,,6x130g,12.35,0%,15.83/kg,2.74
441120,Broccoli & Kale Soup,Free & Easy,organic,6x400g,11.90,0%,4.96/kg,2.64
441122,Butternut Squash & Ginger Soup,Free & Easy,organic,6x400g,11.90,0%,4.96/kg,2.64
441125,Carrot & Coconut Soup,Free & Easy,organic,6x400g,11.90,0%,4.96/kg,2.64
441127,Lentil & Red Pepper Soup,Free & Easy,organic,6x400g,11.90,0%,4.96/kg,2.64
441130,Pea & Mint Soup,Free & Easy,organic,6x400g,11.90,0%,4.96/kg,2.64
441132,Sweet Potato & Chia Seed Soup,Free & Easy,organic,6x400g,11.90,0%,4.96/kg,2.64
441135,Tomato Soup,Free & Easy,organic,6x400g,11.90,0%,4.96/kg,2.64
441138,Broccoli & Kale Soup - low salt,Free & Easy,organic,6x400g,11.90,0%,4.96/kg,2.64
441140,"Butternut Squash, Sweet Potato & Turmeric Soup - LS",Free & Easy,organic,6x400g,11.90,0%,4.96/kg,2.64
441142,Carrot & Coriander Soup - low salt,Free & Easy,organic,6x400g,11.90,0%,4.96/kg,2.64
441144,Sweet Potato & Quinoa Soup - low salt,Free & Easy,organic,6x400g,11.90,0%,4.96/kg,2.64
441207,Carlin Peas,Hodmedod's,organic,12x400g,16.10,0%,3.35/kg,1.79
441210,Vaal Dhal  (broad beans in mild sauce),Hodmedod's,organic,12x400g,17.80,0%,3.71/kg,1.98
441215,Fava Beans (broad beans),Hodmedod's,organic,12x400g,16.15,0%,3.36/kg,1.79
441905,Soya Mince,It's Soya Good,organic,6x200g,19.55,0%,16.29/kg,4.35
441907,Soya Chunks,It's Soya Good,organic,6x150g,19.55,0%,21.72/kg,4.35
442661,Beluga Lentils - small,La Bio-Idea,organic,12x200g,15.35,0%,6.40/kg,1.71
442662,Borlotti Beans,La Bio-Idea,organic,6x400g,8.35,0%,3.48/kg,1.86
442665,Butter Beans,La Bio-Idea,organic,6x400g,9.50,0%,3.96/kg,2.11
442667,Cannellini Beans,La Bio-Idea,organic,6x400g,8.10,0%,3.38/kg,1.8
442670,Chickpeas,La Bio-Idea,organic,6x400g,8.10,0%,3.38/kg,1.8
442672,Brown Lentils,La Bio-Idea,organic,6x400g,8.10,0%,3.38/kg,1.8
442673,Green Dupuis Lentils,La Bio-Idea,organic,6x400g,10.55,0%,4.40/kg,2.34
442675,Mixed Beans,La Bio-Idea,organic,6x400g,8.35,0%,3.48/kg,1.86
442677,Red Kidney Beans,La Bio-Idea,organic,6x400g,8.60,0%,3.58/kg,1.91
442748,Aduki Beans,Mr Organic,organic,12x400g,15.20,0%,3.17/kg,1.69
442750,Baked Beans,Mr Organic,organic,12x400g,15.20,0%,3.17/kg,1.69
442752,Black Beans,Mr Organic,organic,12x400g,13.40,0%,2.79/kg,1.49
442753,Beluga Lentils,Mr Organic,organic,12x400g,14.30,0%,2.98/kg,1.59
442755,Borlotti Beans,Mr Organic,organic,12x400g,14.30,0%,2.98/kg,1.59
442757,Cannellini Beans,Mr Organic,organic,12x400g,14.30,0%,2.98/kg,1.59
442760,Chickpeas,Mr Organic,organic,12x400g,13.40,0%,2.79/kg,1.49
442761,Chilli Mixed Beans,Mr Organic,organic,12x400g,18.80,0%,3.92/kg,2.09
442762,Butter Beans,Mr Organic,organic,12x400g,16.10,0%,3.35/kg,1.79
442763,Haricot Beans,Mr Organic,organic,12x400g,14.30,0%,2.98/kg,1.59
442765,Lentils - green,Mr Organic,organic,12x400g,14.30,0%,2.98/kg,1.59
442766,Low Sugar Baked Beans,Mr Organic,organic,12x400g,17.00,0%,3.54/kg,1.89
442767,Mixed Beans,Mr Organic,organic,12x400g,16.10,0%,3.35/kg,1.79
442770,Red Kidney Beans,Mr Organic,organic,12x400g,15.20,0%,3.17/kg,1.69
442771,Spicy Mixed Bean Soup,Mr Organic,organic,6x400g,10.30,0%,4.29/kg,2.29
442773,Tomato & Lentil Soup,Mr Organic,organic,6x400g,10.30,0%,4.29/kg,2.29
442774,Black Bean Vegetable Soup,Mr Organic,organic,6x400g,10.30,0%,4.29/kg,2.29
442776,Tomato & Basil Soup,Mr Organic,organic,6x400g,10.30,0%,4.29/kg,2.29
442777,Creamy Red Pepper Soup,Mr Organic,organic,6x400g,10.30,0%,4.29/kg,2.29
442779,Garden Pea & Vegetable Soup,Mr Organic,organic,6x400g,10.30,0%,4.29/kg,2.29
442781,"Pumpkin, Carrot & Chilli Soup",Mr Organic,organic,6x400g,10.30,0%,4.29/kg,2.29
442789,Leek & Potato Soup,Mr Organic,organic,6x400g,10.30,0%,4.29/kg,2.29
442791,Butter Beans - jar,Mr Organic,organic,6x350g,10.35,0%,4.93/kg,2.3
442792,Cannellini Beans - jar,Mr Organic,organic,6x350g,10.35,0%,4.93/kg,2.3
442793,Chickpeas - jar,Mr Organic,organic,6x350g,10.35,0%,4.93/kg,2.3
442794,Lentils - jar,Mr Organic,organic,6x350g,10.35,0%,4.93/kg,2.3
442800,Gnocchi - gluten-free,Mr Organic,organic,8x350g,23.90,0%,8.54/kg,3.99
442804,Porcini Tortellini,Mr Organic,organic,10x250g,32.15,0%,12.86/kg,4.29
442806,Vegetable Tortellini,Mr Organic,organic,10x250g,32.15,0%,12.86/kg,4.29
443720,Porcini Risotto,Realfoods by Organico,organic,8x250g,29.70,0%,14.85/kg,4.95
443764,Protein Chunks - Pea & Fava,Profusion,organic,12x125g,31.40,0%,20.93/kg,3.49
443766,Protein Mince - Pea & Fava,Profusion,organic,12x125g,31.40,0%,20.93/kg,3.49
443780,Balinese Lentil & Red Pepper Soup,RIFCo,organic,6x400g,11.65,0%,4.85/kg,2.59
443782,Mexican Bean Soup,RIFCo,organic,6x400g,11.65,0%,4.85/kg,2.59
443784,Moroccan Chickpea Soup,RIFCo,organic,6x400g,11.65,0%,4.85/kg,2.59
443786,Thai Green Curry,RIFCo,organic,6x400g,16.60,0%,6.92/kg,3.69
443788,Spanish Chickpea Casserole,RIFCo,organic,6x400g,16.60,0%,6.92/kg,3.69
443790,Sri Lankan Lentil & Coconut Soup,RIFCo,organic,6x400g,11.65,0%,4.85/kg,2.59
443792,Thai Temple Curry,RIFCo,organic,6x400g,16.60,0%,6.92/kg,3.69
444205,Edamame Beans - in water,Geo,,6x400g,14.20,0%,5.92/kg,3.16
444230,Bombay Potatoes,Geo-Organics,organic,6x400g,15.05,0%,6.27/kg,3.35
444232,Chickpea & Apricot Tagine,Geo-Organics,organic,6x400g,15.05,0%,6.27/kg,3.35
444234,Chick Pea & Lentil Dahl,Geo-Organics,organic,6x400g,14.20,0%,5.92/kg,3.16
444236,Coconut & Kale Dahl,Geo-Organics,organic,6x400g,15.05,0%,6.27/kg,3.35
444239,Vegetable Hotpot,Geo-Organics,organic,6x400g,15.05,0%,6.27/kg,3.35
444240,Moroccan Chickpea Tagine,Geo-Organics,organic,6x400g,15.05,0%,6.27/kg,3.35
444241,Tadka Dahl,Geo-Organics,organic,6x400g,14.20,0%,5.92/kg,3.16
444461,Bean Chilli,Stoked!,organic,6x415g,20.80,0%,8.35/kg,4.62
444462,Bolognese,Stoked!,organic,6x415g,20.80,0%,8.35/kg,4.62
444463,Lentil Dahl,Stoked!,organic,6x415g,20.80,0%,8.35/kg,4.62
444464,Nacho Sauce,Stoked!,,6x400g,19.20,0%,8.00/kg,4.27
444465,Thai Curry,Stoked!,organic,6x415g,20.80,0%,8.35/kg,4.62
444489,Saag Aloo - Potatoes & Spinach,Suma,organic,12x400g,30.50,0%,6.35/kg,3.39
444490,Baked Beans,Suma,organic,12x400g,11.40,0%,2.38/kg,1.27
444491,Baked Beans - Low Sugar,Suma,organic,12x400g,11.40,0%,2.38/kg,1.27
444492,Baked Beans & Lincoln Vegan Sausages,Suma,,12x400g,26.90,0%,5.60/kg,2.99
444493,Mac 'N' Cheeze,Suma,,12x400g,26.90,0%,5.60/kg,2.99
444495,Baked Beans - catering size,Suma,organic,6x2.65kg,31.40,0%,1.97/kg,6.98
444496,Chickpea & Lentil Daal,Suma,organic,12x400g,23.35,0%,4.86/kg,2.59
444497,Ravioli in a Creamy Mushroom Sauce - vegan,Suma,organic,6x400g,13.45,0%,5.60/kg,2.99
444498,Vegan Meatball Bolognese,Suma,,12x400g,27.00,0%,5.62/kg,3
444501,Ravioli with Tomato & Ricotta,Suma,organic,6x400g,13.45,0%,5.60/kg,2.99
444502,Ravioli with Vegetable Sauce - vegan,Suma,organic,6x400g,13.45,0%,5.60/kg,2.99
444503,Spicy Chorizo Vegan Stew,Suma,,12x400g,23.35,0%,4.86/kg,2.59
444504,Vegetable Stew & Dumplings,Suma,,12x400g,23.35,0%,4.86/kg,2.59
444506,Black Chickpeas,Suma,organic,12x400g,10.45,0%,2.18/kg,1.16
444511,Refried Fava Beans,Suma,organic,12x400g,21.45,0%,4.47/kg,2.38
444518,Pinto Beans,Suma,organic,12x400g,10.90,0%,2.27/kg,1.21
444596,Black Beans,Suma,organic,12x400g,11.60,0%,2.42/kg,1.29
444598,Catering size Black Beans,Suma,organic,6x2.6kg,19.10,0%,1.22/kg,4.24
445503,Aduki Beans,Suma,organic,12x400g,10.45,0%,2.18/kg,1.16
445505,Red Kidney Beans,Suma,organic,12x400g,12.10,0%,2.52/kg,1.34
445506,Borlotti Beans,Suma,organic,12x400g,10.45,0%,2.18/kg,1.16
445507,Butter Beans,Suma,organic,12x400g,11.80,0%,2.46/kg,1.31
445508,Cannellini Beans,Suma,organic,12x400g,10.45,0%,2.18/kg,1.16
445509,Brown Lentils,Suma,organic,12x400g,10.45,0%,2.18/kg,1.16
445510,Chickpeas,Suma,organic,12x400g,11.60,0%,2.42/kg,1.29
445511,Catering size Chickpeas,Suma,organic,6x2.6kg,19.10,0%,1.22/kg,4.24
445512,Green Lentils,Suma,organic,12x400g,11.60,0%,2.42/kg,1.29
445513,Haricot Beans,Suma,organic,12x400g,11.60,0%,2.42/kg,1.29
445514,Mixed Beans,Suma,organic,12x400g,10.45,0%,2.18/kg,1.16
445585,Chik'n Soup,Suma,,12x400g,22.40,0%,4.67/kg,2.49
445586,Minestrone Soup,Suma,organic,12x400g,22.40,0%,4.67/kg,2.49
445587,Mushroom Soup,Suma,organic,12x400g,22.40,0%,4.67/kg,2.49
445589,Pea Soup,Suma,organic,12x400g,22.40,0%,4.67/kg,2.49
445590,Rustic Vegetable Soup,Suma,organic,12x400g,20.60,0%,4.29/kg,2.29
445591,Pea & Vegan Ham Soup,Suma,,12x400g,22.40,0%,4.67/kg,2.49
445593,Smoky Lentil Soup,Suma,organic,12x400g,17.50,0%,3.65/kg,1.94
445594,Spicy Lentil Soup,Suma,organic,12x400g,20.60,0%,4.29/kg,2.29
445597,Tomato Soup,Suma,organic,12x400g,20.60,0%,4.29/kg,2.29
445598,Tuscan Bean Soup,Suma,organic,12x400g,18.80,0%,3.92/kg,2.09
445600,Borlotti Beans Fresh,Suma,organic,12x400g,17.00,0%,3.54/kg,1.89
445601,Cannellini Beans Fresh,Suma,organic,12x400g,17.00,0%,3.54/kg,1.89
445603,Edamame Fresh,Suma,organic,12x200g,16.10,0%,6.71/kg,1.79
445604,Peas Fresh,Suma,organic,12x340g,17.00,0%,4.17/kg,1.89
445605,Flageolet Fresh,Suma,organic,12x200g,14.85,0%,6.19/kg,1.65
445703,Polenta - ready to eat,Sunita,organic,6x500g,8.90,0%,2.97/kg,1.98
445708,Sunflower Chunks,Sunflower Family,organic,6x76g,22.50,0%,49.34/kg,4.99
445709,Sunflower Bolomix,Sunflower Family,organic,10x90g,37.50,0%,41.67/kg,4.99
445710,Sunflower Burgermix,Sunflower Family,organic,10x90g,37.50,0%,41.67/kg,4.99
445711,Sunflower Mince,Sunflower Family,organic,6x76g,22.50,0%,49.34/kg,4.99
446028,Seitan in Tamari,Yakso,organic,6x200g,22.45,0%,18.71/kg,4.99
446030,Tempeh,Yakso,organic,6x175g,17.15,0%,16.33/kg,3.82
462406,Cacao & Almond Oat Bar Multipack,Deliciously Ella,,12x3x50g,26.10,0%,14.50/kg,2.9
470100,Dairy Free Pear & Fig Porridge,Ella's Kitchen,organic,6x100g,7.70,0%,12.83/kg,1.71
470104,Dairy Free Banana Yogurt - gluten free,Ella's Kitchen,organic,6x90g,7.80,0%,14.44/kg,1.73
470480,Kids Apple & Sultana Oaty Bars,Freee from Doves Farm,organic,7x5x25g,14.65,0%,16.74/kg,2.79
470820,Apple Rice Cake Clouds,Organix,organic,6x40g,8.90,0%,37.08/kg,1.98
470822,Banana Rice Cake Clouds,Organix,organic,6x40g,8.90,0%,37.08/kg,1.98
470825,Original Rice Cake Clouds,Organix,organic,6x40g,8.90,0%,37.08/kg,1.98
470826,Summer Fruits Rice Cake Clouds,Organix,organic,6x40g,8.90,0%,37.08/kg,1.98
470857,Melty Tomato Slices,Organix,organic,5x20g,3.25,0%,32.50/kg,0.87
470859,Mini Oaty Bites - raspberry & orange with apple,Organix,organic,5x110g,11.90,20%,21.64/kg,3.8
470862,Banana Bread Biscuits,Organix,organic,6x135g,14.40,0%,17.78/kg,3.2
470863,Jammie Monsters - strawberry & apple biscuits,Organix,organic,4x64g,10.70,0%,41.80/kg,3.57
470870,Apples Apples Apples,Ella's Kitchen,organic,7x70g,6.80,0%,13.88/kg,1.3
470871,Carrots Carrots Carrots,Ella's Kitchen,organic,7x70g,8.00,0%,16.33/kg,1.52
470872,Bananas Bananas Bananas,Ella's Kitchen,organic,7x70g,6.80,0%,13.88/kg,1.3
470875,Mangoes Mangoes Mangoes,Ella's Kitchen,organic,7x70g,6.80,0%,13.88/kg,1.3
470877,Pears Pears Pears,Ella's Kitchen,organic,7x70g,6.80,0%,13.88/kg,1.3
470878,Prunes Prunes Prunes,Ella's Kitchen,organic,7x70g,6.80,0%,13.88/kg,1.3
470880,Sweet Potato Sweet Potato,Ella's Kitchen,organic,7x70g,8.00,0%,16.33/kg,1.52
470881,Chunky Apple & Date Fruit Bars,Organix,organic,6x6x17g,18.70,0%,30.56/kg,4.16
470882,Chunky Banana & Date Fruit Bars,Organix,organic,6x6x17g,18.70,0%,30.56/kg,4.16
470884,Raisins - box,Organix,organic,4x12x14g,11.40,0%,16.96/kg,3.8
470889,Cocoa & Vanilla Gruffalo Biscuits,Organix,organic,3x5x20g,6.40,0%,21.33/kg,2.84
470890,Cheese & Herbs  Puffs - multipack,Organix,organic,3x4x15g,7.25,0%,40.28/kg,3.21
470891,Gruffalo Purple Prickle Fruit Bars,Organix,organic,6x6x17g,18.70,20%,30.56/kg,4.99
470892,Gruffalo Crumble - Apple Soft Oaty Bars,Organix,organic,6x6x23g,15.20,20%,18.36/kg,4.04
470901,Barbeque Gruffalo Claws,Organix,organic,3x4x15g,7.25,0%,40.28/kg,3.21
470905,Cheese & Onion Gruffalo Claws,Organix,organic,3x4x15g,7.25,0%,40.28/kg,3.21
470907,Farm Animal Biscuits,Organix,organic,5x100g,8.40,0%,16.80/kg,2.24
470909,Gingerbread Men - large,Organix,organic,6x135g,14.40,0%,17.78/kg,3.2
470918,Mini Cheese Cracker multipack,Organix,organic,3x4x20g,7.05,0%,29.38/kg,3.13
470923,Melty Carrot Puffs multi pack,Organix,organic,4x4x18g,9.00,0%,31.25/kg,2.99
470924,Melty Carrot Puffs,Organix,organic,8x20g,5.05,0%,31.56/kg,0.84
470926,Melty Sweetcorn Rings,Organix,organic,8x20g,5.05,0%,31.56/kg,0.84
470929,Banana Apple + Blueberry Baby Rice,Ella's Kitchen,organic,7x120g,7.55,0%,8.99/kg,1.44
470930,Apples & Bananas,Ella's Kitchen,organic,7x120g,7.60,0%,9.05/kg,1.45
470931,Baby Rice Apple & Pear,Ella's Kitchen,organic,7x120g,8.90,0%,10.60/kg,1.7
470932,"Broccoli, Pear & Peas",Ella's Kitchen,organic,7x120g,7.60,0%,9.05/kg,1.45
470933,"Butternut Squash, Carrot, Apples and Prunes",Ella's Kitchen,organic,7x120g,7.60,0%,9.05/kg,1.45
470934,Baby Rice Banana & Apricot,Ella's Kitchen,organic,7x120g,8.90,0%,10.60/kg,1.7
470935,"Carrot, Apple & Parsnip",Ella's Kitchen,organic,7x120g,7.60,0%,9.05/kg,1.45
470936,Peaches and Bananas,Ella's Kitchen,organic,7x120g,7.60,0%,9.05/kg,1.45
470938,"Sweet Potato, Pumpkin, Apple & Blueberry",Ella's Kitchen,organic,7x120g,7.60,0%,9.05/kg,1.45
470939,Strawberries and Apples,Ella's Kitchen,organic,7x120g,7.60,0%,9.05/kg,1.45
470940,"Sweet Potato, Broccoli & Carrots",Ella's Kitchen,organic,7x120g,7.60,0%,9.05/kg,1.45
470943,The Green One - Smoothie Fruit - singles,Ella's Kitchen,organic,12x90g,9.85,0%,9.12/kg,1.09
470945,The Purple One - Smoothie Fruit - singles,Ella's Kitchen,organic,12x90g,9.85,0%,9.12/kg,1.09
470949,"Mango, Pear & Papaya",Ella's Kitchen,organic,7x120g,8.95,0%,10.65/kg,1.7
470950,The Red One - Smoothie Fruit - singles,Ella's Kitchen,organic,12x90g,9.85,0%,9.12/kg,1.09
470952,"Red Pepper, Sweet Potato & Apple",Ella's Kitchen,organic,7x120g,8.95,0%,10.65/kg,1.7
470960,The Yellow One - Smoothie Fruit - singles,Ella's Kitchen,organic,12x90g,9.85,0%,9.12/kg,1.09
470964,Strawberry Greek Yoghurt,Ella's Kitchen,organic,6x90g,6.30,0%,11.67/kg,1.4
470967,Banana Baby Brekkie,Ella's Kitchen,organic,6x100g,7.70,0%,12.83/kg,1.71
470968,Mango Baby Brekkie,Ella's Kitchen,organic,6x100g,7.70,0%,12.83/kg,1.71
470969,Blueberry & Pear Brekkie,Ella's Kitchen,organic,6x100g,7.70,0%,12.83/kg,1.71
470976,Banana Weaning Wands,Organix,organic,5x25g,6.00,0%,48.00/kg,1.6
470977,Cheese Pie with veggies,Ella's Kitchen,organic,6x130g,10.30,0%,13.21/kg,2.29
470978,Strawberry Weaning Wands,Organix,organic,5x25g,6.00,0%,48.00/kg,1.6
470985,Vegetable Bake with Lentils,Ella's Kitchen,organic,6x130g,10.30,0%,13.21/kg,2.29
470987,Berry Oaty Smooshy - multi,Ella's Kitchen,organic,3x4x90g,11.05,0%,10.23/kg,4.91
470988,Peach + Banana Oaty Smooshy - multi,Ella's Kitchen,organic,3x4x90g,11.05,0%,10.23/kg,4.91
470998,Dairy Free Rice Pudding Banana + Strawberry - GF,Ella's Kitchen,organic,6x80g,8.25,0%,17.19/kg,1.83
471180,Baby Water Wipes,Simply Gentle,organic,20x52pack,30.20,20%,,2.52
471192,1 - Mini Bamboo Nappies (2-6kg),Beaming Baby,organic,4x32pack,37.45,0%,,12.48
471194,2 - Midi Bamboo Nappies (5-8kg),Beaming Baby,organic,4x30pack,37.45,0%,,12.48
471196,3 - Maxi Bamboo Nappies (7-11kg),Beaming Baby,organic,4x26pack,37.45,0%,,12.48
471198,4 - Maxi Plus Bamboo Nappies (9-15kg),Beaming Baby,organic,4x24pack,37.45,0%,,12.48
471482,Kids Chocolate Chip Oaty Bars,Freee from Doves Farm,organic,7x5x25g,14.65,0%,16.74/kg,2.79
472608,Smooth Orange Juice,Pip,organic,6x4x180ml,20.20,20%,4.68/l,5.39
472635,Organic Cotton Baby Wipes,Natracare,organic,16x50pack,42.85,20%,,4.59
472698,"Blackcurrant, Raspberry & Apple Juice with Water",Pip,organic,6x4x180ml,19.05,20%,4.41/l,5.08
472699,"Mango, Orange & Apple Fruity Juice with Water",Pip,organic,6x4x180ml,19.05,20%,4.41/l,5.08
472705,Cloudy Apple Juice,Pip,organic,6x4x180ml,19.05,20%,4.41/l,5.08
472710,Pineapple & Mango Smoothie,Pip,organic,6x4x180ml,20.20,20%,4.68/l,5.39
472715,Strawberry & Blackcurrant Juice,Pip,organic,6x4x180ml,20.20,20%,4.68/l,5.39
472718,"Strawberry, Banana & Purple Carrot Smoothie",Pip,organic,6x4x180ml,20.20,20%,4.68/l,5.39
472722,Valencia Orange Tetra,Pip,organic,8x1l,23.25,20%,2.91/l,4.65
480450,Barley Miso - unpasteurised - jar,Clearspring,organic,6x300g,31.45,0%,17.47/kg,6.99
480451,Barley Miso - pouch,Clearspring,organic,6x300g,27.40,0%,15.22/kg,6.09
480453,1kg Brown Rice Miso - unpasteurised - tub,Clearspring,organic,1x1kg,13.70,0%,13.70/kg,18.25
480457,Hatcho Miso - pouch - unpasteurised,Clearspring,organic,6x300g,25.15,0%,13.97/kg,5.59
480460,300g Brown Rice Miso - unpasteurised - jar,Clearspring,organic,6x300g,26.05,0%,14.47/kg,5.79
480461,150g Brown Rice Miso - unpasteurised - jar,Clearspring,organic,6x150g,17.95,0%,19.94/kg,3.99
480463,Brown Rice Miso - pouch,Clearspring,organic,6x300g,26.95,0%,14.97/kg,5.99
480464,1kg White Miso - unpasteurised - tub,Clearspring,organic,1x1kg,10.70,0%,10.70/kg,14.26
480465,Reduced Salt Brown Rice Miso - unpasteurised - jar,Clearspring,organic,6x270g,24.25,0%,14.97/kg,5.39
480467,Chickpea Miso - unpasteurised - jar,Clearspring,organic,6x150g,17.95,0%,19.94/kg,3.99
480468,White Miso - unpasteurised - jar,Clearspring,organic,6x270g,19.30,0%,11.91/kg,4.29
480501,Instant Noodle Broth,Clearspring,organic,6x245ml,29.20,0%,19.86/l,6.49
480504,Shoyu Soya Sauce,Clearspring,organic,6x1l,53.95,0%,8.99/l,11.99
480505,Shoyu Soya Sauce,Clearspring,organic,6x500ml,29.20,0%,9.73/l,6.49
480506,Shoyu Soya Sauce,Clearspring,organic,6x250ml,18.85,0%,12.57/l,4.19
480507,Dispenser - Shoyu Soya Sauce,Clearspring,organic,6x150ml,20.65,0%,22.94/l,4.59
480510,Shoyu Soya Sauce,Clearspring,organic,6x150ml,13.45,0%,14.94/l,2.99
480512,Shoyu Soya Sauce,Clearspring,organic,2.5l,20.20,0%,8.08/l,
480513,Japanese Yaemon Tamari - double strength,Clearspring,organic,6x1l,85.45,0%,14.24/l,18.99
480514,Japanese Yaemon Tamari - double strength,Clearspring,organic,20l,252.25,0%,12.61/l,
480515,Japanese Yaemon Tamari - double strength,Clearspring,organic,6x500ml,47.25,0%,15.75/l,10.5
480520,Japanese Yaemon Tamari - double strength,Clearspring,organic,6x150ml,17.95,0%,19.94/l,3.99
480521,Japanese Yaemon Tamari - double strength,Clearspring,organic,6x250ml,26.95,0%,17.97/l,5.99
480522,Japanese Tamari - double strength,Clearspring,organic,2.5l,33.75,0%,13.50/l,
480523,Japanese Tamari - single strength,Clearspring,organic,6x250ml,17.95,0%,11.97/l,3.99
480524,Japanese Tamari - single strength,Clearspring,organic,6x150ml,13.45,0%,14.94/l,2.99
480525,Sweet White Miso - pouch,Clearspring,organic,6x250g,22.45,0%,14.97/kg,4.99
480526,Japanese Tamari - single strength,Clearspring,organic,2.5l,23.95,0%,9.58/l,
480531,Hearty Red Miso Soup - instant,Clearspring,organic,8x4x10g,25.70,0%,80.31/kg,4.29
480533,Instant Miso Soup Paste - Ginger & Turmeric,Clearspring,organic,8x4x15g,19.70,0%,41.04/kg,3.29
480534,Instant Miso Soup Paste - Hot & Spicy,Clearspring,organic,8x4x15g,19.70,0%,41.04/kg,3.29
480535,Instant Miso Soup Paste - Creamy Sesame,Clearspring,organic,8x4x15g,19.70,0%,41.04/kg,3.29
480537,Instant Miso Soup with Sea Vegetables,Clearspring,organic,8x4x10g,23.95,0%,74.84/kg,3.99
480538,Instant Miso Soup Paste with Sea Vegetables,Clearspring,organic,8x4x15g,19.70,0%,41.04/kg,3.29
480539,Umami Instant Stock,Clearspring,organic,8x4x28g,23.90,0%,26.67/kg,3.99
480540,1kg Barley Miso - unpasteurised - tub,Clearspring,organic,1x1kg,15.70,0%,15.70/kg,20.92
480545,White Instant Miso Soup Paste + sea veg,Clearspring,organic,8x4x15g,19.70,0%,41.04/kg,3.29
480553,Mellow White Miso Soup - instant,Clearspring,organic,8x4x8g,25.70,0%,100.39/kg,4.29
480562,Soya Sauce,Clearspring,organic,6x150ml,14.80,0%,16.44/l,3.29
480565,Sushi Soy Sauce,Clearspring,organic,6x150ml,17.05,0%,18.94/l,3.79
480567,Sushi Rice Seasoning,Clearspring,organic,6x150ml,26.90,0%,29.89/l,5.98
480570,Teriyaki,Clearspring,organic,6x150ml,20.20,0%,22.44/l,4.49
480572,Teriyaki - gluten-free,Clearspring,organic,6x150ml,23.35,0%,25.94/l,5.19
480590,Long Life Silken Tofu - ambient,Clearspring,organic,12x300g,16.50,0%,4.58/kg,1.83
480591,Long Life Silken Tofu - ambient,Clearspring,organic,12x200g,13.60,0%,5.67/kg,1.51
480770,Instant Edamame Miso Soup,King Soba,organic,10x60g,24.65,0%,41.08/kg,3.29
480950,Liquid Aminos,Marigold,,6x250ml,19.10,0%,12.73/l,4.24
481530,Tamari - poly,Sanchi,,5l,32.00,0%,6.40/l,
481565,Barley Mugi Miso,Sanchi,organic,6x200g,16.15,0%,13.46/kg,3.59
490305,Asia Noodles - wheat,Biona,organic,8x250g,16.15,0%,8.07/kg,2.69
490310,Spelt Noodles,Biona,organic,8x250g,19.15,0%,9.57/kg,3.19
490503,100% Brown Rice Noodles GF,Clearspring,organic,10kg,114.10,0%,11.41/kg,
490504,Black Rice Noodles GF,Clearspring,organic,10x200g,29.90,0%,14.95/kg,3.99
490505,Brown Rice Vermicelli Noodles GF,Clearspring,organic,8x180g,23.90,0%,16.60/kg,3.98
490506,Brown Rice Udon Noodles,Clearspring,organic,12x200g,21.50,0%,8.96/kg,2.39
490507,Udon Noodles,Clearspring,organic,12x200g,21.50,0%,8.96/kg,2.39
490508,Skinny Soba Somen Noodles,Clearspring,organic,12x200g,21.50,0%,8.96/kg,2.39
490509,Wide Udon Noodles,Clearspring,organic,12x200g,21.50,0%,8.96/kg,2.39
490510,Soba Noodles,Clearspring,organic,12x200g,21.50,0%,8.96/kg,2.39
490511,100% Buckwheat Soba Noodles,Clearspring,organic,6x200g,20.20,0%,16.83/kg,4.49
490512,100% Brown Rice Noodles GF,Clearspring,organic,10x200g,29.90,0%,14.95/kg,3.99
490513,100% Wide Brown Rice Noodles GF,Clearspring,organic,5x200g,14.95,0%,14.95/kg,3.99
490530,Miso Ramen with miso ginger soup,Clearspring,organic,5x210g,20.20,0%,19.24/kg,5.39
490535,Shoyu Ramen with soya sauce soup,Clearspring,organic,5x210g,20.20,0%,19.24/kg,5.39
490640,100% Buckwheat Noodles,King Soba,organic,12x250g,25.10,0%,8.37/kg,2.79
490645,Millet & Rice Noodles,King Soba,organic,12x250g,25.10,0%,8.37/kg,2.79
490655,100% Brown Rice Noodles,King Soba,organic,12x250g,25.10,0%,8.37/kg,2.79
490660,Thai Rice Noodles,King Soba,organic,12x250g,25.10,0%,8.37/kg,2.79
490680,Black Rice Noodles,King Soba,organic,12x250g,26.70,0%,8.90/kg,2.97
490685,Brown Rice Wakame Noodles,King Soba,organic,12x250g,25.10,0%,8.37/kg,2.79
490690,Pumpkin/Ginger Brown Rice Noodles,King Soba,organic,12x250g,25.10,0%,8.37/kg,2.79
490695,Sweet Potato Buckwheat Noodles,King Soba,organic,12x250g,25.10,0%,8.37/kg,2.79
490723,Pad Thai Noodles,King Soba,organic,12x250g,25.10,0%,8.37/kg,2.79
490725,Pho Noodles,King Soba,organic,12x250g,26.05,0%,8.68/kg,2.89
490732,Vermicelli Noodles,King Soba,organic,12x250g,25.10,0%,8.37/kg,2.79
490740,Black Rice Ramen Noodles,King Soba,organic,6x280g,17.75,0%,10.57/kg,3.94
490742,Brown Rice Ramen Noodles,King Soba,organic,6x280g,15.65,0%,9.32/kg,3.48
490745,Buckwheat Ramen Noodles,King Soba,organic,6x280g,15.65,0%,9.32/kg,3.48
490758,Brown Rice Ramen Noodle Kit - Shiro Miso & Sea Garden Salad,King Soba,organic,6x190g,15.70,0%,13.77/kg,3.49
490774,Chilli Miso Ramen Noodle Cup,King Soba,organic,6x85g,9.90,0%,19.41/kg,2.2
490776,Ginger Miso Ramen Noodle Cup- with tofu,King Soba,organic,6x85g,9.90,0%,19.41/kg,2.2
490778,Classic Miso Ramen Noodle Cup,King Soba,organic,6x85g,9.90,0%,19.41/kg,2.2
490905,Egg Noodles,Yakso,organic,6x250g,11.80,0%,7.87/kg,2.63
500506,Kukicha Roasted Twig Tea - loose,Clearspring,organic,6x90g,19.75,0%,36.57/kg,4.39
500516,Kukicha Roasted Twig Tea Bags - boxed,Clearspring,organic,4x20bags,10.45,0%,,3.49
500521,Sencha Green Tea Bags - boxed,Clearspring,organic,4x20bags,10.45,0%,,3.49
500524,Hojicha Powder – ground roasted green tea,Clearspring,organic,10x40g,53.90,0%,134.75/kg,7.19
500526,Hojicha Roasted Green Tea Bags - boxed,Clearspring,organic,4x20bags,10.45,0%,,3.49
500528,"Japanese Hojicha, Roasted Green Tea - loose",Clearspring,organic,6x70g,23.80,0%,56.67/kg,5.29
500536,Sencha Traditional Green Tea - loose,Clearspring,organic,6x90g,33.70,0%,62.41/kg,7.49
500541,Genmaicha Green Tea bags with Roasted Brown Rice,Clearspring,organic,4x20bags,10.45,0%,,3.49
500543,Genmaicha Roasted Rice Tea - loose,Clearspring,organic,6x90g,31.45,0%,58.24/kg,6.99
500546,Matcha Shot - Premium grade Green Tea Powder,Clearspring,organic,6x8x1g,22.50,0%,468.75/kg,5.01
500547,Caddy Powder Matcha Green Tea - Ceremonial grade,Clearspring,organic,4x30g,40.75,0%,339.58/kg,13.59
500548,Sachet Powder Matcha Green Tea - Premium grade,Clearspring,organic,10x40g,65.90,0%,164.75/kg,8.79
500549,Sachet Powder Matcha Green Tea - Premium grade,Clearspring,organic,6x100g,86.35,0%,143.92/kg,19.19
500551,Matcha Sencha Green Tea Bags,Clearspring,organic,4x20bags,11.95,0%,,3.99
500554,Matcha Genmaicha Green Tea Bags,Clearspring,organic,4x20bags,11.95,0%,,3.99
500556,Matcha Ginger Green Tea Bags,Clearspring,organic,4x20bags,11.95,0%,,3.99
500557,Oolong Semi-Fermented Blue Tea Bags,Clearspring,organic,4x20bags,11.95,0%,,3.99
500558,Matcha Three Mint Green Tea Bags,Clearspring,organic,4x20bags,11.95,0%,,3.99
500560,Matcha Turmeric Green Tea Bags,Clearspring,organic,4x20bags,11.95,0%,,3.99
500562,Sachet Powder Kuwa Matcha - Mulberry Leaf Tea,Clearspring,organic,10x40g,53.90,0%,134.75/kg,7.19
500563,Matcha Sencha Green Tea loose - pouch,Clearspring,organic,6x85g,49.45,0%,96.96/kg,10.99
500577,Instant Decaf Coffee - Latin American,Clipper,organic,6x100g,40.75,0%,67.92/kg,9.06
500605,Bengal Spice Tea Bags,Celestial Seasonings,,6x20bags,18.00,0%,,4
500606,Cinnamon and Apple Spice Tea Bags,Celestial Seasonings,,6x20bags,18.00,0%,,4
500607,Lemon Zinger Tea Bags,Celestial Seasonings,,6x20bags,16.65,0%,,3.7
500610,Mandarin Orange Spice,Celestial Seasonings,,6x20bags,16.65,0%,,3.7
500612,Sleepytime Extra Wellness Tea Bags,Celestial Seasonings,,6x20bags,18.00,0%,,4
500615,Sleepytime Tea Bags,Celestial Seasonings,,6x20bags,16.65,0%,,3.7
510405,Wasabi-style horseradish paste - tubes,Biona,organic,8x50g,23.30,0%,58.25/kg,3.89
510424,Shoyu Soya Sauce - glass bottle,Biona,organic,6x250ml,20.65,0%,13.77/l,4.59
510428,Tamari Soya Sauce - glass bottle,Biona,organic,6x145ml,14.80,0%,17.01/l,3.29
510430,Tamari Soya Sauce - glass bottle,Biona,organic,6x250ml,21.55,0%,14.37/l,4.79
510450,Brown Rice Amazake,Clearspring,organic,6x380g,21.10,0%,9.25/kg,4.69
510452,Millet Amazake,Clearspring,organic,6x370g,21.10,0%,9.50/kg,4.69
510455,Oat Amazake,Clearspring,organic,6x360g,21.10,0%,9.77/kg,4.69
510510,Chilli Umami Paste,Clearspring,organic,6x150g,21.10,0%,23.44/kg,4.69
510515,Ginger Umami Paste,Clearspring,organic,6x150g,21.10,0%,23.44/kg,4.69
510518,Umeboshi Plums,Clearspring,organic,6x200g,44.95,0%,37.46/kg,10
510521,Umeboshi Plums,Clearspring,organic,1kg,34.50,0%,34.50/kg,
510522,Organic Umeboshi Paste,Clearspring,organic,6x150g,33.25,0%,36.94/kg,7.4
510525,Brown Rice Vinegar,Clearspring,organic,6x150ml,12.10,0%,13.44/l,2.69
510526,Rice Vinegar,Clearspring,organic,6x250ml,16.60,0%,11.07/l,3.69
510527,Rice Mirin - organic,Clearspring,organic,6x150ml,20.20,0%,22.44/l,4.49
510528,Rice Mirin - organic,Clearspring,organic,6x250ml,31.45,0%,20.97/l,6.99
510529,Ume Su Plum Seasoning  - organic,Clearspring,organic,6x150ml,13.45,0%,14.94/l,2.99
510530,Brown Rice Vinegar,Clearspring,organic,6x500ml,26.95,0%,8.98/l,5.99
510531,Brown Rice Mochi - gluten-free,Clearspring,organic,6x250g,28.30,0%,18.87/kg,6.29
510532,Brown Rice Black Soya Bean Mochi - GF,Clearspring,organic,6x250g,30.10,0%,20.07/kg,6.69
510536,Mikawa Mirin - sweet rice,Clearspring,organic,6x150ml,22.45,0%,24.94/l,4.99
510544,Yuzu Ponzu,Clearspring,organic,6x150ml,25.60,0%,28.44/l,5.69
510547,Organic Sushi Ginger,Clearspring,organic,10x50g,27.65,0%,55.30/kg,3.69
510548,Ume Su Plum Seasoning  - organic,Clearspring,organic,6x250ml,19.30,0%,12.87/l,4.29
510558,Shiitake Mushrooms,Clearspring,organic,6x40g,35.95,0%,149.79/kg,7.99
510560,Kuzu Mountain Starch,Clearspring,organic,6x125g,35.95,0%,47.93/kg,7.99
510562,Pickled Daikon Radish,Clearspring,,6x100g,22.45,0%,37.42/kg,4.99
510565,Organic Dried Daikon Radish,Clearspring,organic,6x30g,13.45,0%,74.72/kg,2.99
510575,Wasabi Powder - non-organic,Clearspring,,6x25g,17.95,0%,119.67/kg,3.99
531006,Atlantic Agar Flakes,Clearspring,organic,8x30g,35.90,0%,149.58/kg,5.98
531009,Japanese Arame,Clearspring,,8x30g,35.90,0%,149.58/kg,5.98
531012,Green Nori Flakes,Clearspring,,10x20g,14.95,0%,74.75/kg,1.99
531016,Atlantic Dulse,Clearspring,organic,8x25g,28.10,0%,140.50/kg,4.68
531018,Japanese Sea Vegetable Salad,Clearspring,,6x25g,22.45,0%,149.67/kg,4.99
531019,Japanese Wakame,Clearspring,,5x30g,21.30,0%,142.00/kg,5.69
531020,Sushi Nori - Toasted - 7 sheets,Clearspring,,8x17g,20.30,0%,149.26/kg,3.38
531021,Nori - 10 sheets,Clearspring,,6x25g,17.95,0%,119.67/kg,3.99
531029,Atlantic Sea Salad,Clearspring,organic,8x25g,23.90,0%,119.50/kg,3.98
531031,Atlantic Wakame,Clearspring,organic,8x25g,25.10,0%,125.50/kg,4.18
531036,Japanese Hokkaido Kombu,Clearspring,,5x40g,20.60,0%,103.00/kg,5.49
531041,Ginger Seaveg Crispies - toasted nori snack,Clearspring,organic,20x4g,15.50,0%,193.75/kg,1.03
531043,Multipack Ginger Seaveg Crispies,Clearspring,organic,6x5x4g,17.95,0%,149.58/kg,3.99
531045,Turmeric Seaveg Crispies - toasted nori snack,Clearspring,organic,20x4g,15.50,0%,193.75/kg,1.03
531047,Multipack Turmeric Seaveg Crispies,Clearspring,organic,6x5x4g,17.95,0%,149.58/kg,3.99
531050,Original Seaveg Crispies - toasted nori snack,Clearspring,organic,20x4g,15.50,0%,193.75/kg,1.03
531052,Multipack Original Seaveg Crispies,Clearspring,organic,6x5x4g,17.95,0%,149.58/kg,3.99
531059,Chilli Seaveg Crispies - toasted nori snack,Clearspring,organic,20x4g,15.50,0%,193.75/kg,1.03
531061,Multipack Chilli Seaveg Crispies,Clearspring,organic,6x5x4g,17.95,0%,149.58/kg,3.99
531065,Dulse,Cornish Seaweed,organic,5x20g,20.90,0%,209.00/kg,5.59
531071,Irish Moss,Cornish Seaweed,organic,5x20g,20.90,0%,209.00/kg,5.57
531077,Sea Greens,Cornish Seaweed,organic,5x15g,20.90,0%,278.67/kg,5.59
531078,Dulse Flakes,Cornish Seaweed,organic,5x40g,26.60,0%,133.00/kg,7.09
531079,Kelp Flakes,Cornish Seaweed,organic,5x60g,24.40,0%,81.33/kg,6.51
531080,Sea Salad Flakes,Cornish Seaweed,organic,5x30g,25.50,0%,170.00/kg,6.8
531082,Mixed Seaweed Flakes,Cornish Seaweed,organic,5x60g,24.40,0%,81.33/kg,6.51
531085,Sea Spaghetti,Cornish Seaweed,organic,5x40g,20.90,0%,104.50/kg,5.57
531090,Cornish Seaweed Salt,Cornish Seaweed,organic,8x70g,22.30,0%,39.82/kg,3.72
531096,Dulse Flakes - shaker,Cornish Seaweed,organic,6x20g,20.90,0%,174.17/kg,4.95
531098,Kelp Flakes - shaker,Cornish Seaweed,organic,6x40g,20.90,0%,87.08/kg,4.95
531100,Mixed Seaweed Flakes - shaker,Cornish Seaweed,organic,6x40g,20.90,0%,87.08/kg,4.95
531104,Seagreens Flakes - shaker,Cornish Seaweed,organic,6x10g,20.90,0%,348.33/kg,4.95
531108,Sea Salad Flakes - shaker,Cornish Seaweed,organic,6x12g,20.90,0%,290.28/kg,4.95
531560,Seaweed Food Capsules (single),Seagreens,demeter,1x60pack,13.35,20%,,21.36
544008,Rooibos,Dragonfly Tea,organic,4x40bags,9.45,0%,,3.15
544110,Rooibos - Earl Grey,Dragonfly Tea,organic,4x40bags,9.45,0%,,3.15
544112,Rooibos - Vanilla,Dragonfly Tea,organic,4x40bags,9.45,0%,,3.15
544130,Chamomile Tea Bags,English Tea Shop,organic,6x20bags,12.90,0%,,2.87
544132,Lemongrass Citrus & Ginger Tea Bags,English Tea Shop,organic,6x20bags,12.90,0%,,2.87
544134,Perfect Peppermint - FT - Tea Bags,English Tea Shop,organic,6x20bags,12.90,0%,,2.87
544136,Rooibos - FT - Tea Bags,English Tea Shop,organic,6x20bags,12.95,0%,,2.88
560362,Ginger & Turmeric,Clipper,organic,4x20bags,9.55,0%,,3.18
560364,Cleanse With Benefits - citrus nettle fennel,Clipper,organic,4x20bags,9.55,0%,,3.18
560371,Sleep Time - chamomile & lemonbalm etc,Clipper,organic,4x20bags,9.55,0%,,3.18
560385,Sleep Easy Infusion,Clipper,organic,6x20bags,8.95,0%,,1.99
560400,Lemon and Ginger Infusion,Clipper,organic,4x20bags,9.55,0%,,3.18
560401,Liquorice & Mint Infusion,Clipper,organic,4x20bags,9.55,0%,,3.18
560405,Chamomile Infusion,Clipper,organic,6x20bags,8.95,0%,,1.99
560407,Peppermint Infusion,Clipper,organic,6x20bags,8.95,0%,,1.99
560408,Blackcurrant & Blueberry Infusion,Clipper,organic,6x20bags,8.95,0%,,1.99
560410,Dandelion Infusion,Clipper,organic,6x20bags,8.95,0%,,1.99
560411,Fennel Infusion,Clipper,organic,6x20bags,8.95,0%,,1.99
560413,Nettle Infusion,Clipper,organic,6x20bags,8.95,0%,,1.99
560417,Lemon & Ginger Infusion,Clipper,organic,6x20bags,8.95,0%,,1.99
560418,Liquorice Infusion,Clipper,organic,6x20bags,8.95,0%,,1.99
560421,Blackcurrant & Blueberry Infusion,Clipper,organic,4x20bags,9.55,0%,,3.18
560422,Chamomile & Peach Infusion,Clipper,organic,4x20bags,9.55,0%,,3.18
560426,Orange & Turmeric Infusion,Clipper,organic,4x20bags,9.55,0%,,3.18
560428,Peppermint & Spearmint Infusion,Clipper,organic,4x20bags,9.55,0%,,3.18
560430,Redbush Tea Bags,Clipper,organic,4x80bags,15.65,0%,,5.22
560431,Chamomile Lemon & Honey Infusion,Clipper,organic,4x20bags,9.55,0%,,3.18
560505,Chamomile Tea Bags,Hambleden,organic,6x20bags,13.55,0%,,3.01
560510,Elderflower Tea Bags,Hambleden,organic,6x20bags,18.10,0%,,4.03
560520,Hibiscus Tea Bags,Hambleden,organic,6x20bags,13.55,0%,,3.01
560530,Lemon Verbena Tea Bags,Hambleden,organic,6x20bags,13.55,0%,,3.01
560535,Limeflower Tea Bags,Hambleden,organic,6x20bags,18.10,0%,,4.03
560538,Nettle Tea Bags,Hambleden,organic,6x20bags,13.55,0%,,3.01
560540,Peppermint Tea Bags,Hambleden,organic,6x20bags,13.55,0%,,3.01
560545,Rosehip Tea Bags,Hambleden,organic,6x20bags,18.10,0%,,4.02
560548,Turmeric Chai Tea Bags,Hambleden,organic,6x20bags,18.10,0%,,4.05
560551,Golden Balance Turmeric Bags,Dragonfly Tea,organic,4x20bags,9.05,0%,,3.02
560554,Mint Garden Digestif Bags,Dragonfly Tea,organic,4x20bags,9.05,0%,,3.02
560555,Cape Malay Rooibos Chai Bags,Dragonfly Tea,organic,4x20bags,9.05,0%,,3.02
560556,Happy Times Tulsi Bags,Dragonfly Tea,organic,4x20bags,9.05,0%,,3.02
560561,Lively Lemon & Ginger Bags,Dragonfly Tea,organic,4x20bags,9.05,0%,,3.02
560563,Sleepy Mint & Honeybush Bags,Dragonfly Tea,organic,4x20bags,9.05,0%,,3.02
560564,Sweet Rosehip & Raspberry Bags,Dragonfly Tea,organic,4x20bags,9.05,0%,,3.02
560565,Mountain Honeybush Tea Bags,Dragonfly Tea,organic,4x20bags,9.05,0%,,3.02
560566,Three Mint Medley Bags,Dragonfly Tea,organic,4x20bags,9.05,0%,,3.02
560567,Night Sky Calm Bags,Dragonfly Tea,organic,4x20bags,9.05,0%,,3.02
560568,Cape Rooibos & Honeybush Bags,Dragonfly Tea,organic,4x20bags,9.05,0%,,3.02
560705,Chamomile - loose,Hambleden,organic,6x40g,18.10,0%,75.42/kg,4.03
560710,Hibiscus - loose,Hambleden,organic,6x50g,18.10,0%,60.33/kg,4.03
560720,Lemon Verbena - loose,Hambleden,organic,6x20g,18.10,0%,150.83/kg,4.03
560730,Peppermint - loose,Hambleden,organic,6x45g,18.10,0%,67.04/kg,4.03
560735,Raspberry Leaf - loose,Hambleden,organic,6x45g,18.10,0%,67.04/kg,4.03
560738,Earl Grey Tea - loose,Hambleden,organic,6x55g,18.10,0%,54.85/kg,4.04
560740,Everyday Tea - loose,Hambleden,organic,6x70g,18.10,0%,43.10/kg,4.04
560745,Green Tea - loose,Hambleden,organic,6x65g,18.10,0%,46.41/kg,4.04
560760,Chai Black Tea Bags,English Tea Shop,organic,6x20bags,12.90,0%,,2.87
560764,English Breakfast Tea Bags - FT,English Tea Shop,organic,6x20bags,12.90,0%,,2.87
560766,Earl Grey Tea Bags - FT,English Tea Shop,organic,6x20bags,12.90,0%,,2.87
560770,Pure Green Tea Bags,English Tea Shop,organic,6x20bags,12.90,0%,,2.87
560771,Advent Calendar Tea Book - white,English Tea Shop,organic,6x304g,53.80,0%,29.50/kg,11.96
560772,Advent Calendar Triangular - green,English Tea Shop,organic,6x304g,59.20,0%,32.46/kg,13.16
560773,Luxury Tea Collection - White Tin - 36 bags,English Tea Shop,organic,6x74g,51.85,0%,116.78/kg,11.52
560774,Sachets Advent Calendar - green,English Tea Shop,organic,6x200g,30.65,0%,25.54/kg,6.81
560808,Camomile Mellow,Hampstead,organic,4x20bags,9.55,0%,,3.19
560809,Herbal Harmonies Selection Pack,Hampstead,demeter,4x20bags,9.55,0%,,3.19
560810,Digest Well - was Fennel & Peppermint,Hampstead,demeter,4x20bags,9.55,0%,,3.19
560811,Christmas Tea,Hampstead,demeter,4x20bags,9.55,0%,,3.19
560812,Cleanse Well Tea,Hampstead,organic,4x20bags,9.55,0%,,3.19
560815,Lemon Ginger,Hampstead,demeter,4x20bags,9.55,0%,,3.19
560820,Peppermint & Spearmint,Hampstead,demeter,4x20bags,9.55,0%,,3.19
560822,Relax Well Tea,Hampstead,organic,4x20bags,9.55,0%,,3.19
560823,Meditate Lavender & Valerian,Hampstead,demeter,4x20bags,9.55,0%,,3.19
560824,Rooibos,Hampstead,organic,4x20bags,9.55,0%,,3.19
560825,Rosehip Hibiscus,Hampstead,organic,4x20bags,9.55,0%,,3.19
560826,Sleep Well,Hampstead,organic,4x20bags,9.55,0%,,3.19
560827,She's Well Tea,Hampstead,organic,4x20bags,9.55,0%,,3.19
560828,Turmeric & Cinnamon,Hampstead,organic,4x20bags,9.55,0%,,3.19
560851,Chamomile Flower - EU & NOP,Organic Herb Trading,organic,1x500g,11.75,0%,23.50/kg,15.71
560852,Elderberry Rosehip & Hibiscus,Organic Herb Trading,organic,1x500g,12.65,0%,25.30/kg,16.87
560856,Hibiscus Flower Pieces - teabag cut,Organic Herb Trading,organic,1x500g,12.15,0%,24.30/kg,16.2
560857,Rooibos Leaf,Organic Herb Trading,organic,1x500g,18.30,0%,36.60/kg,24.42
561482,"Gut Health - ginger, peppermint & kombucha",Pukka,organic,4x20bags,11.80,0%,,3.93
561484,"Unwind - lion’s mane, ashwagandha & blueberry",Pukka,organic,4x20bags,11.80,0%,,3.93
561490,"Chamomile, Vanilla & Manuka Honey",Pukka,organic,4x20bags,11.90,0%,,3.97
561493,Digest Collection - taster pack,Pukka,organic,8x8bags,11.85,0%,,1.99
561494,Herbal Tea collection,Pukka,organic,4x20bags,11.90,0%,,3.97
561495,Lemongrass & Ginger,Pukka,organic,4x20bags,14.85,0%,,4.96
561500,After Dinner,Pukka,organic,4x20bags,11.90,0%,,3.97
561501,Elderberry & Echinacea,Pukka,organic,4x20bags,14.85,0%,,4.96
561504,"Lemon, Ginger & a touch of Manuka",Pukka,organic,4x20bags,14.85,0%,,4.96
561506,Peppermint & Licorice,Pukka,organic,4x20bags,11.90,0%,,3.97
561510,"Relax - chamomile, fennel & marshmallow",Pukka,organic,4x20bags,11.90,0%,,3.97
561511,Turmeric Ginger & Orange,Pukka,organic,4x20bags,14.85,0%,,4.96
561516,"Night Time Berry  - berries, echinacea & chamomile",Pukka,organic,4x20bags,11.90,0%,,3.97
561518,"Radiance - nettle, fennel & aloe vera",Pukka,organic,4x20bags,14.85,0%,,4.96
561519,"Lemon, Ginger & a touch of Manuka",Pukka,organic,4x40bags,21.30,0%,,7.1
561520,Vanilla Spice Chai - cinnamon & sweet vanilla,Pukka,organic,4x20bags,14.85,0%,,4.96
561521,"Morning Berry - rooibos, ginseng, blackcurrant",Pukka,organic,4x20bags,14.85,0%,,4.96
561524,Uplift Citrus Yerba Green,Pukka,organic,4x20bags,14.85,0%,,4.96
561528,Night Time,Pukka,organic,4x40bags,19.15,0%,,6.38
561529,Night Time Apple Chai,Pukka,organic,4x20bags,11.90,0%,,3.97
561530,Night Time Tea,Pukka,organic,4x20bags,11.90,0%,,3.97
561531,"Peace - chamomile, spearmint, hemp, licorice",Pukka,organic,4x20bags,11.90,0%,,3.97
561532,Three Chamomile,Pukka,organic,4x20bags,11.90,0%,,3.97
561533,Sleep Collection - taster pack,Pukka,organic,8x8bags,11.85,0%,,1.99
561540,Three Ginger,Pukka,organic,4x20bags,11.90,0%,,3.97
561545,Three Mint,Pukka,organic,4x20bags,11.90,0%,,3.97
561547,Three Mint,Pukka,organic,4x40bags,19.15,0%,,6.38
561553,Winter Warmer,Pukka,organic,4x20bags,14.85,0%,,4.96
561554,Wild Apple Cinnamon with Ginger,Pukka,organic,4x20bags,14.85,0%,,4.96
561588,Chamomile Rosehip Turmeric Tea Bags,Taka Turmeric,organic,4x15bags,12.25,0%,,4.08
561590,Ginger Lemon Turmeric Tea Bags,Taka Turmeric,organic,4x15bags,12.25,0%,,4.08
561592,Hibiscus Cinnamon Turmeric Tea Bags,Taka Turmeric,organic,4x15bags,12.25,0%,,4.08
561597,Rooibos Honeybush Turmeric Tea Bags,Taka Turmeric,organic,4x15bags,12.25,0%,,4.08
561598,Masala Chai Turmeric Tea Bags,Taka Turmeric,organic,4x15bags,12.25,0%,,4.08
561599,And Breathe,The Herbtender,organic,4x18bags,14.65,0%,,4.88
561600,Good Morning,The Herbtender,organic,4x18bags,14.65,0%,,4.88
561601,Good Night,The Herbtender,organic,4x18bags,14.65,0%,,4.88
561602,Pure Focus,The Herbtender,organic,4x18bags,14.65,0%,,4.88
561603,Vital Glow,The Herbtender,organic,4x18bags,14.65,0%,,4.88
561610,Malawi Peppermint Infusion Tea,Revolver,,12x40bags,36.00,0%,,4
561712,Rooibos Tea Bags,Tick Tock,organic,4x40bags,8.05,0%,,2.68
561716,Rooibos Tea Bags,Tick Tock,organic,4x80bags,15.75,0%,,5.25
561717,Rooibos Tea Loose,Tick Tock,organic,6x100g,12.00,0%,20.00/kg,2.67
561718,Green Rooibos Tea Bags,Tick Tock,organic,4x40bags,8.55,0%,,2.85
561722,Rooibos Earl Grey Tea Bags,Tick Tock,,4x40bags,8.55,0%,,2.85
571550,Chamomile,Steenbergs,organic,4x40g,12.35,0%,77.19/kg,4.12
571552,Dandelion,Steenbergs,organic,4x30g,10.40,0%,86.67/kg,3.47
571554,Double Mint,Steenbergs,organic,4x50g,11.70,0%,58.50/kg,3.9
571555,Dreamtime,Steenbergs,,4x40g,11.70,0%,73.12/kg,3.9
571558,Happy Hippy,Steenbergs,organic,4x30g,14.30,0%,119.17/kg,4.77
571559,Hibiscus,Steenbergs,organic,4x30g,9.05,0%,75.42/kg,3.02
571560,Lemon Verbena,Steenbergs,organic,4x20g,9.05,0%,113.12/kg,3.02
571561,Lemongrass,Steenbergs,organic,4x30g,8.70,0%,72.50/kg,2.9
571562,Liquorice,Steenbergs,organic,4x100g,16.90,0%,42.25/kg,5.63
571563,Nettle,Steenbergs,organic,4x30g,10.40,0%,86.67/kg,3.47
571564,Peppermint,Steenbergs,organic,4x50g,11.00,0%,55.00/kg,3.67
571565,Raspberry Leaf,Steenbergs,organic,4x40g,11.70,0%,73.12/kg,3.9
571566,Rooibos,Steenbergs,organic,4x90g,14.30,0%,39.72/kg,4.77
571569,Yerba Maté,Steenbergs,organic,4x100g,11.70,0%,29.25/kg,3.9
571570,Black Tea Christmas Blend,Steenbergs,organic,4x100g,13.00,0%,32.50/kg,4.33
571571,Christmas Tisane,Steenbergs,organic,4x100g,13.00,0%,32.50/kg,4.33
571703,Ashwagandha Balance,Yogi,organic,6x17bags,12.35,0%,,2.75
571704,pH Balance Tea,Yogi,organic,6x17bags,12.35,0%,,2.75
571706,Bedtime Tea,Yogi,organic,6x17bags,12.35,0%,,2.75
571708,Breathe Deep Tea,Yogi,organic,6x17bags,12.35,0%,,2.75
571709,Choco Tea,Yogi,organic,6x17bags,12.35,0%,,2.75
571710,Echinacea Tea,Yogi,organic,6x17bags,12.35,0%,,2.75
571711,Classic Chai,Yogi,organic,6x17bags,12.35,0%,,2.75
571713,Happy Belly Tea,Yogi,organic,6x17bags,12.35,0%,,2.75
571714,Detox Tea,Yogi,organic,6x17bags,12.35,0%,,2.75
571717,Licorice Mint,Yogi,organic,6x17bags,12.35,0%,,2.75
571718,Echinacea Immune Tea,Yogi,organic,6x17bags,12.35,0%,,2.75
571719,The Finest Selection Tea Bags,Yogi,organic,6x18bags,12.80,0%,,2.85
571723,Ginger Lemon Tea,Yogi,organic,6x17bags,12.35,0%,,2.75
571724,Tulsi Relax Tea,Yogi,organic,6x17bags,12.35,0%,,2.75
571725,Sweet Chai Yogi Tea,Yogi,organic,6x17bags,12.35,0%,,2.75
571726,Ginger Orange Tea,Yogi,organic,6x17bags,12.35,0%,,2.75
571727,Sweet Chili Mexican Spice Yogi Tea,Yogi,organic,6x17bags,12.35,0%,,2.75
571729,Turmeric Orange Tea,Yogi,organic,6x17bags,12.35,0%,,2.75
571734,Tangy Blood Orange Tea,Yogi,organic,6x17bags,12.35,0%,,2.75
571736,Immune Boost Tea,Yogi,organic,6x17bags,12.35,0%,,2.75
571738,Licorice Tea,Yogi,organic,6x17bags,12.35,0%,,2.75
571739,Men's Tea,Yogi,organic,6x17bags,12.35,0%,,2.75
571741,Rose Tea,Yogi,organic,6x17bags,12.35,0%,,2.75
571742,Soul Balm Tea,Yogi,organic,6x17bags,12.35,0%,,2.75
571744,Digestion Tea,Yogi,organic,6x17bags,12.35,0%,,2.75
571746,Throat Comfort Tea,Yogi,organic,6x17bags,12.35,0%,,2.75
571748,Turmeric Chai,Yogi,organic,6x17bags,12.35,0%,,2.75
571752,Women's Energy Tea,Yogi,organic,6x17bags,12.35,0%,,2.75
571753,Refresh & Focus Tea,Yogi,organic,6x17bags,12.00,0%,,2.67
571754,Spicy Strawberry Tea,Yogi,organic,6x17bags,12.00,0%,,2.67
571755,Sweet Dreams Tea,Yogi,organic,6x17bags,12.00,0%,,2.67
571883,Green Balance Tea,Yogi,organic,6x17bags,12.35,0%,,2.75
571884,Green Energy Tea,Yogi,organic,6x17bags,12.35,0%,,2.75
571886,Green Matcha Lemon Tea,Yogi,organic,6x17bags,12.35,0%,,2.75
571890,Green Jasmine Tea,Yogi,organic,6x17bags,12.35,0%,,2.75
571892,Green Ginger Lemon Tea,Yogi,organic,6x17bags,12.35,0%,,2.75
571896,Morning Energy Tea,Yogi,organic,6x17bags,12.35,0%,,2.75
571899,White Tea with Aloe Vera,Yogi,organic,6x17bags,12.35,0%,,2.75
571906,Camomile Tea Sachets,Essential,organic,4x20bags,9.55,0%,,3.18
571907,Fennel Tea Sachets,Essential,organic,4x20bags,9.55,0%,,3.18
571908,Ginger & Lemon Tea Sachets,Essential,organic,4x20bags,9.55,0%,,3.18
571909,Hibiscus Tea Sachets,Essential,organic,4x20bags,9.55,0%,,3.18
571911,Liquorice Tea Sachets,Essential,organic,4x20bags,9.55,0%,,3.18
571912,Peppermint & Spearmint Tea Sachets,Essential,organic,4x20bags,9.55,0%,,3.18
571913,Peppermint Tea Sachets,Essential,organic,4x20bags,9.55,0%,,3.18
571932,Yerba Mate Loose Leaf - contains caffeine,Forest Whole Foods,organic,6x250g,34.05,0%,22.70/kg,7.57
571951,Bedtime Rooibos Vanilla Tea,Yogi,organic,6x17bags,12.35,0%,,2.75
571954,Berry Vanilla Tea,Yogi,organic,6x17bags,12.35,0%,,2.75
571955,Breathe Deep Tea,Yogi,organic,6x17bags,12.35,0%,,2.75
571960,Relax Tea,Yogi,organic,6x17bags,12.35,0%,,2.75
571973,Well Being Tea,Yogi,organic,6x17bags,12.35,0%,,2.75
571976,Inner Harmony,Yogi,organic,6x17bags,12.35,0%,,2.75
571977,Heartwarming Tea,Yogi,organic,6x17bags,12.35,0%,,2.75
571978,Lime Mint Tea,Yogi,organic,6x17bags,12.35,0%,,2.75
571981,Ginger Tea,Yogi,organic,6x17bags,12.35,0%,,2.75
571984,Feel Pure,Yogi,organic,6x17bags,12.35,0%,,2.75
571989,Maca Chai Tea,Yogi,organic,6x17bags,12.35,0%,,2.75
571992,Pumpkin Chai,Yogi,organic,6x17bags,12.35,0%,,2.75
571993,Mango Chai Tea,Yogi,organic,6x17bags,12.35,0%,,2.75
571995,Women's Tea,Yogi,organic,6x17bags,12.35,0%,,2.75
571996,Women's Balance Tea,Yogi,organic,6x17bags,12.35,0%,,2.75
571999,Mental Clarity,Yogi,organic,6x17bags,12.35,0%,,2.75
572003,Rooibos Yogi Tea,Yogi,organic,6x17bags,12.35,0%,,2.75
572010,Himalayan Blend Yogi Tea,Yogi,organic,6x17bags,12.35,0%,,2.75
572029,Yogi Christmas Advent Calendar,Yogi,organic,10x1pack,97.00,0%,,12.95
572031,Yogi Christmas Tea Bags,Yogi,organic,6x17bags,12.35,0%,,2.75
572037,Gift Box Favourite Teas Selection,Yogi,organic,6x60g,57.10,0%,158.61/kg,12.69
572055,Loose Classic Chai,Yogi,organic,8x90g,17.70,0%,24.58/kg,2.95
572057,Loose Choco Chai,Yogi,organic,8x90g,17.70,0%,24.58/kg,2.95
572100,Anise Fennel Caraway Tea,Floradix,organic,12x15bags,22.00,0%,,2.44
572102,Camomile Tea,Floradix,organic,12x15bags,22.00,0%,,2.44
572104,Dandelion Tea,Floradix,organic,12x15bags,22.00,0%,,2.44
572108,Hawthorn Tea,Floradix,organic,12x15bags,22.00,0%,,2.44
572110,Lemon Balm Tea,Floradix,organic,12x15bags,22.00,0%,,2.44
572114,Mate Tea,Floradix,organic,12x15bags,22.00,0%,,2.44
572115,Sage Tea,Floradix,organic,12x15bags,22.00,0%,,2.44
572116,Peppermint Tea,Floradix,organic,12x15bags,22.00,0%,,2.44
572117,Thyme Tea,Floradix,organic,12x15bags,22.00,0%,,2.44
572118,Lemon Verbena Tea,Floradix,organic,12x15bags,22.00,0%,,2.44
575010,11 O'clock Rooibosch Tea Bags,Eleven O'Clock,organic,4x40bags,8.70,0%,,2.9
575015,11 O'clock Rooibosch Tea Bags,Eleven O'Clock,organic,4x80bags,16.15,0%,,5.38
580269,Hojicha Roasted Matcha - tin,OMG,organic,1x30g,12.40,0%,413.33/kg,16.53
580270,AAA Grade Matcha - tin,OMG,organic,1x30g,21.25,0%,708.33/kg,28.35
580272,AA grade Matcha - tin,OMG,organic,1x30g,12.80,0%,426.67/kg,17.08
580275,Matcha Grade AA - bag,OMG,organic,1x50g,18.00,0%,360.00/kg,24
580276,Matcha Grade AAA+ - tin,OMG,organic,1x30g,26.75,0%,891.67/kg,35.67
580278,Matcha Latte Sachets Original,OMG,organic,5x6x10g,31.00,0%,103.33/kg,8.27
580279,AAA Grade Gift Set,OMG,organic,1x260g,30.70,0%,118.08/kg,40.93
580281,Matcha Latte Sachets Vanilla,OMG,organic,5x6x12g,31.00,0%,86.11/kg,8.27
580308,Decaf Earl Grey Fairtrade Tea Bags - 40's,Clipper,organic,6x40bags,19.95,0%,,4.43
580310,Assam Tea Bags,Clipper,organic,6x40bags,14.25,0%,,3.17
580314,Breakfast Fairtrade 40 Tea Bags,Clipper,organic,6x40bags,16.60,0%,,3.69
580318,Earl Grey Tea Bags - 80's,Clipper,organic,4x80bags,15.30,0%,,5.1
580320,Earl Grey - food service,Clipper,organic,250bags,21.95,0%,,
580321,Earl Grey Fairtrade Tea Bags - 40's,Clipper,organic,6x40bags,16.40,0%,,3.64
580328,Fairtrade  Everyday Tea Bags,Clipper,organic,6x40bags,16.40,0%,,3.64
580329,Fairtrade  Everyday Tea Bags,Clipper,organic,4x80bags,14.75,0%,,4.92
580330,English Breakfast Tea Bags - 80's,Clipper,organic,4x80bags,15.30,0%,,5.11
580331,Everyday Tea Bags,Clipper,organic,4x80bags,14.00,0%,,4.67
580332,Everyday Decaffeinated Tea Bags,Clipper,organic,6x40bags,19.95,0%,,4.43
580334,Fairtrade Decaffeinated Tea Bags,Clipper,organic,4x80bags,22.85,0%,,7.62
580345,Pure Green Mountain Tea,Dragonfly Tea,organic,4x20bags,9.05,0%,,3.02
580346,Moroccan Mint Green Tea Bags,Dragonfly Tea,organic,4x20bags,9.05,0%,,3.02
580347,Moonlight Jasmine Green Tea Bags,Dragonfly Tea,organic,4x20bags,9.05,0%,,3.02
580349,Digestive Pu'er Tea Bags - was Good Dragon,Dragonfly Tea,organic,4x20bags,9.05,0%,,3.02
580350,Swirling Mist White Tea Bags,Dragonfly Tea,organic,4x20bags,9.05,0%,,3.02
580354,Digestive Chai Pu'er Tea Bags,Dragonfly Tea,organic,4x20bags,9.05,0%,,3.02
580395,Green Tea Loose (Chun Mee),Qi,organic,6x100g,15.75,0%,26.25/kg,3.49
580396,Decaffeinated Green Tea Bags,Qi,organic,6x20bags,17.95,0%,,3.99
580397,Green Tea Bags,Qi,organic,6x25bags,11.20,0%,,2.49
580401,Green Tea Bags with Ginger,Qi,organic,6x25bags,13.50,0%,,2.99
580402,Green Tea Bags Detox,Qi,organic,6x25bags,14.85,0%,,3.29
580406,Jasmine Loose Leaf Green Tea,Qi,organic,6x100g,31.10,0%,51.83/kg,6.92
580408,Oolong Tea,Qi,organic,6x25bags,13.55,0%,,3.01
580411,Oolong Loose Leaf Tea,Qi,organic,8x40g,39.35,0%,122.97/kg,6.56
580412,White Chai Tea,Qi,,6x25bags,20.20,0%,,4.49
580413,Wellness Tea,Qi,,6x25bags,19.20,0%,,4.27
580415,White Tea Bags,Qi,organic,6x25bags,12.55,0%,,2.79
580420,Black Chai,Yogi,organic,6x17bags,12.35,0%,,2.75
580423,Green Chai Yogi Tea,Yogi,organic,6x17bags,12.35,0%,,2.75
580426,Positive Energy Cranberry Hibiscus Tea,Yogi,organic,6x17bags,12.35,0%,,2.75
580442,Green Tea Bags & Matcha,Qi,organic,6x20bags,13.50,0%,,2.99
580455,Green Tea Loose - Single Estate,Hampstead,demeter,6x100g,25.15,0%,41.92/kg,5.59
580459,Earl Grey Loose,Hampstead,demeter,6x100g,25.15,0%,41.92/kg,5.59
580464,English Breakfast Loose,Hampstead,demeter,6x100g,25.15,0%,41.92/kg,5.59
580465,First Flush Loose,Hampstead,demeter,6x100g,32.35,0%,53.92/kg,7.2
580466,Indian Chai - spiced black tea bags,Hampstead,organic,4x20bags,9.55,0%,,3.19
580467,Focus Well - was Oriental Chai,Hampstead,organic,4x20bags,9.55,0%,,3.19
580470,Darjeeling Loose,Hampstead,demeter,6x100g,25.15,0%,41.92/kg,5.59
580475,Oolong Loose,Hampstead,demeter,6x50g,25.15,0%,83.83/kg,5.59
580476,Green Tea & Raspberry,Hampstead,organic,4x20bags,9.55,0%,,3.18
580478,French Vanilla Black Tea Bags,Hampstead,demeter,4x20bags,9.55,0%,,3.18
580479,Assam Loose,Hampstead,organic,6x100g,25.15,0%,41.92/kg,5.59
580481,Black Tea Bags Selection Pack,Hampstead,organic,4x20bags,9.55,0%,,3.18
580482,Green Tea Bags Selection Pack,Hampstead,organic,4x20bags,9.55,0%,,3.18
580483,Assam Tea Bags,Hampstead,organic,4x20bags,9.55,0%,,3.18
580484,Green Tea Bags,Hampstead,demeter,4x20bags,9.55,0%,,3.18
580486,Ginger Green Tea Bags,Hampstead,demeter,4x20bags,9.55,0%,,3.18
580487,Jasmine Green Tea Bags,Hampstead,organic,4x20bags,9.55,0%,,3.18
580489,Mint Green Tea Bags,Hampstead,demeter,4x20bags,9.55,0%,,3.18
580490,Earl Grey Tea Bags,Hampstead,demeter,4x20bags,9.55,0%,,3.18
580491,English Breakfast Tea Bags,Hampstead,organic,4x20bags,9.55,0%,,3.18
580493,Darjeeling Bags,Hampstead,demeter,4x20bags,9.55,0%,,3.18
580494,Matcha Green Tea & Nettle Bags,Hampstead,organic,4x20bags,9.55,0%,,3.18
580532,Assam GBOP Loose Leaf Tea,Organic Herb Trading,organic,1x500g,8.60,0%,17.20/kg,11.47
580533,Darjeeling TGBOP Loose Leaf Tea,Organic Herb Trading,organic,1x500g,12.95,0%,25.90/kg,17.27
580534,Earl Grey Loose Leaf Tea,Organic Herb Trading,organic,1x500g,17.05,0%,34.10/kg,22.73
580535,Decaffeinated Black Loose Leaf Tea,Organic Herb Trading,organic,1x500g,15.65,0%,31.30/kg,20.87
580538,English Breakfast Loose Leaf Tea,Organic Herb Trading,organic,1x500g,13.00,0%,26.00/kg,17.33
580542,Jasmine Green Loose Leaf Tea,Organic Herb Trading,organic,1x500g,20.60,0%,41.20/kg,27.47
580544,Sencha Green Chinese Loose Leaf Tea,Organic Herb Trading,organic,1x500g,13.65,0%,27.30/kg,18.2
580620,Supreme Green Matcha - Fair Trade,Pukka,organic,4x20bags,14.85,0%,,4.96
580625,Supreme Matcha Green,Pukka,organic,4x40bags,21.30,0%,,7.11
580626,Matcha Vanilla Chai powder - tin,Pukka,organic,6x30g,57.75,0%,320.83/kg,12.83
580627,Matcha Tulsi Lemon powder - tin,Pukka,organic,6x30g,57.75,0%,320.83/kg,12.83
580651,Clean Matcha Green,Pukka,organic,4x20bags,14.85,0%,,4.96
580654,Ginseng Matcha Green,Pukka,organic,4x20bags,14.85,0%,,4.96
580656,Mint Matcha Green,Pukka,organic,4x20bags,14.85,0%,,4.96
581020,Classic Earl Grey Tea Bags,Dragonfly Tea,organic,4x20bags,9.05,0%,,3.02
581025,Traditional English Breakfast Tea Bags,Dragonfly Tea,organic,4x20bags,9.05,0%,,3.02
581030,Elegant English Breakfast,Pukka,organic,4x20bags,14.85,0%,,4.96
581032,Gorgeous Earl Grey,Pukka,organic,4x20bags,14.85,0%,,4.96
581050,Original Chai - cinnamon & cardamom,Pukka,organic,4x20bags,14.85,0%,,4.96
590630,Green Fairtrade Teabags - 80's,Clipper,organic,4x80bags,16.40,0%,,5.47
590634,Green Fairtrade Teabags - 40's,Clipper,organic,6x40bags,17.35,0%,,3.86
590638,Pure Green Fairtrade - bags,Clipper,organic,6x20bags,14.70,0%,,3.27
590639,Green Tea & Lemon Fairtrade Teabags - 80's,Clipper,organic,4x80bags,16.40,0%,,5.46
590641,Green Tea with Lemon Bags,Clipper,organic,6x20bags,14.70,0%,,3.27
590682,26 bag White Tea Bags,Clipper,organic,6x26bags,12.70,0%,,2.82
590707,Decaffeinated Green Tea Bags,Clipper,organic,6x40bags,20.80,0%,,4.62
590810,Fairtrade Everyday Tea Bags - food service,Clipper,,6x100bags,36.85,0%,,8.19
591145,China Green Tea Pure & Simple - 80's,Qi,,5x80bags,10.85,0%,,2.89
591148,Green Tea Clarity,Qi,,6x20bags,16.60,0%,,3.69
591164,WellBeing Green Tea - 20's,Qi,,6x20bags,11.65,0%,,2.59
591200,Malawi Earl Grey,Revolver,,12x40bags,27.80,0%,,3.09
591201,Malawi Everyday Breakfast Tea,Revolver,,12x80bags,27.80,0%,,3.09
591202,Malawi Gold Tea,Revolver,,12x80bags,31.80,0%,,3.53
591203,Malawi Platinum Tea,Revolver,,12x80bags,40.00,0%,,4.44
591220,Assam,Steenbergs,organic,4x100g,16.90,0%,42.25/kg,5.63
591221,Earl Grey,Steenbergs,organic,4x60g,13.00,0%,54.17/kg,4.33
591222,English Breakfast,Steenbergs,organic,4x100g,14.30,0%,35.75/kg,4.77
591224,Gingerbread Chai,Steenbergs,organic,4x100g,14.75,0%,36.88/kg,4.92
600460,Dark Roast beans,Bird & Wild,organic,6x200g,24.00,0%,20.00/kg,5.34
600462,Dark Roast R&G,Bird & Wild,organic,6x200g,24.00,0%,20.00/kg,5.34
600464,Light Roast beans,Bird & Wild,organic,6x200g,24.00,0%,20.00/kg,5.34
600465,Light Roast R&G,Bird & Wild,organic,6x200g,24.00,0%,20.00/kg,5.34
600468,Medium Roast beans,Bird & Wild,organic,6x200g,24.00,0%,20.00/kg,5.34
600469,Medium Roast R&G,Bird & Wild,organic,6x200g,24.00,0%,20.00/kg,5.34
600481,CaféDirect Colombia Reserva - 3,CaféDirect,,6x200g,24.15,0%,20.12/kg,5.36
600485,CaféDirect Machu Picchu R&G - 4,CaféDirect,organic,6x200g,24.15,0%,20.12/kg,5.36
600487,CaféDirect Decaf Machu Picchu,CaféDirect,,6x200g,24.15,0%,20.12/kg,5.36
600489,CaféDirect Mayan Gold -5,CaféDirect,organic,6x200g,24.15,0%,20.12/kg,5.36
600497,Whole Coffee Beans - Machu Picchu - 4,CaféDirect,organic,6x200g,24.15,0%,20.12/kg,5.36
600499,Whole Coffee Beans - Mayan Gold - 5,CaféDirect,organic,6x200g,24.15,0%,20.12/kg,5.36
600519,Instant Machu Picchu Coffee - 4,CaféDirect,,6x100g,39.20,0%,65.33/kg,8.71
600521,Instant Decaf Machu Picchu Coffee - 4,CaféDirect,,6x100g,39.20,0%,65.33/kg,8.71
600525,Classic Instant Coffee - single tin - 3,CaféDirect,,1x500g,30.65,0%,61.30/kg,40.92
600546,Whole Coffee Beans - Machu Picchu - 4,CaféDirect,organic,1x750g,15.45,0%,20.60/kg,20.6
600550,Ethiopian Yirgacheffe R&G Coffee - 3,Equal Exchange,organic,8x200g,48.00,0%,30.00/kg,8
600571,Instant Decaf Coffee - 3 - tin,Clipper,organic,1x500g,33.75,0%,67.50/kg,45
600572,Instant Coffee House Blend- 4 - tin,Clipper,organic,1x500g,29.80,0%,59.60/kg,39.73
600575,Instant Decaffeinated Coffee,Clipper,organic,6x100g,40.75,0%,67.92/kg,9.06
600576,Instant Coffee - Latin American,Clipper,organic,6x100g,37.05,0%,61.75/kg,8.23
600578,Instant Coffee - House Blend,Clipper,organic,6x100g,36.90,0%,61.50/kg,8.2
600579,Instant Coffee - Rich Roast,Clipper,organic,6x100g,36.85,0%,61.42/kg,8.19
600580,House Blend Coffee R&G,Clipper,organic,8x227g,46.30,0%,25.50/kg,7.71
600587,Italian Style Coffee R&G,Clipper,organic,8x227g,46.30,0%,25.50/kg,7.71
600592,Decaffeinated Coffee R&G,Clipper,organic,8x227g,54.35,0%,29.93/kg,9.06
600605,Medium R&G Coffee - 3,Equal Exchange,organic,8x200g,36.00,0%,22.50/kg,6
600607,Colombian Excelso R&G Coffee - 3,Equal Exchange,organic,8x200g,48.00,0%,30.00/kg,8
600610,Dark City Roast Coffee Ground - 4,Equal Exchange,organic,8x200g,36.00,0%,22.50/kg,6
600615,Decaf Medium Roast Ground Coffee - 3,Equal Exchange,organic,8x200g,54.00,0%,33.75/kg,9
600635,Coffee Beans - medium roast - 3,Equal Exchange,organic,1x1000g,22.50,0%,22.50/kg,30
600640,Coffee Beans - Dark City roast - 4,Equal Exchange,organic,1x1000g,22.50,0%,22.50/kg,30
600645,Coffee Beans - espresso - 4,Equal Exchange,organic,1x1000g,22.50,0%,22.50/kg,30
600647,Coffee Beans - Italian roast - 5,Equal Exchange,organic,1x1000g,22.50,0%,22.50/kg,30
600648,Coffee Beans - women grown - 3,Equal Exchange,organic,1x1000g,22.50,0%,22.50/kg,30
600654,Coffee Beans - Italian roast - 5,Equal Exchange,organic,8x200g,36.00,0%,22.50/kg,6
600657,Coffee Beans - medium roast - 3,Equal Exchange,organic,8x200g,36.00,0%,22.50/kg,6
600660,Coffee Beans - Dark City roast - 4,Equal Exchange,organic,8x200g,36.00,0%,22.50/kg,6
600662,Coffee Beans - decaffeinated - 3,Equal Exchange,organic,8x200g,54.00,0%,33.75/kg,9
600664,Coffee Beans - women grown - 3,Equal Exchange,organic,8x200g,36.00,0%,22.50/kg,6
600683,Festive Blend Ground Coffee - 4,Equal Exchange,organic,8x200g,41.95,0%,26.22/kg,6.99
600685,Italian Coffee R&G - 5,Equal Exchange,organic,8x200g,36.00,0%,22.50/kg,6
600695,Women Grew This Coffee R&G - 3,Equal Exchange,organic,8x200g,36.00,0%,22.50/kg,6
600770,Infinity Blend - wholebean coffee in a box,Infinity Foods,organic,5kg,111.00,0%,22.20/kg,
600772,Infinity Blend - wholebean coffee in a bag,Infinity Foods,organic,1kg,23.35,0%,23.35/kg,
600803,Grumpy Yule Ground,Grumpy Mule,,6x200g,27.70,0%,23.08/kg,6.16
600833,Beans - Sumatra - 4,Grumpy Mule,organic,6x200g,34.40,0%,28.67/kg,7.65
600845,Colombia Ground - 4,Grumpy Mule,organic,6x200g,34.40,0%,28.67/kg,7.65
600846,Honduras Ground - 4,Grumpy Mule,organic,6x200g,34.40,0%,28.67/kg,7.64
600847,Peru Ground -  Chiclayo - 3,Grumpy Mule,organic,6x200g,34.40,0%,28.67/kg,7.65
600848,Sumatra Ground Gayo Highlands - 4,Grumpy Mule,organic,6x200g,34.40,0%,28.67/kg,7.65
600849,Easy Does It Ground - Decaf - 3,Grumpy Mule,organic,6x200g,36.00,0%,30.00/kg,8
600850,Top Notch Ground - 3,Grumpy Mule,organic,6x200g,34.40,0%,28.67/kg,7.64
600851,High & Mighty Ground Espresso Blend - 5,Grumpy Mule,,6x200g,34.40,0%,28.67/kg,7.64
600852,Kick Ass House Blend Ground - 4,Grumpy Mule,,6x200g,34.40,0%,28.67/kg,7.65
600856,Beans - Colombia - 4,Grumpy Mule,organic,6x200g,34.40,0%,28.67/kg,7.65
600857,Beans - Easy Does It Decaf - 3,Grumpy Mule,organic,6x200g,36.00,0%,30.00/kg,8.01
600858,Beans - Top Notch - 3,Grumpy Mule,organic,6x200g,34.40,0%,28.67/kg,7.65
600859,Beans - High & Mighty Espresso Blend - 5,Grumpy Mule,,6x200g,34.40,0%,28.67/kg,7.65
600860,Beans - Kick Ass House Blend - 4,Grumpy Mule,,6x200g,34.40,0%,28.67/kg,7.65
600861,Beans - Peru Chiclayo - 3 - Bird Friendly,Grumpy Mule,organic,6x200g,34.40,0%,28.67/kg,7.65
601100,Zapatista Coffee Beans,Café Rebelde,organic,10x500g,110.00,0%,22.00/kg,14.72
601114,Zapatista Coffee Ground,Café Rebelde,organic,20x250g,115.40,0%,23.08/kg,7.69
601306,Rich Americano R&G Coffee - 4,Percol,organic,6x200g,20.95,0%,17.46/kg,4.67
601330,Gishwati Rwandan Cloud Forest Coffee R&G - 4,Source,organic,6x205g,35.30,0%,28.70/kg,7.84
601331,Decaf Mexican Cloud Forest - R&G,Source,organic,6x205g,38.00,0%,30.89/kg,8.44
601332,Kilimanjaro Espresso Cloud Forest Coffee R&G - 5,Source,organic,6x205g,35.30,0%,28.70/kg,7.84
601334,Rio Coco Nicaragua R&G - 3,Source,organic,6x205g,36.70,0%,29.84/kg,8.16
601335,Mexican La Sierra Cloud Forest Coffee R&G - 3,Source,organic,6x205g,35.30,0%,28.70/kg,7.84
601336,Uganda Mount Elgon Cloud Forest R&G - 4,Source,organic,6x205g,35.30,0%,28.70/kg,7.84
601365,Decaffeinated - ziplock cafetière ground,Red Roaster,organic,6x200g,35.70,0%,29.75/kg,7.93
601367,Peru - bag cafetière ground,Red Roaster,organic,6x200g,30.50,0%,25.42/kg,6.78
601368,Peru - bag wholebean,Red Roaster,organic,6x200g,30.50,0%,25.42/kg,6.78
601370,Glasshouse - ziplock cafetière ground,Red Roaster,organic,6x200g,32.40,0%,27.00/kg,7.2
601372,Glasshouse - bag wholebean,Red Roaster,organic,1kg,23.65,0%,23.65/kg,
601374,Glasshouse - bag wholebean,Red Roaster,organic,6x200g,32.40,0%,27.00/kg,7.2
601390,Copacabana Blend Coffee Beans,Revolver,,6x250g,35.90,0%,23.93/kg,7.98
601391,Cuba Coffee Beans,Revolver,,6x200g,43.10,0%,35.92/kg,9.58
601392,Cuba Ground Coffee,Revolver,,6x200g,43.10,0%,35.92/kg,9.58
601394,Peru Coffee Beans,Revolver,organic,6x200g,33.60,0%,28.00/kg,7.47
601395,Peru Ground Coffee,Revolver,organic,6x200g,33.60,0%,28.00/kg,7.47
601396,Swiss Water Process® Decaffeinated Ground Coffee,Revolver,organic,6x200g,44.85,0%,37.38/kg,9.97
601399,Honduras Ground Coffee,Revolver,organic,6x200g,33.60,0%,28.00/kg,7.47
601400,Malawi Ground Coffee,Revolver,,6x200g,29.90,0%,24.92/kg,6.64
601401,Malawi Wholebean Coffee,Revolver,,6x200g,29.90,0%,24.92/kg,6.64
611305,Drinking Chocolate - tub,Clipper,,6x250g,24.15,0%,16.10/kg,5.36
611307,Instant Hot Chocolate - tub,Clipper,,6x350g,26.05,0%,12.40/kg,5.79
611310,Instant Hot Chocolate - tub,Clipper,,4x1kg,56.25,0%,14.06/kg,18.73
611314,Nocaf,Clipper,organic,9x100g,22.90,0%,25.44/kg,3.39
611315,Wake Up,Clipper,,9x125g,29.70,0%,26.40/kg,4.4
611514,Cacao Powder,Forest Whole Foods,organic,1x250g,5.45,0%,21.80/kg,7.27
611710,Cocoa Powder - FairTrade,Green & Black,organic,6x125g,14.05,0%,18.73/kg,3.12
611715,Cooking Chocolate Bar - 70%,Green & Black,organic,15x150g,32.70,0%,14.53/kg,2.91
612005,Cocoa Powder - 10-12% fat,Infinity Bulk,organic,25kg,340.00,0%,13.60/kg,
612010,Cocoa Powder - 10-12% fat,Infinity Foods,organic,1kg,20.00,0%,20.00/kg,
612011,Cacao Butter - Raw,Infinity Bulk,organic,15kg,440.00,0%,29.33/kg,
612012,Cacao Butter - Raw,Infinity Foods,organic,5kg,148.50,0%,29.70/kg,
612014,Cacao Butter - Raw,Infinity Foods,organic,1kg,31.20,0%,31.20/kg,
612016,Cacao Butter - Raw,Infinity Foods,organic,6x250g,48.00,0%,32.00/kg,10.67
612018,Cacao Powder 10-12% - Raw,Infinity Bulk,organic,25kg,420.00,0%,16.80/kg,
612020,Cacao Powder 10-12% - Raw,Infinity Foods,organic,1kg,23.50,0%,23.50/kg,
612030,55% Dark Couverture,Infinity Foods,organic,5kg,98.50,0%,19.70/kg,
612035,73% Very Dark Couverture,Infinity Foods,organic,5kg,111.90,0%,22.38/kg,
612040,Milk Couverture,Infinity Foods,organic,5kg,98.50,0%,19.70/kg,
612045,White Couverture,Infinity Foods,organic,5kg,103.05,0%,20.61/kg,
612050,55% Dark Couverture,Infinity Foods,organic,2.5kg,50.10,0%,20.04/kg,
612055,73% Very Dark Couverture,Infinity Foods,organic,2.5kg,56.85,0%,22.74/kg,
612060,Milk Couverture,Infinity Foods,organic,2.5kg,50.10,0%,20.04/kg,
612065,White Couverture,Infinity Foods,organic,2.5kg,52.55,0%,21.02/kg,
612595,Dark Peanut Butter Truffle Bites,Montezuma,,8x120g,22.60,20%,23.54/kg,4.58
612605,Organic Barley Cup,Barley Cup,organic,6x100g,23.60,0%,39.33/kg,5.25
612606,Barley Cup with Calcium and Vitamins,Barley Cup,,6x100g,20.20,0%,33.67/kg,4.49
612607,Barley Cup Original - small,Barley Cup,,6x100g,16.85,0%,28.08/kg,3.75
612609,Barley Cup with Fibre,Barley Cup,,6x100g,20.20,0%,33.67/kg,4.49
612610,Barley Cup Original - large,Barley Cup,,6x200g,29.65,0%,24.71/kg,6.6
612612,Barley Cup Granules,Barley Cup,,6x200g,33.70,0%,28.08/kg,7.49
612613,Barley Cup with Magnesium,Barley Cup,,6x100g,20.20,0%,33.67/kg,4.49
612615,Organic Chicory Cup,Barley Cup,organic,6x100g,24.70,0%,41.17/kg,5.49
612625,Hot Chocolate - pouch,Booja Booja,organic,6x200g,22.45,0%,18.71/kg,4.99
612626,Hazelnut Hot Chocolate - pouch,Booja Booja,organic,6x200g,22.45,0%,18.71/kg,4.99
612627,Orange Hot Chocolate - pouch,Booja Booja,organic,6x200g,22.45,0%,18.71/kg,4.99
612628,Vanilla Chai Spice Hot Chocolate - pouch,Booja Booja,organic,6x200g,22.45,0%,18.71/kg,4.99
612855,Instant Chicory Drink,Prewetts,organic,6x100g,25.75,0%,42.92/kg,5.72
613499,Fine Drinking Chocolate,Vivani,demeter,8x300g,44.90,0%,18.71/kg,7.48
613500,Fine Dark Cooking Chocolate,Vivani,organic,12x150g,53.90,0%,29.94/kg,5.99
614601,Gusto Real Cherry Cola,Gusto,organic,24x250ml,22.00,20%,3.67/l,1.47
614602,Gusto Real Cola,Gusto,organic,24x250ml,22.00,20%,3.67/l,1.47
620018,Beetroot Latte with ginger - Barista,Sweet Revolution,organic,4x100g,27.80,0%,69.50/kg,9.27
620020,Chai Latte with reishi - Barista,Sweet Revolution,organic,4x100g,27.80,0%,69.50/kg,9.27
620023,Cacao Latte with Chaga - Barista,Sweet Revolution,organic,4x100g,27.80,0%,69.50/kg,9.27
620024,Matcha Latte with vanilla - Barista,Sweet Revolution,organic,4x100g,34.65,0%,86.62/kg,11.55
620026,Turmeric Latte with black pepper - Barista,Sweet Revolution,organic,4x100g,27.80,0%,69.50/kg,9.27
620100,Hot Chocolate - Instant,Sweet Revolution,organic,5x200g,31.25,0%,31.25/kg,8.33
620105,Matcha Latte - Instant,Sweet Revolution,organic,5x200g,31.25,0%,31.25/kg,8.33
620110,Reishi Chai Latte - Instant,Sweet Revolution,organic,5x200g,31.25,0%,31.25/kg,8.33
620115,Turmeric Latte - Instant,Sweet Revolution,organic,5x200g,31.25,0%,31.25/kg,8.33
639070,Activate Sparkling ACV with lemon and mint,Apealworld,organic,12x250ml,22.40,20%,7.47/l,2.99
639071,Defence Sparkling ACV with ginger,Apealworld,organic,12x250ml,22.40,20%,7.47/l,2.99
639072,Metabolism Sparkling ACV with mixed spices,Apealworld,organic,12x250ml,22.40,20%,7.47/l,2.99
639086,Blood Orange Bitters Water Kefir,Agua de Madre,,12x250ml,16.95,0%,5.65/l,1.88
639088,Lemon & Ginger Water Kefir,Agua de Madre,,12x250ml,16.95,0%,5.65/l,1.88
639091,Passion Fruit & Raspberry Water Kefir,Agua de Madre,,12x250ml,16.95,0%,5.65/l,1.88
639093,Pink Grapefruit & Lime Water Kefir,Agua de Madre,,12x250ml,16.95,0%,5.65/l,1.88
640105,Mulled Winter Punch - non-alcoholic,Belvoir,,6x750ml,13.50,20%,3.00/l,3.6
640110,Spiced Ginger Punch - non-alcoholic,Belvoir,,6x750ml,13.50,20%,3.00/l,3.6
640360,Coconut Water,Cocofina,organic,12x1l,24.80,20%,2.07/l,3.31
640366,Against the Current - Rhubarb + Hibiscus,Counter Culture,organic,12x330ml,14.40,20%,3.64/l,1.96
640367,Try Dry - Citrus Yuzu,Counter Culture,organic,12x330ml,14.40,20%,3.64/l,1.96
640368,AI of the Storm - Mango + Ginger + Lime,Counter Culture,organic,12x330ml,14.40,20%,3.64/l,1.96
640370,Look Up - Lemongrass + Ginger,Counter Culture,organic,12x330ml,14.40,20%,3.64/l,1.96
640371,Fruit Machine Learning - Raspberry + Elderflower,Counter Culture,organic,12x330ml,14.40,20%,3.64/l,1.96
640375,Blood Orange Kombucha - can,Equinox,organic,12x250ml,12.35,20%,4.12/l,1.65
640376,Cola & Lime Kombucha - can,Equinox,organic,12x250ml,12.35,20%,4.12/l,1.65
640378,Fiery Ginger Kombucha - can,Equinox,organic,12x250ml,12.35,20%,4.12/l,1.65
640379,Pineapple & Mango Kombucha - can,Equinox,organic,12x250ml,12.35,20%,4.12/l,1.65
640380,Raspberry & Elderflower Kombucha - can,Equinox,organic,12x250ml,12.35,20%,4.12/l,1.65
640382,Sicilian Lemon Kombucha - can,Equinox,organic,12x250ml,12.35,20%,4.12/l,1.65
640384,"Watermelon, Cucumber & Ashwagandha - Calming Kombucha - can",Equinox,organic,12x250ml,12.35,20%,4.12/l,1.65
640385,"Apple, Lime, Guarana & Matcha - Energising Kombucha - can",Equinox,organic,12x250ml,12.35,20%,4.12/l,1.65
640395,Lemon Lemonade,Ferment Fizz,,12x330ml,18.55,20%,4.68/l,2.47
640396,Lemon & Raspberry Lemonade,Ferment Fizz,,12x330ml,18.55,20%,4.68/l,2.47
640398,Orange & Mango Lemonade,Ferment Fizz,,12x330ml,18.55,20%,4.68/l,2.47
641009,Coconut Water,Biona,organic,12x1l,28.10,20%,2.34/l,3.75
641012,Kombucha Ginger & Lime,Biona,organic,6x330ml,12.70,20%,6.41/l,3.39
641013,Kombucha Passionfruit & Lemon,Biona,organic,6x330ml,12.70,20%,6.41/l,3.39
641014,Kombucha Original,Biona,organic,6x330ml,12.70,20%,6.41/l,3.39
641016,Kombucha Cherry & Mint,Biona,organic,6x330ml,12.70,20%,6.41/l,3.39
641017,Sparkling Coconut Water,Bonsoy,,12x250ml,13.50,20%,4.50/l,1.8
641018,Sparkling Coconut Water - Passionfruit,Bonsoy,,12x250ml,13.50,20%,4.50/l,1.8
641019,Sparkling Coconut Water - Watermelon,Bonsoy,,12x250ml,13.50,20%,4.50/l,1.8
641022,Cola Kombucha,Suma,organic,24x250ml,23.00,20%,3.83/l,1.54
641033,Elderflower Lemon Kombucha,Suma,organic,24x250ml,23.00,20%,3.83/l,1.54
641035,Ginger Kombucha,Suma,organic,24x250ml,23.00,20%,3.83/l,1.54
641036,Peach & Turmeric Kombucha,Suma,organic,24x250ml,23.00,20%,3.83/l,1.54
641037,Strawberry & Raspberry Kombucha,Suma,organic,24x250ml,23.00,20%,3.83/l,1.54
641038,Lychee Lemongrass Kombucha,Suma,organic,24x250ml,23.00,20%,3.83/l,1.54
641040,"Yuzu, Mint & Matcha Kombucha",Suma,organic,24x250ml,23.00,20%,3.83/l,1.53
641045,Apple Blackberry Kombucha,Raw Vibrant Living,organic,12x250ml,17.90,20%,5.97/l,2.39
641046,Peach Kombucha,Raw Vibrant Living,organic,12x250ml,17.90,20%,5.97/l,2.39
641048,Cherry Water Kefir,Raw Vibrant Living,organic,12x250ml,21.65,20%,7.22/l,2.89
641050,Mango & Passionfruit Water Kefir,Raw Vibrant Living,organic,12x250ml,21.65,20%,7.22/l,2.89
641441,Pure Coco Juice - 1 litre,Dr Martins,organic,6x1l,18.70,20%,3.12/l,4.99
641442,Pure Coco Juice - 330ml,Dr Martins,organic,15x330ml,27.05,20%,5.46/l,2.89
641494,Cherry & Lime Soda,Living Things,,12x330ml,16.10,20%,4.07/l,2.15
641495,Lemon & Ginger Soda,Living Things,,12x330ml,16.10,20%,4.07/l,2.15
641496,Peach & Blood Orange Soda,Living Things,,12x330ml,16.10,20%,4.07/l,2.15
641497,Raspberry & Pomegranate Soda,Living Things,,12x330ml,16.10,20%,4.07/l,2.15
641498,Rhubarb & Apple Soda,Living Things,,12x330ml,16.10,20%,4.07/l,2.15
641499,Watermelon & Lime Soda,Living Things,,12x330ml,16.10,20%,4.07/l,2.15
641505,Honegar - small,Rayners,,6x500ml,22.45,20%,7.48/l,5.99
641507,Honegar,Rayners,,6x750ml,33.70,20%,7.49/l,9
641603,Gusto - Low-Calorie Cola - FT,Gusto,,12x275ml,13.45,20%,4.08/l,1.79
641604,Gusto - Organic Cherry Cola,Gusto,organic,12x275ml,13.45,20%,4.08/l,1.79
641605,Gusto Original Organic Energy,Gusto,organic,12x250ml,14.30,20%,4.77/l,1.91
641606,Gusto - Organic Real Cola - FT,Gusto,organic,12x275ml,13.45,20%,4.08/l,1.79
641608,Gusto - Fiery Ginger with Jalapeño - FT,Gusto,organic,12x275ml,13.45,20%,4.08/l,1.79
641609,Gusto - Sicilian Blood Orange - FT,Gusto,organic,12x275ml,13.45,20%,4.08/l,1.79
641611,Gusto - Lemon Yuzu - FT,Gusto,organic,12x275ml,14.30,20%,4.33/l,1.91
641614,Lemonade Living Soda,Hip Pop,,12x330ml,11.15,20%,2.82/l,1.49
641616,Apple & Elderflower Kombucha,Hip Pop,,12x330ml,11.15,20%,2.82/l,1.49
641617,Blueberry & Ginger Kombucha,Hip Pop,,12x330ml,11.15,20%,2.82/l,1.49
641619,Ginger & Yuzu Kombucha,Hip Pop,,12x330ml,11.15,20%,2.82/l,1.49
641620,Strawberry & Pineapple Kombucha,Hip Pop,,12x330ml,11.15,20%,2.82/l,1.49
641621,Cherry & Blackberry CBD Kombucha,Hip Pop,,12x330ml,14.30,20%,3.61/l,1.91
641623,Passion Fruit & Guava CBD Kombucha,Hip Pop,,12x330ml,14.30,20%,3.61/l,1.91
641624,Pink Grapefruit Living Soda,Hip Pop,,12x330ml,11.05,20%,2.79/l,1.47
641625,Tropical Peach Living Soda,Hip Pop,,12x330ml,11.15,20%,2.82/l,1.49
641627,Ginger & Turmeric Living Soda,Hip Pop,,12x330ml,11.15,20%,2.82/l,1.49
641634,Berries & Cherries Living Soda,Hip Pop,,12x330ml,11.05,20%,2.79/l,1.47
642905,Coconut Water,UFC,,6x1l,10.10,20%,1.68/l,2.69
642920,Blackcurrant Kombucha & ACV,Willy's ACV,organic,12x250ml,15.80,20%,5.27/l,2.11
642922,Raspberry Kombucha & ACV,Willy's ACV,organic,12x250ml,15.80,20%,5.27/l,2.11
660560,Elderflower Cordial,Belvoir,organic,6x500ml,18.10,20%,6.03/l,4.83
660565,Ginger Cordial,Belvoir,organic,6x500ml,18.10,20%,6.03/l,4.83
660574,Sparkling Clementine & Cranberry,Belvoir,,6x750ml,13.50,20%,3.00/l,3.6
660575,Elderflower Pressé,Belvoir,organic,6x750ml,12.90,20%,2.87/l,3.44
660577,Elderflower Pressé,Belvoir,organic,12x275ml,11.85,20%,3.59/l,1.58
660580,Ginger Beer,Belvoir,organic,6x750ml,12.90,20%,2.87/l,3.44
660582,Ginger Beer,Belvoir,organic,12x275ml,11.85,20%,3.59/l,1.58
660588,Sparkling Mango & Peach - can,Belvoir,,12x330ml,6.90,20%,1.74/l,0.92
660589,Raspberry Lemonade - can,Belvoir,,12x330ml,6.90,20%,1.74/l,0.92
660590,Sparkling Elderflower - can,Belvoir,,12x330ml,6.90,20%,1.74/l,0.92
660591,Ginger Beer - can,Belvoir,,12x330ml,6.90,20%,1.74/l,0.92
660675,Acerola Cherry Juice - pure 100%,Biona,organic,6x330ml,28.05,20%,14.17/l,7.49
660677,Blackcurrant Pure Juice - 100%,Biona,organic,6x330ml,17.55,20%,8.86/l,4.69
660680,Apple Juice - Tetra,Biona,organic,6x1l,14.55,20%,2.43/l,3.88
660684,Beetroot Juice - Tetra,Biona,organic,12x500ml,20.15,20%,3.36/l,2.69
660685,Blueberry Juice - 100%,Biona,organic,6x330ml,33.30,20%,16.82/l,8.89
660687,Tart Cherry Juice - 100% - large,Biona,organic,6x1l,35.20,20%,5.87/l,9.39
660688,Tart Cherry Juice - 100% - small,Biona,organic,6x200ml,12.30,20%,10.25/l,3.28
660689,Carrot Juice - Tetra,Biona,organic,12x500ml,18.65,20%,3.11/l,2.49
660690,Pomegranate Juice - 100% - large,Biona,organic,6x1l,31.45,20%,5.24/l,8.4
660692,Pomegranate Juice -100%  - small,Biona,organic,6x200ml,11.20,20%,9.33/l,2.99
660693,Apple Juice - large,Biona,organic,6x750ml,14.95,20%,3.32/l,3.99
660694,Carrot Juice,Biona,organic,6x750ml,14.95,20%,3.32/l,3.99
660695,Orange Juice,Biona,organic,6x750ml,22.05,20%,4.90/l,5.89
660696,Red Grape Juice,Biona,organic,6x750ml,18.30,20%,4.07/l,4.89
660697,Tomato Juice,Biona,organic,6x750ml,16.05,20%,3.57/l,4.29
660707,Peach Apricot and Apple Juice,Biona,organic,6x1l,21.70,20%,3.62/l,5.79
660711,Cranberry Drink - sweetened,Biona,organic,6x750ml,25.05,20%,5.57/l,6.69
660712,Cranberry Juice - 100% - small,Biona,organic,6x330ml,25.05,20%,12.65/l,6.69
660713,Apple & Mango Juice,Biona,organic,6x750ml,22.45,20%,4.99/l,5.99
660714,Cranberry Juice -100% - large,Biona,organic,6x750ml,44.95,20%,9.99/l,12
660716,Beetroot Juice - 100%,Biona,organic,6x750ml,14.20,20%,3.16/l,3.79
660717,Elderberry Juice - 100%,Biona,organic,6x330ml,20.55,20%,10.38/l,5.48
660721,Ginger Juice - 100%,Biona,organic,6x250ml,19.10,20%,12.73/l,5.09
660723,Lemon Juice -100%,Biona,organic,6x250ml,9.15,0%,6.10/l,2.03
660724,Lime Juice -100%,Biona,organic,6x250ml,13.45,0%,8.97/l,2.99
660730,Fibre Shot,Biona,organic,8x95ml,14.95,20%,19.67/l,2.99
660731,Immune Shot,Biona,organic,8x95ml,14.95,20%,19.67/l,2.99
661157,Cloudy Apple,Cawston Press,,6x1l,15.15,20%,2.52/l,4.04
661158,Apple & Elderflower Juice,Cawston Press,,6x1l,15.15,20%,2.52/l,4.04
661159,Apple & Ginger,Cawston Press,,6x1l,15.15,20%,2.52/l,4.04
661160,Apple & Rhubarb,Cawston Press,,6x1l,15.15,20%,2.52/l,4.04
661162,Brilliant Beetroot,Cawston Press,,6x1l,15.15,20%,2.52/l,4.04
661164,Squeezed Orange,Cawston Press,,6x1l,19.95,20%,3.32/l,5.32
661166,Tomato Juice,Cawston Press,,6x1l,15.15,20%,2.52/l,4.04
661170,Apple & Mango Fruit Water - multipack,Cawston Press,,6x3x200ml,13.30,20%,3.69/l,3.55
661172,Apple & Pear Fruit Water - multipack,Cawston Press,,6x3x200ml,13.30,20%,3.69/l,3.55
661174,Apple & Summer Berries Fruit Water - multipack,Cawston Press,,6x3x200ml,13.30,20%,3.69/l,3.55
661200,Cloudy Apple Sparkling,Cawston Press,,24x330ml,21.90,20%,2.77/l,1.46
661202,Cloudy Lemonade Sparkling,Cawston Press,,24x330ml,21.90,20%,2.77/l,1.46
661204,Elderflower Lemonade,Cawston Press,,24x330ml,21.90,20%,2.77/l,1.46
661208,Ginger Beer Sparkling,Cawston Press,,24x330ml,21.90,20%,2.77/l,1.46
661210,Orange Sparkling,Cawston Press,,24x330ml,21.90,20%,2.77/l,1.46
661212,Rhubarb Sparkling,Cawston Press,,24x330ml,21.90,20%,2.77/l,1.46
661213,Sparkling Water & Watermelon,Cawston Press,,12x440ml,13.30,20%,2.52/l,1.77
661220,Black ChariTea,ChariTea,organic,12x330ml,15.65,0%,3.95/l,1.74
661222,Green ChariTea,ChariTea,organic,12x330ml,15.65,0%,3.95/l,1.74
661224,Mate ChariTea,ChariTea,organic,12x330ml,15.65,0%,3.95/l,1.74
661225,Red ChariTea,ChariTea,organic,12x330ml,15.65,0%,3.95/l,1.74
661238,Coconut Mama - still,Drink Mamas,,12x330ml,9.50,20%,2.40/l,1.27
661240,Cola Mama - no caffeine - sparkling,Drink Mamas,organic,12x330ml,9.50,20%,2.40/l,1.27
661242,Ginger Mama with Lemon - sparkling,Drink Mamas,organic,12x330ml,9.50,20%,2.40/l,1.27
661243,Lemon Mama - sparkling,Drink Mamas,organic,12x330ml,9.50,20%,2.40/l,1.27
661244,Mango Mama with Orange - sparkling,Drink Mamas,organic,12x330ml,9.50,20%,2.40/l,1.27
661245,Passion Mama - sparkling,Drink Mamas,organic,12x330ml,9.50,20%,2.40/l,1.27
661246,Orange Mama - sparkling,Drink Mamas,organic,12x330ml,9.50,20%,2.40/l,1.27
661247,Pineapple Mama with Coconut water,Drink Mamas,,12x330ml,9.50,20%,2.40/l,1.27
661270,Gaza Cola,Gaza Cola,,24x250ml,10.65,20%,1.78/l,0.71
661289,Cherry Lee Cherry Soda - can,Karma Drinks,organic,24x250ml,18.20,20%,3.03/l,1.21
661290,Karma Cola - can,Karma Drinks,organic,24x250ml,18.20,20%,3.03/l,1.21
661292,Gingerella Ginger Ale - can,Karma Drinks,organic,24x250ml,18.20,20%,3.03/l,1.21
661295,Lemony Lemonade - can,Karma Drinks,organic,24x250ml,18.20,20%,3.03/l,1.21
661296,Razza Raspberry lemonade - can,Karma Drinks,organic,24x250ml,18.20,20%,3.03/l,1.21
661298,Sugar-free Karma Cola - can,Karma Drinks,,24x250ml,18.20,20%,3.03/l,1.21
661300,Orangeade - can,Karma Drinks,organic,24x250ml,18.20,20%,3.03/l,1.21
661301,Tropikool - can,Karma Drinks,organic,24x250ml,18.20,20%,3.03/l,1.21
661306,Karma Cola - bottle,Karma Drinks,organic,24x300ml,28.55,20%,3.97/l,1.9
661311,Gingerella Ginger Ale - bottle,Karma Drinks,organic,24x300ml,28.55,20%,3.97/l,1.9
661314,Razza Raspberry lemonade - bottle,Karma Drinks,organic,24x300ml,28.55,20%,3.97/l,1.9
661316,Lemony Lemonade - bottle,Karma Drinks,organic,24x300ml,28.55,20%,3.97/l,1.9
661317,Sugar-free Karma Cola - bottle,Karma Drinks,,24x300ml,28.55,20%,3.97/l,1.9
661340,Blood Orange Lemonaid,Lemonaid,organic,12x330ml,15.65,20%,3.95/l,2.09
661342,Ginger Lemonaid,Lemonaid,organic,12x330ml,15.65,20%,3.95/l,2.09
661345,Orange Lemonaid,Lemonaid,organic,12x330ml,15.65,20%,3.95/l,2.09
661541,English Apple Juice,Luscombe,organic,12x270ml,16.75,20%,5.17/l,2.23
661547,Orange Juice,Luscombe,organic,12x270ml,16.75,20%,5.17/l,2.23
661548,Elderflower Bubbly - can,Luscombe,organic,12x320ml,9.90,20%,2.58/l,1.32
661549,Hot Ginger Beer - can,Luscombe,organic,12x320ml,9.90,20%,2.58/l,1.32
661550,Mango & Peach - can,Luscombe,organic,12x320ml,9.90,20%,2.58/l,1.32
661551,Rhubarb Crush - can,Luscombe,organic,12x320ml,9.90,20%,2.58/l,1.32
661552,Sicilian Citrus Crush - can,Luscombe,organic,12x320ml,9.90,20%,2.58/l,1.32
661553,Sicilian Lemonade - can,Luscombe,organic,12x320ml,9.90,20%,2.58/l,1.32
661556,Sparkling Apple Crush - can,Luscombe,organic,12x320ml,9.90,20%,2.58/l,1.32
661561,Damascene Rose Bubbly,Luscombe,organic,12x270ml,14.50,20%,4.48/l,1.93
661562,Ginger Beer Cool,Luscombe,organic,12x270ml,14.30,20%,4.41/l,1.91
661563,Ginger Beer Hot,Luscombe,organic,12x270ml,14.30,20%,4.41/l,1.91
661566,Lemonade Sicilian,Luscombe,organic,12x270ml,14.30,20%,4.41/l,1.91
661569,Raspberry Crush,Luscombe,organic,12x270ml,15.95,20%,4.92/l,2.13
661574,Rhubarb Crush,Luscombe,organic,12x270ml,15.95,20%,4.92/l,2.13
661576,Sicilian Citrus Crush (formerly St Clements),Luscombe,organic,12x270ml,14.90,20%,4.60/l,1.99
661619,Apple Fizz,Pip,organic,24x250ml,23.00,20%,3.83/l,1.53
661620,Cherry Fizz,Pip,organic,24x250ml,23.00,20%,3.83/l,1.53
662205,Apple Juice,Herons Folly Garden,organic,6x1l,18.55,20%,3.09/l,4.95
662422,Sicillian Lemon juice,Mr Organic,organic,12x250ml,22.40,0%,7.47/l,2.49
662433,Adam's Pearmain Apple Juice,Oakwood Farm,organic,6x1l,17.30,20%,2.88/l,4.61
662435,Apple Juice Blend,Oakwood Farm,organic,6x1l,17.30,20%,2.88/l,4.61
662437,Ashmead's Kernel Apple Juice,Oakwood Farm,organic,6x1l,17.30,20%,2.88/l,4.61
662440,Cox Apple Juice Blend,Oakwood Farm,organic,6x1l,17.30,20%,2.88/l,4.61
662445,Fiesta Apple Juice,Oakwood Farm,organic,6x1l,17.30,20%,2.88/l,4.61
662446,Goldrush Apple Juice,Oakwood Farm,organic,6x1l,17.30,20%,2.88/l,4.61
662447,Gala Apple Juice,Oakwood Farm,organic,6x1l,17.30,20%,2.88/l,4.61
662467,Bramley/Dessert Apple Juice Blend,Oakwood Farm,organic,6x1l,17.30,20%,2.88/l,4.61
662468,King's Acre Pippin Apple Juice,Oakwood Farm,organic,6x1l,17.30,20%,2.88/l,4.61
662470,Pear Juice,Oakwood Farm,organic,6x1l,17.30,20%,2.88/l,4.61
662480,OHMG - Sparkling Magnesium Water,OHMG,,12x330ml,15.40,20%,3.89/l,2.23
662482,OHMG - Raspberry & Lemon Balm,OHMG,,12x330ml,15.40,20%,3.89/l,2.23
662484,OHMG - Peach & Rosemary,OHMG,,12x330ml,15.40,20%,3.89/l,2.23
662485,OHMG - Pineapple & Grapefruit,OHMG,,12x330ml,15.40,20%,3.89/l,2.23
662486,OHMG - Blackcurrant & Vitamin C,OHMG,,12x330ml,15.40,20%,3.89/l,2.23
662730,Blackcurrant Squash,Rocks,,6x740ml,15.30,20%,3.45/l,4.08
662731,Lemon Squash,Rocks,,6x740ml,15.30,20%,3.45/l,4.08
662734,Orange Squash,Rocks,,6x740ml,15.30,20%,3.45/l,4.08
662735,Summer Fruit Squash,Rocks,,6x740ml,15.30,20%,3.45/l,4.08
663206,Apple Juice - Concentrate,Suma,,6x400ml,22.45,20%,9.35/l,5.99
663208,Apple & Blackcurrant Juice - Concentrate,Suma,,6x400ml,24.30,20%,10.12/l,6.48
663511,Blueberry Drink,Vitacore,organic,6x500ml,22.30,20%,7.43/l,5.95
663512,Cranberry Drink,Vitacore,organic,6x500ml,22.30,20%,7.43/l,5.95
663513,Pomegranate Juice,Vitacore,organic,6x500ml,14.80,20%,4.93/l,3.95
663514,Prune Juice,Vitacore,organic,6x500ml,22.30,20%,7.43/l,5.95
664344,Lime Lemonaid,Lemonaid,organic,12x330ml,15.65,20%,3.95/l,2.09
664348,Passion Fruit Lemonaid,Lemonaid,organic,12x330ml,15.65,20%,3.95/l,2.09
664505,Apple Juice,James White,organic,6x750ml,16.00,20%,3.56/l,4.27
664507,Apple & Crushed Ginger Juice,James White,organic,6x750ml,16.00,20%,3.56/l,4.27
664510,Carrot & Apple Juice,James White,organic,6x750ml,16.00,20%,3.56/l,4.27
664518,Pear Juice,James White,organic,6x750ml,16.00,20%,3.56/l,4.27
664519,Pear & Raspberry Juice,James White,organic,6x750ml,20.20,20%,4.49/l,5.39
664520,Apple Juice,James White,organic,24x250ml,26.95,20%,4.49/l,1.8
664522,Apple & Crushed Ginger Juice,James White,organic,24x250ml,26.95,20%,4.49/l,1.8
664523,Carrot & Apple Juice,James White,organic,24x250ml,26.95,20%,4.49/l,1.8
664530,Pear Juice,James White,organic,24x250ml,26.95,20%,4.49/l,1.8
664555,Beetroot Juice - Beet It - large - glass,James White,organic,6x750ml,15.10,20%,3.36/l,4.02
664560,Carrot Juice,James White,organic,6x750ml,16.00,20%,3.56/l,4.27
664562,Tomato Juice,James White,organic,6x750ml,16.00,20%,3.56/l,4.27
664565,Mixed Vegetables Juice,James White,organic,6x750ml,16.00,20%,3.56/l,4.27
664592,Beet It - Shot - conc. beetroot juice - plastic,James White,organic,15x70ml,22.05,0%,21.00/l,1.96
664593,Beet It & Ginger - Shot - conc. beetroot juice - plastic,James White,organic,15x70ml,22.05,0%,21.00/l,1.96
664594,Beet It & Turmeric - Shot - conc. beetroot juice - plastic,James White,organic,15x70ml,22.05,0%,21.00/l,1.96
664595,Ginger Beet It - glass,James White,organic,6x750ml,15.50,20%,3.44/l,4.13
664601,Immunity Juice,James White,,8x1l,17.75,20%,2.22/l,3.55
664602,Vitalise Green Juice,James White,,8x1l,24.75,20%,3.09/l,4.95
664605,1l Tetra Beetroot Juice - Beet It,James White,organic,8x1l,21.10,20%,2.64/l,4.22
664607,Prune Juice,James White,,8x1l,22.40,20%,2.80/l,4.48
664608,Veg-It Tetra - blend of 8 vegetables,James White,,8x1l,17.60,20%,2.20/l,3.52
664617,Ginger Guard Zinger Shot,James White,organic,12x70ml,15.35,20%,18.27/l,2.05
664619,Turmeric Revive Zinger Shot,James White,organic,12x70ml,15.35,20%,18.27/l,2.05
664621,Green Uplift Zinger Shot,James White,organic,12x70ml,15.35,20%,18.27/l,2.05
664622,Ginger Zinger Shot,James White,organic,15x70ml,17.20,20%,16.38/l,1.83
664623,Beetroot Focus Zinger Shot,James White,organic,12x70ml,15.35,20%,18.27/l,2.05
664624,Intense Sour Cherry Zinger Shot,James White,,15x70ml,17.20,20%,16.38/l,1.83
664625,Xtra Hot Ginger Zinger Shot,James White,organic,15x70ml,17.20,20%,16.38/l,1.83
664627,Golden Turmeric Juice Zinger Shot,James White,organic,15x70ml,17.20,20%,16.38/l,1.83
664628,Ginger Zinger - 5 Shots,James White,organic,6x330ml,17.65,20%,8.91/l,4.71
664630,Turmeric Zinger - 5 Shots,James White,organic,6x330ml,17.65,20%,8.91/l,4.71
671795,Cherry Cola,Fentimans,,12x275ml,15.50,20%,4.70/l,2.07
671801,Raspberry Lemonade,Fentimans,,12x275ml,15.50,20%,4.70/l,2.07
671802,Curiosity Cola,Fentimans,,12x275ml,15.50,20%,4.70/l,2.07
671803,Dandelion & Burdock,Fentimans,,12x275ml,15.50,20%,4.70/l,2.07
671805,Traditional Ginger Beer - small,Fentimans,,12x275ml,15.50,20%,4.70/l,2.07
671807,Rose Lemonade - small,Fentimans,,12x275ml,15.50,20%,4.70/l,2.07
671810,Victorian Lemonade,Fentimans,,12x275ml,15.50,20%,4.70/l,2.07
671815,Mandarin Seville Orange Jigger,Fentimans,,12x275ml,15.50,20%,4.70/l,2.07
671816,Sparkling Elderflower,Fentimans,,12x275ml,15.50,20%,4.70/l,2.07
671917,Original Tonic Water - Mixer,Fentimans,,6x4x200ml,18.60,20%,3.88/l,4.96
672000,Magnesium Water Energy - pomegranate & rhubarb,BetterYou,,12x250ml,15.35,20%,5.12/l,2.05
672001,Magnesium Water Focus - blueberry & mint,BetterYou,,12x250ml,15.35,20%,5.12/l,2.05
672002,Magnesium Water Hydrate - lime & bergamot,BetterYou,,12x250ml,15.35,20%,5.12/l,2.05
672005,Big Tom - large bottles,James White,,6x750ml,13.70,20%,3.04/l,3.65
672010,Big Tom - small bottles,James White,,24x250ml,23.20,20%,3.87/l,1.55
691570,Apple - cans,Whole Earth,organic,24x330ml,24.35,20%,3.07/l,1.62
691575,Cola - cans,Whole Earth,organic,24x330ml,24.35,20%,3.07/l,1.62
691577,Elderflower - cans,Whole Earth,organic,24x330ml,24.35,20%,3.07/l,1.62
691580,Lemonade - cans,Whole Earth,organic,24x330ml,24.35,20%,3.07/l,1.62
691582,Ginger - cans,Whole Earth,organic,24x330ml,24.35,20%,3.07/l,1.62
691585,Orange/Lemon - cans,Whole Earth,organic,24x330ml,24.35,20%,3.07/l,1.62
691595,Cranberry - cans,Whole Earth,organic,24x330ml,24.35,20%,3.07/l,1.62
702355,Still Mineral Water - in tetra,Aquapax,,12x500ml,7.25,20%,1.21/l,0.99
702361,Sparkling British Spring Water in a can,Aquapax,,24x330ml,13.55,20%,1.71/l,0.93
702379,Raspberry Margarita non-alcoholic,Belvoir,,6x750ml,12.05,20%,2.68/l,3.22
702400,Blackcurrant & Lime Squash,Jurassic Drinks,organic,6x740ml,17.95,20%,4.04/l,4.79
702401,Lemon & Lime Squash,Jurassic Drinks,organic,6x740ml,17.95,20%,4.04/l,4.79
702403,Orange Squash,Jurassic Drinks,organic,6x740ml,17.95,20%,4.04/l,4.79
702420,Glass Bottles Life Still Water,Life,,12x750ml,9.75,20%,1.08/l,1.3
702422,Glass Bottles Life Still Water,Life,,24x330ml,10.60,20%,1.34/l,0.71
702425,Glass Bottles Life Sparkling Water,Life,,12x750ml,9.75,20%,1.08/l,1.3
702426,Glass Bottles Life Sparkling Water,Life,,24x330ml,10.60,20%,1.34/l,0.71
702428,Canned Life Sparkling Water,Life,,24x330ml,10.60,20%,1.34/l,0.71
702430,Canned Life Still Water,Life,,24x330ml,10.60,20%,1.34/l,0.71
702432,Koota Mangosteen Juice,Koota Juice,,24x290ml,59.20,20%,8.51/l,3.95
702433,Koota Mangosteen + Lychee Juice,Koota Juice,,24x290ml,59.20,20%,8.51/l,3.95
702434,Koota Mangosteen & Pomegranate Juice,Koota Juice,,24x290ml,59.20,20%,8.51/l,3.95
705520,Berry Burst Gluten-free Granola,Bio & Me,,5x350g,13.55,0%,7.74/kg,3.61
705521,Blueberry Immunity Support Granola,Bio & Me,,5x360g,13.10,0%,7.28/kg,3.49
705522,Super Nutty Gluten-free Granola,Bio & Me,,5x350g,13.55,0%,7.74/kg,3.61
705523,Cocoa & Hazelnut Protein Boosted Granola,Bio & Me,,5x360g,13.10,0%,7.28/kg,3.49
705524,Low Sugar Naturally Granola,Bio & Me,,5x360g,13.10,0%,7.28/kg,3.49
705525,Fruit and Nut Gluten-free Granola,Bio & Me,,5x350g,13.50,0%,7.71/kg,3.6
705526,Super Seedy & Nutty Granola,Bio & Me,,5x360g,13.10,0%,7.28/kg,3.49
705530,Super Seedy & Nutty Porridge,Bio & Me,,5x400g,9.50,0%,4.75/kg,2.53
705532,Fruit & Nut Muesli,Bio & Me,,5x450g,10.90,0%,4.84/kg,2.91
705533,Super Nutty Muesli,Bio & Me,,5x450g,10.90,0%,4.84/kg,2.91
705534,Pistachio & Chia Overnight Oats,Bio & Me,,5x350g,11.45,0%,6.54/kg,3.05
705535,Cocoa Gluten-free Overnight Oats,Bio & Me,,5x350g,11.45,0%,6.54/kg,3.05
705536,Raspberry & Coconut Overnight Oats,Bio & Me,,5x350g,11.45,0%,6.54/kg,3.05
705537,Pistachio & Vanilla Low Sugar Granola,Bio & Me,,5x360g,13.10,0%,7.28/kg,3.49
722219,Organic Pure Oaty Barista - gluten-free,Glebe Farm,organic,6x1l,12.60,0%,2.10/l,2.79
722221,Pure Oaty Barista - gluten-free,Glebe Farm,,6x1l,11.50,0%,1.92/l,2.56
722222,Pure Oaty Creamy Enriched - gluten-free,Glebe Farm,,6x1l,11.50,0%,1.92/l,2.56
723005,Custard Powder - all natural,Just Wholefoods,,12x100g,16.50,0%,13.75/kg,1.83
723007,VegeSet - alternative to gelatine,Just Wholefoods,,10x25g,19.50,0%,78.00/kg,2.6
723010,Lively Lemon Jelly Crystals - with sugar,Just Wholefoods,,12x85g,16.50,0%,16.18/kg,1.83
723015,Raw Raspberry Jelly Crystals - with sugar,Just Wholefoods,,12x85g,16.50,0%,16.18/kg,1.83
723020,Simply Strawberry Jelly Crystals - with sugar,Just Wholefoods,,12x85g,16.50,0%,16.18/kg,1.83
723025,Tropical Twist Jelly Crystals - with sugar,Just Wholefoods,,12x85g,16.50,0%,16.18/kg,1.83
723203,Barista Coconut alternative to milk + Calcium,Koko,,6x1l,8.95,0%,1.49/l,1.99
723205,Original Coconut alternative to milk + Calcium,Koko,,6x1l,8.70,0%,1.45/l,1.93
723211,Unsweetened Coconut alternative to milk + Calcium,Koko,,6x1l,8.70,0%,1.45/l,1.93
723540,Barista Oat,Minor Figures,,6x1l,7.75,0%,1.29/l,1.72
723541,Oat M*lk - bag in box,Minor Figures,,10l,19.30,0%,1.93/l,
723543,Barista Chai Concentrate,Minor Figures,organic,6x1l,25.35,0%,4.23/l,5.63
723546,Barista Oat (Organic),Minor Figures,organic,6x1l,8.15,0%,1.36/l,1.81
723550,Barista Oat (Regenerative),Minor Figures,,6x1l,8.65,0%,1.44/l,1.92
723560,Activated Almond  M*lk,Nutty Bruce,organic,6x1l,12.30,0%,2.05/l,2.73
723564,Activated Almond & Coconut M*lk,Nutty Bruce,organic,6x1l,12.30,0%,2.05/l,2.73
723568,Activated Almond & Oat M*lk,Nutty Bruce,organic,6x1l,12.30,0%,2.05/l,2.73
724002,Soya Drink,Plamil,organic,8x1l,17.80,0%,2.23/l,2.97
724005,Barista Soya Drink,Rude Health,organic,6x1l,9.00,0%,1.50/l,2
724030,Oat Drink,Plenish,organic,8x1l,11.50,0%,1.44/l,1.92
724031,Enriched Oat - calcium & vitamins,Plenish,,8x1l,11.50,0%,1.44/l,1.92
724032,Oat Barista,Plenish,organic,6x1l,9.25,0%,1.54/l,2.06
724033,Zero Sugar Oat,Plenish,organic,8x1l,11.50,0%,1.44/l,1.92
724038,Almond Drink,Plenish,organic,8x1l,13.20,0%,1.65/l,2.2
724040,Almond Barista,Plenish,organic,6x1l,10.55,0%,1.76/l,2.34
724042,Soya Drink,Plenish,organic,8x1l,11.50,0%,1.44/l,1.92
724043,Soya Barista,Plenish,organic,6x1l,9.25,0%,1.54/l,2.06
724044,Cashew Drink,Plenish,organic,8x1l,13.20,0%,1.65/l,2.2
724046,Coconut Drink,Plenish,organic,8x1l,13.20,0%,1.65/l,2.2
724583,Barista Pistachio,Rude Health,,6x1l,20.30,0%,3.38/l,4.51
724584,Oat Barista Drink,Rude Health,organic,6x1l,11.20,0%,1.87/l,2.49
724587,Pure Almond Drink - was Ultimate,Rude Health,organic,6x1l,14.70,0%,2.45/l,3.27
724590,Almond Drink - with rice - Large,Rude Health,organic,6x1l,10.30,0%,1.72/l,2.29
724591,Cashew Drink,Rude Health,organic,6x1l,15.70,0%,2.62/l,3.49
724592,Brown Rice Drink,Rude Health,organic,6x1l,9.50,0%,1.58/l,2.11
724593,Coconut Drink,Rude Health,organic,6x1l,11.45,0%,1.91/l,2.54
724594,Hazelnut Drink,Rude Health,organic,6x1l,11.45,0%,1.91/l,2.54
724595,Oat Drink,Rude Health,organic,6x1l,9.50,0%,1.58/l,2.11
724598,Tiger Nut Drink,Rude Health,organic,6x1l,13.45,0%,2.24/l,2.99
724601,Soya Drink,Rude Health,organic,6x1l,10.35,0%,1.72/l,2.3
724605,Soya Natural - unsweetened,Sojade,organic,8x1l,9.95,0%,1.24/l,1.66
724606,Barista Almond Drink,Rude Health,,6x1l,11.20,0%,1.87/l,2.49
724607,Barista Coconut Drink,Rude Health,,6x1l,11.20,0%,1.87/l,2.49
724608,Barista Oat Drink,Rude Health,,6x1l,9.00,0%,1.50/l,2
724609,Almond No Sugars Drink,Rude Health,organic,6x1l,12.10,0%,2.02/l,2.69
724611,Soya Sweetened with wheat syrup - gluten free,Sojade,organic,8x1l,11.05,0%,1.38/l,1.84
724612,Soya Protein - unsweetened,Sojade,organic,8x750ml,9.95,0%,1.66/l,1.66
724615,Soya + Vanilla,Sojade,organic,8x1l,12.25,0%,1.53/l,2.04
724616,Oat No Sugars Drink,Rude Health,organic,6x1l,11.20,0%,1.87/l,2.49
724618,Sojade Cuisine - Soya Cream,Sojade,organic,8x500ml,11.25,0%,2.81/l,1.88
724620,Sojade Cuisine - Soya Cream,Sojade,organic,24x200ml,16.40,0%,3.42/l,0.91
724622,Chocolate Soya Dessert - Custard,Sojade,organic,8x530g,8.75,0%,2.06/kg,1.46
724624,Vanilla Soya Dessert - Custard,Sojade,organic,8x530g,9.00,0%,2.12/kg,1.5
724648,Hemp Drink - unsweetened,Soon,organic,8x1l,14.70,0%,1.84/l,2.45
724653,Oat Drink - unsweetened,Soon,organic,8x1l,10.25,0%,1.28/l,1.7
724854,Barista Hazelnut,Rude Health,,6x1l,14.10,0%,2.35/l,3.13
724950,Roasted Almond Oat Drink,Rude Health,organic,6x1l,11.20,0%,1.87/l,2.49
725041,Oat & Protein,Kallo,organic,6x1l,8.10,0%,1.35/l,1.8
725042,Gluten-free Oat,Kallo,organic,6x1l,8.10,0%,1.35/l,1.8
725705,Barista Edition Coconut Flavour,Oatly,,6x1l,8.80,0%,1.47/l,1.96
725706,Barista Oat Drink - large,Oatly,,6x1.5l,13.45,0%,1.49/l,2.99
725707,Semi Oat Drink (calcium & vitamins),Oatly,,6x1l,9.60,0%,1.60/l,2.13
725708,Barista Oat Drink,Oatly,organic,6x1l,8.50,0%,1.42/l,1.88
725709,No Sugars Oat Drink (calcium & vitamins),Oatly,,6x1l,9.60,0%,1.60/l,2.13
725710,Oat Drink,Oatly,organic,6x1l,7.35,0%,1.22/l,1.62
725711,Whole Oat Drink (calcium & vitamins),Oatly,,6x1l,9.60,0%,1.60/l,2.13
725713,Chocolate Oat Drink with calcium & vitamins,Oatly,,6x1l,9.20,0%,1.53/l,2.04
725714,Barista Oat Drink,Oatly,,6x1l,10.00,0%,1.67/l,2.22
725715,Oatly (dairy-free alt. to) Cream,Oatly,organic,18x250ml,12.15,0%,2.70/l,0.9
725717,Barista Oat Drink,Oatly,,10x500ml,10.15,0%,2.03/l,1.35
725718,Oat Drink Vanilla Flavour,Oatly,,6x1l,9.20,0%,1.53/l,2.04
725719,Barista Edition Lighter Taste Oat Drink,Oatly,,6x1l,10.00,0%,1.67/l,2.22
725722,Oat Drink Chocolate,Oatly,,18x250ml,11.45,0%,2.54/l,0.86
726416,Soya unsweetened Drink,Alpro,organic,8x1l,18.10,0%,2.26/l,3.02
726500,Coconut Milk Powder,Biona,organic,12x150g,35.90,0%,19.94/kg,3.99
726505,Bonsoy,Bonsoy,,6x1l,15.95,0%,2.66/l,3.54
726510,Coconut Milk - Semi,Dr Martins,organic,6x1l,15.65,0%,2.61/l,3.49
726511,Coconut Milk - Whole,Dr Martins,organic,6x1l,15.65,0%,2.61/l,3.49
726530,Sproud - Unsweetened,Sproud,,6x1l,7.00,0%,1.17/l,1.56
726536,Sproud Barista,Sproud,,6x1l,7.00,0%,1.17/l,1.56
726537,Sproud Barista Zero,Sproud,,6x1l,7.00,0%,1.17/l,1.56
726539,Sproud Vanilla,Sproud,,6x1l,7.00,0%,1.17/l,1.56
726555,Barista Chai Classic concentrate,Yogi,organic,6x1l,15.20,0%,2.53/l,3.46
737763,Blackcurrant with Stevia - box,Ricola,,20x45g,16.90,20%,18.78/kg,1.35
750105,Natural Corn Chips (small),Amaizin,organic,15x75g,13.60,0%,12.09/kg,1.21
750106,Nacho Cheese Corn Chips,Amaizin,organic,10x150g,15.55,0%,10.37/kg,2.07
750110,Chilli Corn Chips,Amaizin,organic,15x75g,14.30,0%,12.71/kg,1.27
750120,Paprika Corn Chips,Amaizin,organic,15x75g,14.30,0%,12.71/kg,1.27
750123,Family Bag Natural Corn Chips,Amaizin,organic,10x150g,12.50,0%,8.33/kg,1.67
750124,Extra Large Natural Corn Chips,Amaizin,organic,10x250g,17.45,0%,6.98/kg,2.33
750126,Salsa Chip-Dip - Hot,Amaizin,organic,6x260g,13.00,0%,8.33/kg,2.89
750131,Salsa Chip-Dip - Sweet,Amaizin,organic,6x260g,13.00,0%,8.33/kg,2.89
750135,Tomato Corn Rolls,Amaizin,organic,14x100g,20.85,0%,14.89/kg,1.98
750136,Tortilla Rolls - Jalapeño,Amaizin,organic,14x100g,20.85,0%,14.89/kg,1.98
750138,Alchemy Bites Carob & Hemp,Ancestral Superfoods,organic,8x40g,9.45,20%,29.53/kg,1.89
750139,Alchemy Bites Apple & Fermented Rice Bran,Ancestral Superfoods,organic,8x40g,9.45,20%,29.53/kg,1.89
750195,Sesame Pretzels,Biona,demeter,12x125g,26.00,0%,17.33/kg,2.89
750210,Crunchy & Puffed Apple,Bonny Bite,organic,6x18g,13.25,0%,122.69/kg,2.95
750212,Crunchy & Puffed Melon,Bonny Bite,organic,6x18g,13.25,0%,122.69/kg,2.95
750213,Crunchy & Puffed Strawberries,Bonny Bite,organic,6x18g,13.25,0%,122.69/kg,2.95
750214,Crunchy & Puffed Veg Medley,Bonny Bite,organic,6x18g,13.25,0%,122.69/kg,2.95
750215,Dried Kiwi,Bonny Bite,organic,6x40g,13.25,0%,55.21/kg,2.95
750216,Dried Melon,Bonny Bite,organic,6x40g,13.25,0%,55.21/kg,2.95
750217,Dried Watermelon,Bonny Bite,organic,6x40g,13.25,0%,55.21/kg,2.95
750287,Roasted Tamari Almonds,Clearspring,organic,15x30g,18.65,20%,41.44/kg,1.99
750290,Tamari Roasted Cashew Nuts,Clearspring,organic,15x30g,18.65,20%,41.44/kg,1.99
750295,Tamari Roasted Pumpkin Seeds,Clearspring,organic,15x30g,16.75,0%,37.22/kg,1.5
750296,Brown Rice Crackers Green Nori & Tamari,Clearspring,organic,12x40g,20.60,0%,42.92/kg,2.29
750297,Whole Sesame Brown Rice Crackers,Clearspring,organic,12x40g,20.60,0%,42.92/kg,2.29
750298,Black Sesame Brown Rice Crackers,Clearspring,organic,12x40g,20.60,0%,42.92/kg,2.29
750299,Brown Rice Crackers Black Pepper & Tamari,Clearspring,organic,12x40g,20.60,0%,42.92/kg,2.29
750999,Cajun Barbecue - Ridge Cut,Fairfields,,10x150g,11.45,20%,7.63/kg,1.86
751000,Bacon & Tomato,Fairfields,,36x40g,15.10,20%,10.49/kg,0.68
751002,Cheese & Onion,Fairfields,,36x40g,15.10,20%,10.49/kg,0.68
751004,Lightly Sea Salted,Fairfields,,36x40g,15.10,20%,10.49/kg,0.68
751006,Roast Rib of Beef,Fairfields,,36x40g,15.10,20%,10.49/kg,0.68
751007,Prawn Cocktail,Fairfields,,36x40g,15.10,20%,10.49/kg,0.68
751008,Sea Salt & Aspall Cyder Vinegar,Fairfields,,36x40g,15.10,20%,10.49/kg,0.68
751010,Sea Salt & Black Pepper,Fairfields,,36x40g,15.10,20%,10.49/kg,0.68
751012,Sweet Chilli,Fairfields,,36x40g,15.10,20%,10.49/kg,0.68
751016,Bacon & Tomato,Fairfields,,10x150g,11.45,20%,7.63/kg,1.86
751018,Cheese & Onion,Fairfields,,10x150g,11.45,20%,7.63/kg,1.86
751019,Prawn Cocktail,Fairfields,,10x150g,11.45,20%,7.63/kg,1.86
751020,Lightly Sea Salted,Fairfields,,10x150g,11.45,20%,7.63/kg,1.86
751022,Roast Rib of Beef,Fairfields,,10x150g,11.45,20%,7.63/kg,1.86
751024,Sea Salt & Aspall Cyder Vinegar,Fairfields,,10x150g,11.45,20%,7.63/kg,1.86
751026,Sea Salt & Black Pepper,Fairfields,,10x150g,11.45,20%,7.63/kg,1.86
751027,Honey Roasted Chestnut & Sage,Fairfields,,10x150g,13.45,20%,8.97/kg,2.18
751028,Sweet Chilli,Fairfields,,10x150g,11.45,20%,7.63/kg,1.86
751070,Broccoli Florets,DJ&A,,12x25g,23.30,0%,77.67/kg,2.78
751071,Pickle-Licious - Pickle Flavoured Cucumber Crisps,DJ&A,,9x50g,20.15,0%,44.78/kg,3.2
751072,Crispy Beetroot Slices,DJ&A,,10x35g,19.45,0%,55.57/kg,2.78
751073,Crispy Garlic Cloves,DJ&A,,12x45g,23.30,0%,43.15/kg,2.78
751074,Mixed Mushroom Crisps,DJ&A,,12x30g,23.30,0%,64.72/kg,2.78
751075,Shiitake Mushroom Crisps,DJ&A,,12x30g,23.30,0%,64.72/kg,2.78
751077,Shiitake Mushroom Crisps Smoked Chilli & Garlic,DJ&A,,12x30g,23.30,0%,64.72/kg,2.78
751078,Sugar Snap Pea Crisps,DJ&A,,10x30g,19.45,0%,64.83/kg,2.78
751079,Yellow Sweet Potato Crisps,DJ&A,,10x55g,19.45,0%,35.36/kg,2.78
751191,Caramelised Onion & Balsamic Vinegar Hummus Chips - large,Eat Real,,10x110g,12.85,0%,11.68/kg,1.84
751193,Chilli & Lemon Hummus Chips - large,Eat Real,,10x110g,12.85,0%,11.68/kg,1.84
751195,Sour Cream & Chives Hummus Chips - large,Eat Real,,10x110g,12.85,0%,11.68/kg,1.84
751196,Tomato & Basil Hummus Chips - large,Eat Real,,10x110g,12.85,0%,11.68/kg,1.84
751197,Sea Salt Hummus Chips - large,Eat Real,,10x110g,12.85,0%,11.68/kg,1.84
751198,Chilli Lime & Sea Salt Hummus Chips - large,Eat Real,,10x110g,12.85,0%,11.68/kg,1.84
751199,Italian Cheese & Black Pepper Hummus Chips - large,Eat Real,,10x110g,12.85,0%,11.68/kg,1.84
751201,Sea Salt Hummus Chips,Eat Real,,18x45g,9.50,0%,11.73/kg,0.79
751202,Sour Cream & Chives Hummus Chips,Eat Real,,18x45g,9.50,0%,11.73/kg,0.79
751203,Tomato & Basil Hummus Chips,Eat Real,,18x45g,9.50,0%,11.73/kg,0.79
751204,Caramelised Onion & Balsamic Vinegar Hummus Chips,Eat Real,,18x45g,9.50,0%,11.73/kg,0.79
751206,Italian Cheese & Black Pepper Hummus Chips,Eat Real,,18x45g,9.50,0%,11.73/kg,0.79
751215,Chargrilled Red Pepper Lentil Chips - large,Eat Real,,10x95g,12.85,0%,13.53/kg,1.84
751217,Chilli & Lemon Lentil Chips - large,Eat Real,,10x95g,12.85,0%,13.53/kg,1.84
751218,Creamy Dill Lentil Chips - large,Eat Real,,10x95g,12.85,0%,13.53/kg,1.84
751221,Sea Salt Lentil Chips - large,Eat Real,,10x95g,12.85,0%,13.53/kg,1.84
751224,Chilli & Lemon Lentil Chips,Eat Real,,18x40g,9.50,0%,13.19/kg,0.79
751226,Creamy Dill Lentil Chips,Eat Real,,18x40g,9.50,0%,13.19/kg,0.79
751231,Sea Salt Lentil Chips,Eat Real,,18x40g,9.50,0%,13.19/kg,0.79
751233,Greek Cheese Tomato & Herb Lentil Chips - large,Eat Real,,10x95g,12.85,0%,13.53/kg,1.84
751244,Chilli & Lime Multiseed Tortillas,Eat Real,,10x160g,14.35,0%,8.97/kg,1.91
751245,Tomato Salsa Multiseed Tortillas,Eat Real,,10x160g,14.35,0%,8.97/kg,1.91
751246,Sea Salt Multiseed Tortillas,Eat Real,,10x160g,14.35,0%,8.97/kg,1.91
751251,Sour Cream & Chives Quinoa Chips,Eat Real,,10x90g,12.85,0%,14.28/kg,1.84
751254,Sundried Tomato & Roast Garlic Quinoa Chips,Eat Real,,10x90g,12.85,0%,14.28/kg,1.84
751271,Sour Cream & Chives Quinoa Chips - small,Eat Real,,18x40g,9.50,0%,13.19/kg,0.79
751287,Veggie Straws - small,Eat Real,,18x45g,9.50,0%,11.73/kg,0.79
751288,Veggie Straws - large,Eat Real,,10x110g,12.85,0%,11.68/kg,1.74
751291,Veggie Straws Smoked Paprika & Chilli - large,Eat Real,,10x110g,12.85,0%,11.68/kg,1.74
751292,Veggie Straws with Sweet Barbecue Glaze,Eat Real,,10x110g,12.30,0%,11.18/kg,1.64
752001,Dry Roasted Almonds (8x140g),Foodin,organic,8x140g,17.85,20%,15.94/kg,3.57
752002,Dry Roasted Cashews (8x140g),Foodin,organic,8x140g,17.85,20%,15.94/kg,3.57
752003,Dry Roasted Rosemary Cashews with honey,Foodin,organic,8x120g,17.85,20%,18.59/kg,3.57
752025,Bombay Mix,Infinity Bulk,,15kg,72.95,0%,4.86/kg,
752032,Seasalt & Black Pepper Cashews,Infinity Bulk,,12.5kg,150.00,20%,12.00/kg,
752035,Japanese Rice Crackers,Infinity Foods,,8kg,58.00,20%,7.25/kg,
752080,Beetroot Crisps,Junk Crisps,organic,12x100g,19.90,0%,16.58/kg,2.21
752082,Mixed Veg Crisps,Junk Crisps,organic,12x100g,19.90,0%,16.58/kg,2.21
752084,Sweet Potato Crisps,Junk Crisps,organic,12x100g,19.90,0%,16.58/kg,2.21
752210,Corn Snack - Rosemary,Fiorentini,organic,16x50g,14.10,20%,17.62/kg,1.41
752217,Pop's Black Rice - Crunchy Triangles,Fiorentini,organic,12x80g,17.50,0%,18.23/kg,1.95
752218,Pop's Buckwheat Quinoa Amaranth - Crunchy Triangles,Fiorentini,organic,12x80g,17.50,0%,18.23/kg,1.95
752219,Pop's Corn Crisps - Crunchy Triangles,Fiorentini,organic,12x100g,13.15,0%,10.96/kg,1.46
752221,Pop's Pulses - Crunchy Triangles,Fiorentini,organic,12x80g,13.15,0%,13.70/kg,1.46
752222,Pop's Rice Crisps - Crunchy Triangles,Fiorentini,organic,12x100g,13.95,0%,11.62/kg,1.55
752225,Rice Snack - Rosemary,Fiorentini,organic,16x40g,14.10,20%,22.03/kg,1.41
752305,Roasted Fava Beans - Lightly Sea Salted,Hodmedod's,,10x300g,22.75,0%,7.58/kg,3.03
752310,Roasted Fava Beans - Sea Salt & Cider Vinegar,Hodmedod's,,10x300g,22.75,0%,7.58/kg,3.03
752315,Roasted Fava Beans - Unsalted,Hodmedod's,,10x300g,22.75,0%,7.58/kg,3.03
752325,Roasted Green Peas - Lightly Sea Salted,Hodmedod's,,10x300g,22.75,0%,7.58/kg,3.03
752340,Tortilla Chips Avocado Guacamole,Mr Free'd,,12x135g,15.30,0%,9.44/kg,1.7
752342,Tortilla Chips Blue Maize,Mr Free'd,,12x135g,15.30,0%,9.44/kg,1.7
752343,Tortilla Chips Chia Seed,Mr Free'd,,12x135g,15.30,0%,9.44/kg,1.7
752345,Tortilla Chips Chilli Lime Fiery Hot,Mr Free'd,,12x135g,15.30,0%,9.44/kg,1.7
752347,Tortilla Chips Kale Spinach,Mr Free'd,,12x135g,15.30,0%,9.44/kg,1.7
752350,Popcorn Plus,Marigold,,18x20g,11.80,20%,32.78/kg,1.05
752640,Pappadums - Black Pepper,Natco,,10x200g,12.80,0%,6.40/kg,1.71
752645,Pappadums - Jeera (Cumin),Natco,,10x200g,12.50,0%,6.25/kg,1.67
752650,Pappadums - Garlic,Natco,,10x200g,12.00,0%,6.00/kg,1.6
752655,Pappadums - Plain,Natco,,10x200g,12.00,0%,6.00/kg,1.6
752656,Roasted & Salted Protein Nut Crunch,Profusion,organic,10x45g,18.70,20%,41.56/kg,2.99
752657,Roasted Tamari Protein Nut Crunch,Profusion,organic,10x45g,18.70,20%,41.56/kg,2.99
752658,Protein Puffs Lemon & Black Pepper,Profusion,organic,14x40g,17.40,20%,31.07/kg,1.99
752659,Protein Puffs Paprika & Himalayan Salt,Profusion,organic,14x40g,17.40,20%,31.07/kg,1.99
752736,Super Bites,Raw Living,organic,8x40g,13.95,20%,43.59/kg,2.79
752745,Corn Triangles,Rude Health,organic,6x100g,7.75,0%,12.92/kg,1.85
752747,Chickpea Triangles,Rude Health,organic,6x80g,7.75,0%,16.15/kg,1.85
752748,High Protein Lentil Triangles,Rude Health,,6x70g,7.75,0%,18.45/kg,1.85
752770,Lightly Salted Seaweed Chips,Shore,,14x25g,11.85,0%,33.86/kg,1.21
752771,Salt & Balsamic Seaweed Chips,Shore,,14x25g,11.85,0%,33.86/kg,1.21
752772,Peking Duck Seaweed Chips,Shore,,14x25g,11.85,0%,33.86/kg,1.21
752774,Sweet Sriracha Seaweed Chips,Shore,,14x25g,11.85,0%,33.86/kg,1.21
752776,Lightly Salted Seaweed Chips - Share Bag,Shore,,12x80g,21.00,0%,21.88/kg,2.48
752777,Salt & Balsamic Seaweed Chips - Share Bag,Shore,,12x80g,21.00,0%,21.88/kg,2.48
752778,Peking Duck Seaweed Chips - Share Bag,Shore,,12x80g,21.00,0%,21.88/kg,2.48
752780,Sweet Sriracha Seaweed Chips - Share Bag,Shore,,12x80g,21.00,0%,21.88/kg,2.48
752785,Chips de Madrid - Jalapeno,Superbon,,10x125g,17.80,20%,14.24/kg,3.05
752791,Chips de Madrid - Seaweed,Superbon,,10x125g,17.80,20%,14.24/kg,3.05
752794,Chips de Madrid - Salt,Superbon,,10x125g,15.65,20%,12.52/kg,2.68
752795,Chips de Madrid - Salt & Pepper,Superbon,,10x125g,15.65,20%,12.52/kg,2.68
752796,Chips de Madrid - Pimento Chilli Pepper,Superbon,,10x125g,15.65,20%,12.52/kg,2.68
752798,Chips de Madrid - Truffle,Superbon,,10x125g,17.80,20%,14.24/kg,3.05
752799,Chips de Madrid - Salt & Vinegar,Superbon,,10x125g,15.65,20%,12.52/kg,2.68
752800,Chips de Madrid - Yellow Paprika,Superbon,,10x125g,15.65,20%,12.52/kg,2.68
753262,Pretzel Sticks,Trafo,organic,12x100g,17.60,0%,14.67/kg,1.96
753263,Sea Salted Popped Corn,Trafo,organic,12x50g,25.80,20%,43.00/kg,3.44
753264,Sweet Popped Corn,Trafo,organic,12x50g,25.80,20%,43.00/kg,3.44
753266,"Vegetable Crisps (carrot, parsnip, beetroot)",Trafo,organic,12x75g,27.30,20%,30.33/kg,3.64
753267,Corn Tortilla Cheese Chips,Trafo,organic,15x75g,22.35,0%,19.87/kg,1.99
753268,Paprika Crinkle Cut Potato Crisps,Yakso,organic,12x125g,29.90,20%,19.93/kg,3.99
753269,Salted Crinkle Cut Potato Crisps,Yakso,organic,12x125g,29.90,20%,19.93/kg,3.99
753276,Corn Peanut Flips,Trafo,organic,8x75g,14.70,0%,24.50/kg,2.45
753285,Rosemary & Himalaya Salt Hand Cooked Crisps,Trafo,organic,15x40g,15.60,20%,26.00/kg,1.66
753287,Sea Salt Hand Cooked Crisps,Trafo,organic,15x40g,15.60,20%,26.00/kg,1.66
753290,Sea Salt & Pepper Hand Cooked Crisps,Trafo,organic,15x40g,15.60,20%,26.00/kg,1.66
753292,Truffle Potato Crisps,Trafo,organic,12x100g,34.45,20%,28.71/kg,4.59
753300,Salted Crisps - fried in coconut oil,Trafo,organic,12x100g,29.50,20%,24.58/kg,3.93
753301,Salted Crisps - fried in EV olive oil,Trafo,organic,12x100g,36.90,20%,30.75/kg,4.92
753305,Salted Crisps,Trafo,organic,12x125g,25.05,20%,16.70/kg,3.34
753310,Salted Crisps,Trafo,organic,15x40g,15.60,20%,26.00/kg,1.66
753324,Hungarian Paprika Crisps,Yakso,organic,12x125g,25.40,20%,16.93/kg,3.39
753325,Paprika Crisps,Trafo,organic,12x125g,25.05,20%,16.70/kg,3.34
753326,Sourcream & Onion Crisps,Yakso,organic,12x125g,25.40,20%,16.93/kg,3.39
753330,Paprika Crisps,Trafo,organic,15x40g,15.60,20%,26.00/kg,1.66
753331,Provencale Crisps,Trafo,organic,12x125g,25.05,20%,16.70/kg,3.34
753333,Salt & Vinegar Crisps,Trafo,organic,12x125g,25.05,20%,16.70/kg,3.34
753513,Herefordshire Sauce Crisps,Two Farmers,,12x150g,24.20,20%,13.44/kg,3.25
753514,Herefordshire Sauce Crisps,Two Farmers,,24x40g,17.05,20%,17.76/kg,1.15
753516,Hop Cheese & Onion Crisps,Two Farmers,,12x150g,24.20,20%,13.44/kg,3.25
753518,Lightly Salted Crisps,Two Farmers,,12x150g,24.20,20%,13.44/kg,3.25
753519,Salt & Cider Vinegar Crisps,Two Farmers,,12x150g,24.20,20%,13.44/kg,3.25
753521,Woodland Mushroom & Wild Garlic Crisps,Two Farmers,,12x150g,24.20,20%,13.44/kg,3.25
753523,Hop Cheese & Onion Crisps,Two Farmers,,24x40g,17.05,20%,17.76/kg,1.15
753524,Lightly Salted Crisps,Two Farmers,,24x40g,17.05,20%,17.76/kg,1.15
753525,Salt & Cider Vinegar Crisps,Two Farmers,,24x40g,17.05,20%,17.76/kg,1.15
753526,Woodland Mushroom & Wild Garlic Crisps,Two Farmers,,24x40g,17.05,20%,17.76/kg,1.15
753528,Mini Papadums,Yakso,organic,6x75g,13.40,0%,29.78/kg,2.98
760158,Almond Dark Chocolate Bar,Alter Eco,organic,14x100g,38.40,20%,27.43/kg,4.39
760160,70% Ecuador Chocolate Bar,Alter Eco,organic,14x100g,38.40,20%,27.43/kg,4.39
760164,Orange Dark Chocolate Bar,Alter Eco,organic,14x100g,38.40,20%,27.43/kg,4.39
760166,85% Peru Chocolate Bar,Alter Eco,organic,14x100g,38.40,20%,27.43/kg,4.39
760206,Strawberry & Apple - Splits,Bear,,18x20g,9.00,0%,25.00/kg,0.67
760207,Pineapple & Raspberry - Splits,Bear,,18x20g,9.00,0%,25.00/kg,0.67
760211,Raspberry & Blueberry - Paws,Bear,,18x20g,7.10,0%,19.72/kg,0.53
760212,Strawberry & Apple - Paws,Bear,,18x20g,7.10,0%,19.72/kg,0.53
760216,Strawberry & Apple - Splits,Bear,,8x5x20g,15.70,0%,19.62/kg,2.62
760223,Pineapple & Raspberry - Splits,Bear,,8x5x20g,15.70,0%,19.62/kg,2.62
760224,Berry - Treasures,Bear,,4x5x20g,7.45,0%,18.62/kg,2.48
760226,Mango Yoyo Fruit Rolls,Bear,,18x20g,7.80,0%,21.67/kg,0.58
760229,Blackcurrant Yoyo Fruit Rolls,Bear,,18x20g,7.80,0%,21.67/kg,0.58
760230,Raspberry Yoyo Fruit Rolls,Bear,,18x20g,7.80,0%,21.67/kg,0.58
760231,Tropical - Treasures,Bear,,4x5x20g,7.45,0%,18.62/kg,2.48
760235,Strawberry Yoyo Fruit Rolls,Bear,,18x20g,7.80,0%,21.67/kg,0.58
760245,Multipack Apple Yoyo Fruit Rolls,Bear,,6x5x20g,11.75,0%,19.58/kg,2.61
760246,Multipack Blackcurrant Yoyo Fruit Rolls,Bear,,6x5x20g,11.75,0%,19.58/kg,2.61
760247,Multipack Mango Yoyo Fruit Rolls,Bear,,6x5x20g,11.75,0%,19.58/kg,2.61
760248,Multipack Raspberry Yoyo Fruit Rolls,Bear,,6x5x20g,11.75,0%,19.58/kg,2.61
760250,Multipack Strawberry Yoyo Fruit Rolls,Bear,,6x5x20g,11.75,0%,19.58/kg,2.61
760254,Apple & Blackcurrant Giant Yoyo,Bear,,6x5x20g,11.75,0%,19.58/kg,2.61
760256,Strawberry & Mango Giant Yoyo,Bear,,6x5x20g,11.75,0%,19.58/kg,2.61
760380,Dark Chocolate Salted Caramel Almonds,Biona,organic,10x30g,15.55,20%,51.83/kg,2.49
760381,Dark Chocolate Raspberries,Biona,organic,10x45g,22.40,20%,49.78/kg,3.58
760382,Dark Chocolate Ginger,Biona,organic,10x60g,23.10,20%,38.50/kg,3.69
760385,Milk Chocolate covered Almonds,Biona,organic,12x70g,32.15,20%,38.27/kg,4.29
760387,Dark Chocolate covered Brazils,Biona,organic,12x80g,36.65,20%,38.18/kg,4.89
760389,Dark Chocolate Roasted Almonds,Biona,organic,10x30g,14.30,20%,47.67/kg,2.29
760390,Dark Chocolate Cherries,Biona,organic,10x45g,21.80,20%,48.44/kg,3.49
760391,Dark Chocolate Strawberries,Biona,organic,10x45g,21.80,20%,48.44/kg,3.49
760446,Brownie Bar coated in dark chocolate - multipack,Biona,organic,10x3x40g,31.15,20%,25.96/kg,4.98
760447,Coconut Bar coated in dark chocolate - multipack,Biona,organic,10x3x40g,31.15,20%,25.96/kg,4.98
760450,"""Cola Bottle"" Sweeties",Biona,organic,10x75g,15.55,20%,20.73/kg,2.49
760451,Jelly Dinos,Biona,organic,10x75g,15.55,20%,20.73/kg,2.49
760452,Rainbow Lollipops,Biona,organic,16x6pack,24.55,20%,,2.46
760453,Fruit Bears,Biona,organic,10x75g,15.55,20%,20.73/kg,2.49
760454,Fizzy Peaches,Biona,organic,10x75g,15.55,20%,20.73/kg,2.49
760456,Jelly Pomegranate Hearts,Biona,organic,10x75g,15.55,20%,20.73/kg,2.49
760458,Fruit Burst,Biona,organic,10x75g,13.20,20%,17.60/kg,2.11
760459,Licorice Spirals,Biona,organic,12x75g,18.65,20%,20.72/kg,2.49
760462,Sour Snakes,Biona,organic,10x75g,15.55,20%,20.73/kg,2.49
760465,Tutti Frutti - Wine Gums,Biona,organic,10x75g,15.55,20%,20.73/kg,2.49
761902,Cinnamon Chewing Gum,Chicza,organic,10x30g,9.95,20%,33.17/kg,1.59
761905,Mint Chewing Gum,Chicza,organic,10x30g,9.95,20%,33.17/kg,1.59
761910,Spearmint Chewing Gum,Chicza,organic,10x30g,9.95,20%,33.17/kg,1.59
761915,Lime Chewing Gum,Chicza,organic,10x30g,9.95,20%,33.17/kg,1.59
761916,Mixed Berry Chewing Gum,Chicza,organic,10x30g,9.95,20%,33.17/kg,1.59
761935,Chocolate Crumbly Fudge,Devon Cottage,organic,6x150g,18.85,20%,20.94/kg,5.03
761940,Clotted Cream Crumbly Fudge,Devon Cottage,organic,6x150g,18.85,20%,20.94/kg,5.03
761942,Boxed Clotted Cream Crumbly Fudge - 4 pack,Devon Cottage,organic,4x300g,22.40,20%,18.67/kg,8.96
761945,Coffee Crumbly Fudge,Devon Cottage,organic,6x150g,18.85,20%,20.94/kg,5.03
761957,Sea Salted Crumbly Fudge,Devon Cottage,organic,6x150g,18.85,20%,20.94/kg,5.03
761960,Vanilla Crumbly Fudge,Devon Cottage,organic,6x150g,18.85,20%,20.94/kg,5.03
761977,Dairy Free Sea Salted Fudge - Bag,Devon Cottage,organic,6x150g,18.85,20%,20.94/kg,5.03
761979,Dairy Free Chocolate Fudge - Bag,Devon Cottage,organic,6x150g,18.85,20%,20.94/kg,5.03
762025,Chocolate Covered Dates,Coco Caravan,organic,4x150g,20.75,20%,34.58/kg,8.3
762028,Chocolate Covered Plums,Coco Caravan,,4x150g,20.75,20%,34.58/kg,8.3
762038,Dark Chilli & Cinnamon Chocolates,Cocoa Loco,organic,6x100g,27.10,20%,45.17/kg,7.23
762078,Milk Chocolate Santas,Cocoa Loco,organic,6x100g,28.65,20%,47.75/kg,7.65
762081,Dark Choc & Raspberry Stars - Vegan,Cocoa Loco,organic,6x100g,29.00,20%,48.33/kg,7.73
762082,Milk Chocolate Elves,Cocoa Loco,organic,6x100g,28.65,20%,47.75/kg,7.65
762086,White Chocolate Polar Bears,Cocoa Loco,organic,6x100g,28.65,20%,47.75/kg,7.65
762089,Milk & White Chocolate Robins,Cocoa Loco,organic,6x100g,28.65,20%,47.75/kg,7.65
762170,73% Dark Chocolate Bar,Cocoa Loco,organic,12x100g,41.60,20%,34.67/kg,5.55
762171,Dark Chocolate & Orange Bar,Cocoa Loco,organic,12x100g,41.60,20%,34.67/kg,5.55
762174,Dark Chocolate & Sea Salt Bar,Cocoa Loco,organic,12x100g,41.60,20%,34.67/kg,5.55
762175,Milk Chocolate Bar,Cocoa Loco,organic,12x100g,41.60,20%,34.67/kg,5.55
762192,Creamy Dark Chocolate 55% Cacao Nibs,Chocolate and Love,organic,14x80g,40.10,20%,35.80/kg,4.58
762194,Sea Salt 55% Chocolate with Caramel,Chocolate and Love,organic,14x80g,36.75,20%,32.81/kg,4.2
762195,Coffee - Dark Chocolate 55%,Chocolate and Love,organic,14x80g,36.70,20%,32.77/kg,4.19
762196,Rich - Dark Chocolate 71%,Chocolate and Love,organic,14x80g,36.75,20%,32.81/kg,4.2
762197,Ginger - Extra Dark 100%,Chocolate and Love,organic,12x80g,40.40,20%,42.08/kg,5.39
762198,Mint - Dark Chocolate 67%,Chocolate and Love,organic,14x80g,36.75,20%,32.81/kg,4.2
762200,Orange - Dark Chocolate 65%,Chocolate and Love,organic,14x80g,36.75,20%,32.81/kg,4.2
762201,Passion Fruit Filled Bar - Dark Choc 65%,Chocolate and Love,organic,12x85g,34.35,20%,33.68/kg,4.58
762202,Panama - Dark Choc 80% single origin,Chocolate and Love,organic,14x80g,43.05,20%,38.44/kg,4.92
762204,Pomegranate - Dark Chocolate 70%,Chocolate and Love,organic,14x80g,43.05,20%,38.44/kg,4.92
762205,73% Dark Chocolate Dipped Mango,Cocoa Loco,organic,6x110g,29.05,20%,44.02/kg,7.76
762206,Winter Wonderland Ballotin Box - Milk & Dark Choc,Chocolate and Love,organic,1x27x5g,8.25,20%,61.11/kg,13.2
762209,Rich Dark Tin - vegan,Chocolate and Love,organic,1x30x5g,10.70,20%,71.33/kg,17.12
762210,Red Heart Gift Box,Chocolate and Love,organic,1x4x80g,14.20,20%,44.38/kg,22.72
762215,73% Dark Chocolate Covered Ginger,Cocoa Loco,organic,6x100g,29.05,20%,48.42/kg,7.76
762350,Blueberry Almond Crisp Bars,Clif,,12x68g,16.25,20%,19.91/kg,2.17
762355,Chocolate Almond Fudge Bars,Clif,,12x68g,16.25,20%,19.91/kg,2.17
762360,Chocolate Chip Bars,Clif,,12x68g,16.25,20%,19.91/kg,2.17
762365,Crunchy Peanut Butter Bars,Clif,,12x68g,16.25,20%,19.91/kg,2.17
762366,Peanut Butter Banana Bars,Clif,,12x68g,16.25,20%,19.91/kg,2.17
762375,White Chocolate Macadamia Bars,Clif,,12x68g,16.25,20%,19.91/kg,2.17
762393,Chocolate Chip Peanut Butter - Filled Bar,Clif,organic,12x50g,19.60,20%,32.67/kg,2.61
762396,Chocolate Peanut Butter - Filled Bar,Clif,organic,12x50g,19.60,20%,32.67/kg,2.61
762398,Peanut Butter - Filled Bar,Clif,organic,12x50g,19.60,20%,32.67/kg,2.61
762402,"Apple, Raisin & Cinnamon Oat Bar",Deliciously Ella,,16x50g,15.00,0%,18.75/kg,1.25
762404,"Apple, Raisin & Cinnamon Oat Bar Multipack",Deliciously Ella,,12x3x50g,26.10,0%,14.50/kg,2.9
762407,Peanut Butter Oat Bar,Deliciously Ella,,16x50g,15.00,0%,18.75/kg,1.25
762408,Raisin Choc Topped Oat Bar,Deliciously Ella,,12x50g,14.70,0%,24.50/kg,1.63
762410,Salted Chocolate Dipped Almonds,Deliciously Ella,,12x27g,12.50,20%,38.58/kg,1.67
763495,85% Dark Chocolate,Divine,,15x90g,35.80,20%,26.52/kg,3.82
763502,Dark Smooth Hazelnut Chocolate,Divine,,15x90g,35.80,20%,26.52/kg,3.82
763503,70% Dark Chocolate,Divine,,15x90g,35.80,20%,26.52/kg,3.82
763504,Mint Dark Chocolate - 70%,Divine,,15x90g,35.80,20%,26.52/kg,3.82
763510,Raspberry Dark Chocolate,Divine,,15x90g,35.80,20%,26.52/kg,3.82
763512,Ginger & Orange Dark Chocolate - 70%,Divine,,15x90g,35.80,20%,26.52/kg,3.82
763516,Dark Chocolate with Himalayan Salt,Divine,,15x90g,35.80,20%,26.52/kg,3.82
763518,Milk Chocolate - 45% Cocoa,Divine,,15x90g,35.80,20%,26.52/kg,3.82
763519,White Chocolate - chunky,Divine,,30x35g,26.70,20%,25.43/kg,1.42
763521,Milk Chocolate - chunky,Divine,,30x35g,26.70,20%,25.43/kg,1.42
763523,Milk Chocolate Salted Caramel - chunky,Divine,,30x35g,26.70,20%,25.43/kg,1.42
763527,Orange Milk Chocolate - chunky,Divine,,30x35g,26.70,20%,25.43/kg,1.42
763554,Dark Chocolate Advent Calendars,Divine,,12x85g,60.00,20%,58.82/kg,8
763555,Milk Chocolate Advent Calendars,Divine,,12x85g,60.00,20%,58.82/kg,8
763560,Dark Chocolate Coin - net bag,Divine,,25x65g,53.30,20%,32.80/kg,3.42
763564,Milk Chocolate Coin - net bag,Divine,,25x65g,53.30,20%,32.80/kg,3.42
763566,Milk Chocolate Giant Coin,Divine,,12x58g,28.00,20%,40.23/kg,3.74
763577,Salted Caramel Milk Chocolate,Divine,,15x90g,35.80,20%,26.52/kg,3.82
763581,Dark Chocolate - chunky,Divine,,30x35g,26.70,20%,25.43/kg,1.42
764001,85% Dark Chocolate Bar,Green & Black,organic,15x90g,27.95,20%,20.70/kg,2.98
764006,70% Dark Chocolate Bar,Green & Black,organic,15x90g,27.95,20%,20.70/kg,2.98
764028,Milk Chocolate Bar,Green & Black,organic,15x90g,27.95,20%,20.70/kg,2.98
764029,Milk Chocolate with Butterscotch Bar,Green & Black,organic,15x90g,27.95,20%,20.70/kg,2.98
764036,Smooth Dark Hazelnut & Currant,Green & Black,organic,15x90g,27.95,20%,20.70/kg,2.98
764037,Smooth Dark Ginger Chocolate Bar,Green & Black,organic,15x90g,27.95,20%,20.70/kg,2.98
764045,White Chocolate Bar,Green & Black,organic,15x90g,27.95,20%,20.70/kg,2.98
764130,Almond Butter + Crispy Quinoa Dark Choc Bar,Hu,organic,12x60g,24.50,20%,34.03/kg,3.4
764131,Cashew Butter + Pure Vanilla Dark Choc Bar,Hu,organic,12x60g,24.50,20%,34.03/kg,3.4
764134,Crunchy Mint Dark Chocolate Bar,Hu,organic,12x60g,24.50,20%,34.03/kg,3.4
764136,Hazelnut Butter Dark Chocolate Bar,Hu,organic,12x60g,24.50,20%,34.03/kg,3.4
764138,Salty Dark Chocolate Bar,Hu,organic,12x60g,24.50,20%,34.03/kg,3.4
764140,Simple Dark Chocolate Bar,Hu,organic,12x60g,24.50,20%,34.03/kg,3.4
764141,Vanilla Crunch Dark Chocolate Bar,Hu,organic,12x60g,24.50,20%,34.03/kg,3.4
764205,Cacao Nibs - raw,Infinity Foods,organic,15kg,185.55,0%,12.37/kg,
764210,Cacao Nibs - raw,Infinity Foods,organic,1kg,14.20,0%,14.20/kg,
764220,Caramelised Cashews,Infinity Bulk,,12.5kg,155.00,20%,12.40/kg,
764224,Cinnamon & Maple Caramelised Almonds,Infinity Bulk,,12.5kg,175.00,20%,14.00/kg,
764226,Cinnamon & Maple Caramelised Cashews,Infinity Bulk,,12.5kg,165.00,20%,13.20/kg,
764703,Mixed Nut Giant Bar,Ma Baker,,20x90g,13.40,0%,7.44/kg,0.89
764707,Coconut Giant Bar,Ma Baker,,20x90g,13.40,0%,7.44/kg,0.89
764710,Pecan Giant Bar,Ma Baker,,20x90g,13.40,0%,7.44/kg,0.89
764712,Pistachio Giant Bar,Ma Baker,,20x90g,13.40,0%,7.44/kg,0.89
764713,Rolled Oats & Golden Syrup Giant Bar,Ma Baker,,20x90g,13.40,0%,7.44/kg,0.89
764720,Walnut Giant Bar,Ma Baker,,20x90g,13.40,0%,7.44/kg,0.89
764728,Mixed Fruit Giant Bar,Ma Baker,,20x90g,13.40,0%,7.44/kg,0.89
764730,Apple Giant Bar,Ma Baker,,20x90g,13.40,0%,7.44/kg,0.89
764732,Apricot Giant Bar,Ma Baker,,20x90g,13.40,0%,7.44/kg,0.89
764735,Banana Giant Bar,Ma Baker,,20x90g,13.40,0%,7.44/kg,0.89
764737,Blueberry Giant Bar,Ma Baker,,20x90g,13.40,0%,7.44/kg,0.89
764740,Cherry Giant Bar,Ma Baker,,20x90g,13.40,0%,7.44/kg,0.89
764742,Cranberry Giant Bar,Ma Baker,,20x90g,13.40,0%,7.44/kg,0.89
764748,Strawberry Giant Bar,Ma Baker,,20x90g,13.40,0%,7.44/kg,0.89
765225,Raw Chocolate Coated Banana,Foodin,organic,8x70g,9.95,20%,17.77/kg,1.99
765226,Raw Chocolate Coated Cashew,Foodin,organic,8x60g,9.95,20%,20.73/kg,1.99
765227,Raw Chocolate Coated Ginger,Foodin,organic,8x70g,8.70,20%,15.54/kg,1.74
765228,Raw Chocolate Coated Strawberry,Foodin,organic,8x50g,9.95,20%,24.87/kg,1.99
765229,Raw Chocolate Coated Raspberry,Foodin,organic,8x50g,9.95,20%,24.87/kg,1.99
765230,Raw Chocolate No Added Sugar Almond,Foodin,organic,8x50g,9.95,20%,24.87/kg,1.99
765231,Raw Chocolate No Added Sugar Macadamia,Foodin,organic,8x50g,9.95,20%,24.87/kg,1.99
765232,Raw Chocolate No Added Sugar Strawberry,Foodin,organic,8x50g,9.95,20%,24.87/kg,1.99
765240,Licorice Date Bar (not organic),Foodin,,18x35g,11.15,20%,17.70/kg,0.99
765241,NuTi Almond Dark Chocolate & Sea Salt Bar,Foodin,organic,15x35g,11.30,20%,21.52/kg,1.21
765242,NuTi Honey Pecan & Sea Salt Bar,Foodin,organic,15x35g,11.30,20%,21.52/kg,1.21
765243,Raw Chocolate No Added Sugar Raspberry,Foodin,organic,8x50g,9.95,20%,24.87/kg,1.99
765244,NuTi Dark Chocolate & Sea Salt Protein Bar,Foodin,organic,15x45g,16.70,20%,24.74/kg,1.78
765321,Freeze Dried Mango,DJ&A,,10x35g,22.40,0%,64.00/kg,2.99
765323,Freeze Dried Strawberries,DJ&A,,10x25g,19.45,0%,77.80/kg,2.59
765327,"Freeze Dried Yellow Peach, Lychee & Strawberries",DJ&A,,10x35g,22.40,0%,64.00/kg,2.99
765329,Mini Pink & White Vanilla Vegan Mallows,Free From Fellows,,10x105g,12.95,20%,12.33/kg,2.07
765331,Strawberry Vegan Mallows,Free From Fellows,,10x105g,12.75,20%,12.14/kg,2.04
765334,Vanilla Vegan Mallows,Free From Fellows,,10x105g,12.95,20%,12.33/kg,2.07
765350,Fruit Snack Variety Pack,Frutina,,60x15g,23.90,20%,26.56/kg,0.64
765752,Oat M'lk Hazelnut - chocolate,Ombar,organic,10x70g,18.50,20%,26.43/kg,2.96
765758,Oat M'lk Hazelnut Brownie - filled chocolate,Ombar,organic,15x42g,17.50,20%,27.78/kg,1.87
765761,100% Cacao,Ombar,organic,10x35g,13.75,20%,39.29/kg,2.21
765764,Pure 90% Chocolate,Ombar,organic,10x35g,13.75,20%,39.29/kg,2.21
765767,Coco Mylk Chocolate,Ombar,organic,10x35g,13.75,20%,39.29/kg,2.21
765770,Coconut 60% Chocolate,Ombar,organic,10x35g,13.75,20%,39.29/kg,2.21
765773,Dark 72% Chocolate,Ombar,organic,10x35g,13.75,20%,39.29/kg,2.21
765775,Almond Butter Filled Chocolate bar,Ombar,organic,15x42g,21.55,20%,34.21/kg,2.3
765776,Coco Raspberry Filled Chocolate bar,Ombar,organic,15x42g,21.55,20%,34.21/kg,2.3
765778,Coco Vanilla Filled Chocolate bar,Ombar,organic,15x42g,21.55,20%,34.21/kg,2.3
765779,Hazelnut Truffle Filled Chocolate bar,Ombar,organic,15x42g,21.55,20%,34.21/kg,2.3
765781,Pistachio Cream Filled Chocolate bar,Ombar,organic,15x42g,21.55,20%,34.21/kg,2.3
765783,Blonde caramelised white choco bar,Ombar,organic,10x70g,22.15,20%,31.64/kg,3.54
765784,Coco Almond Chocolate - large,Ombar,organic,10x70g,22.15,20%,31.64/kg,3.54
765786,Coco Mylk Chocolate - large,Ombar,organic,10x70g,22.15,20%,31.64/kg,3.54
765787,100% Cacao - large,Ombar,organic,10x70g,22.15,20%,31.64/kg,3.54
765788,Dark 72% Chocolate - large,Ombar,organic,10x70g,22.15,20%,31.64/kg,3.54
765789,Dark 90% Chocolate - large,Ombar,organic,10x70g,22.15,20%,31.64/kg,3.54
765790,Coconut & Vanilla Centres Chocolate - large,Ombar,organic,10x70g,22.15,20%,31.64/kg,3.54
765791,Hazelnut Truffle  Centres Chocolate - large,Ombar,organic,10x70g,22.15,20%,31.64/kg,3.54
765792,Pistachio Centres Chocolate - large,Ombar,organic,10x70g,22.15,20%,31.64/kg,3.54
765793,Matcha Blonde caramelised white bar,Ombar,organic,10x70g,22.15,20%,31.64/kg,3.54
765794,Raspberry & Coconut Centres Chocolate - large,Ombar,organic,10x70g,22.15,20%,31.64/kg,3.54
765796,Salt & Nibs Chocolate - large,Ombar,organic,10x70g,22.15,20%,31.64/kg,3.54
765805,Chocolate Advent Calendar,Ombar,organic,10x125g,120.00,20%,96.00/kg,19.2
765806,Chocolate Festive Pack,Ombar,organic,10x3x35g,45.70,20%,43.52/kg,7.31
765807,Clementine With Almond Pieces Chocolate bar,Ombar,organic,10x70g,22.15,20%,31.64/kg,3.54
765830,Dominican Extra Dark Chocolate Bar - 72%,Seed & Bean,organic,10x75g,23.05,20%,30.73/kg,3.68
765831,Sweet Lavender Dark Chocolate Bar - 72%,Seed & Bean,organic,10x75g,23.05,20%,30.73/kg,3.68
765832,Zesty Mandarin & Spicy Ginger Dark Choc Bar - 72%,Seed & Bean,organic,10x75g,23.05,20%,30.73/kg,3.68
765835,Dark Espresso Chocolate Bar - 58%,Seed & Bean,organic,10x75g,23.05,20%,30.73/kg,3.68
765838,Aromatic Cardamon & Lemon Dark Chocolate Bar - 58%,Seed & Bean,organic,10x75g,23.05,20%,30.73/kg,3.68
765841,Cornish Sea Salt & Tangy Lime Milk Chocolate Bar,Seed & Bean,organic,10x75g,23.05,20%,30.73/kg,3.68
765844,Rich Milk Chocolate Bar,Seed & Bean,organic,10x75g,23.05,20%,30.73/kg,3.68
765854,Cornish Sea Salt Ecuadorian Dark Bar - 70%,Seed & Bean,organic,10x75g,23.05,20%,30.73/kg,3.68
765881,Espresso Dark Chocolate Bar - 58%,Seed & Bean,organic,30x25g,23.65,20%,31.53/kg,1.46
765883,Dominican Extra Dark Chocolate Bar - 72%,Seed & Bean,organic,30x25g,23.65,20%,31.53/kg,1.46
765885,Cornish Sea Salt & Lime Milk Choc Bar - 37%,Seed & Bean,organic,30x25g,23.65,20%,31.53/kg,1.46
765891,Liquorice Spirals,Seggiano,organic,20x100g,29.30,0%,14.65/kg,1.95
765907,Absolute Black Advent Calendar,Montezuma,,8x150g,68.80,20%,57.33/kg,13.76
765908,Advent Calendar Milk,Montezuma,organic,8x150g,52.10,20%,43.42/kg,10.42
765909,Dark Chocolate Advent Calendar,Montezuma,organic,8x150g,53.95,20%,44.96/kg,10.79
765919,Dark Chocolate Cherry and Pistachio Bar,Montezuma,,12x90g,25.55,20%,23.66/kg,3.41
765920,Dark Chocolate Festive Fruits Bar,Montezuma,,6x300g,61.40,20%,34.11/kg,16.38
765922,Vegan Snow Escape Truffle Bauble Tin,Montezuma,,12x70g,63.65,20%,75.77/kg,8.49
765994,Absolute Black Chocolate Buttons,Montezuma,,8x120g,24.75,20%,25.78/kg,4.95
765999,Dark Chocolate Buttons,Montezuma,organic,8x120g,24.75,20%,25.78/kg,4.95
766001,Milk Chocolate Buttons,Montezuma,organic,8x120g,24.75,20%,25.78/kg,4.95
766002,White Chocolate Buttons,Montezuma,organic,8x120g,24.75,20%,25.78/kg,4.95
766006,FitzRoy - Very Dark Chocolate - mini,Montezuma,organic,26x25g,24.95,20%,38.38/kg,1.54
766011,Royal Mint - Dark Chocolate - mini,Montezuma,organic,26x25g,24.95,20%,38.38/kg,1.54
766013,Smooth Operator - Milk Chocolate - mini,Montezuma,organic,26x25g,24.95,20%,38.38/kg,1.54
766021,Splotch - Dark Milk Butterscotch - mini,Montezuma,organic,26x25g,24.95,20%,38.38/kg,1.54
766040,Chuckie Egg,Mummy Meegz,,24x38g,24.60,20%,26.97/kg,1.64
766044,Chickee Egg - bag,Mummy Meegz,,12x80g,21.40,20%,22.29/kg,2.85
766048,Choccy Balls - 3 pack,Mummy Meegz,,22x36g,27.25,20%,34.41/kg,1.98
766049,Choccy Balls - 12 pack,Mummy Meegz,,8x144g,40.60,20%,35.24/kg,8.12
766050,M'z Gems - bag,Mummy Meegz,,12x80g,21.40,20%,22.29/kg,2.85
766051,Peanut M'z Gems - bag,Mummy Meegz,,12x80g,21.40,20%,22.29/kg,2.85
766117,Coconut - Chocolate Wonders,Booja Booja,organic,8x65g,14.95,20%,28.75/kg,2.99
766119,Deeply Chocolate Wonders,Booja Booja,organic,8x65g,14.95,20%,28.75/kg,2.99
766124,Fudgie Brownie - Chocolate Wonders,Booja Booja,organic,8x65g,14.95,20%,28.75/kg,2.99
766125,Cookie Dough - Chocolate Wonders,Booja Booja,organic,8x65g,14.95,20%,28.75/kg,2.99
766126,Hazelnut - Chocolate Wonders,Booja Booja,organic,8x65g,14.95,20%,28.75/kg,2.99
766127,Raspberry Scrunch - Chocolate Wonders,Booja Booja,organic,8x65g,14.95,20%,28.75/kg,2.99
766128,Salted Caramel - Chocolate Wonders,Booja Booja,organic,8x65g,14.95,20%,28.75/kg,2.99
766129,Orange Scrunch - Chocolate Wonders,Booja Booja,organic,8x65g,14.95,20%,28.75/kg,2.99
766134,Deeply Chocolate - two truffle pack,Booja Booja,organic,16x23g,16.95,20%,46.06/kg,1.7
766138,Honeycomb Caramel - two truffle pack,Booja Booja,organic,16x23g,16.95,20%,46.06/kg,1.69
766139,Orange Chocolate - two truffle pack,Booja Booja,organic,16x23g,16.95,20%,46.06/kg,1.69
766140,Salted Caramel - two truffle pack,Booja Booja,organic,16x23g,16.95,20%,46.06/kg,1.69
766142,Fine de Champagne - 16 truffles,Booja Booja,organic,5x184g,46.85,20%,50.92/kg,14.99
766143,Hazelnut Crunch - 10 truffle loglets,Booja Booja,organic,8x115g,54.95,20%,59.73/kg,10.99
766144,Hazelnut Crunch - two truffle pack,Booja Booja,organic,16x23g,16.95,20%,46.06/kg,1.69
766145,Salted Caramel Mocha - two truffle pack,Booja Booja,organic,16x23g,16.95,20%,46.06/kg,1.7
766146,Almond Salted Caramel - two truffle pack,Booja Booja,organic,16x23g,16.95,20%,46.06/kg,1.69
766147,Salted Caramel Mocha - 10 truffle loglets,Booja Booja,organic,8x115g,54.95,20%,59.73/kg,10.99
766148,Award Winning Selection - 16 truffles,Booja Booja,organic,5x184g,46.85,20%,50.92/kg,14.99
766151,Signature Selection - 16 truffles,Booja Booja,organic,5x184g,46.85,20%,50.92/kg,14.99
766154,Chocolate Orange - 10 truffle loglets,Booja Booja,organic,8x115g,54.95,20%,59.73/kg,10.99
766158,The Artist's Collection - Fine de Champagne - 16 truffles,Booja Booja,organic,3x185g,46.85,20%,84.41/kg,24.99
766159,The Artist's Collection - Hazelnut - 16 truffles,Booja Booja,organic,3x185g,46.85,20%,84.41/kg,24.99
766174,Chocolate Salted Caramel - 10 Truffle Logs,Booja Booja,organic,8x115g,54.95,20%,59.73/kg,10.99
766178,Winter Collection - 16 truffles,Booja Booja,organic,5x184g,46.85,20%,50.92/kg,14.99
766181,Almond Salted Caramel - 8 truffles,Booja Booja,organic,8x92g,36.25,20%,49.25/kg,7.25
766182,Fruit and Pecan Praline Crunch - 8 truffles,Booja Booja,organic,8x92g,36.20,20%,49.18/kg,7.25
766183,Around Midnight Espresso - 8 truffles,Booja Booja,organic,8x92g,36.25,20%,49.25/kg,7.25
766184,Fine de Champagne - 8 truffles,Booja Booja,organic,8x92g,36.25,20%,49.25/kg,7.25
766186,Hazelnut Crunch Chocolate - 8 truffles,Booja Booja,organic,8x92g,36.25,20%,49.25/kg,7.25
766188,Chocolate Salted Caramel - 8 truffles,Booja Booja,organic,8x92g,36.25,20%,49.25/kg,7.25
766189,Deeply Chocolate - 8 truffles,Booja Booja,organic,8x92g,36.25,20%,49.25/kg,7.25
766191,Honeycomb Caramel - 8 truffles,Booja Booja,organic,8x92g,36.25,20%,49.25/kg,7.25
766193,The Gourmet No.1 - 25 truffles,Booja Booja,organic,4x289g,69.95,20%,60.51/kg,27.99
766194,The Gourmet No.2 - 25 truffles,Booja Booja,organic,4x289g,69.95,20%,60.51/kg,27.99
766198,Winter Special - Hazelnut & Cherry Bakewell - 8 truffles,Booja Booja,organic,8x92g,36.25,20%,49.25/kg,7.25
766200,Salted Caramel Mocha - 8 truffles,Booja Booja,organic,8x92g,36.20,20%,49.18/kg,7.25
766201,The Grand Selection - 16 truffles,Booja Booja,organic,5x184g,46.85,20%,50.92/kg,14.99
766215,Absolute Black - 100% Cocoa,Montezuma,,12x90g,26.20,20%,24.26/kg,3.54
766217,Absolute Black with Almonds - 100%,Montezuma,,12x90g,26.20,20%,24.26/kg,3.54
766218,Absolute Black with Orange & Cocoa Nibs - 100%,Montezuma,,12x90g,26.20,20%,24.26/kg,3.54
766241,Black Forest Cherry,Montezuma,,12x90g,26.20,20%,24.26/kg,3.54
766244,Lordy Lord - Dark with Cocoa Nibs,Montezuma,,12x90g,26.20,20%,24.26/kg,3.54
766246,Minted - Milk with Crunchy Peppermint,Montezuma,,12x90g,26.20,20%,24.26/kg,3.54
766248,Sea Dog - Dark with Lime & Sea Salt,Montezuma,,12x90g,26.20,20%,24.26/kg,3.54
766249,Spice It Up - Dark with Ginger,Montezuma,,12x90g,26.20,20%,24.26/kg,3.54
766261,Smooth Operator - Milk Chocolate,Montezuma,organic,12x90g,26.20,20%,24.26/kg,3.54
766262,Splotch - Dark Milk Butterscotch,Montezuma,organic,12x90g,26.20,20%,24.26/kg,3.54
766264,Darkside - Dark/Milk Chocolate,Montezuma,organic,12x90g,26.20,20%,24.26/kg,3.54
766266,Hot Pickle - Milk Chocolate Chilli & Lime,Montezuma,organic,12x90g,26.20,20%,24.26/kg,3.54
766267,Great White Chocolate,Montezuma,organic,12x90g,26.20,20%,24.26/kg,3.54
766268,Black Forest Cherry - mini,Montezuma,,26x25g,24.95,20%,38.38/kg,1.54
766269,Sea Dog - Dark with Lime & Sea Salt - mini,Montezuma,,26x25g,24.95,20%,38.38/kg,1.54
766286,Dark Chocolate Bar - Chilli Bonkers,Montezuma,organic,12x90g,26.20,20%,24.26/kg,3.54
766289,FitzRoy - Very Dark Chocolate,Montezuma,organic,12x90g,26.20,20%,24.26/kg,3.54
766301,Happy Hippy - Dark Chocolate Orange & Geranium,Montezuma,organic,12x90g,26.20,20%,24.26/kg,3.54
766302,Royal Mint - Dark Chocolate,Montezuma,organic,12x90g,26.20,20%,24.26/kg,3.54
766402,Hazel Nougat Delight,Organica,organic,24x40g,25.15,20%,26.20/kg,1.68
766413,Golden Coconut Delight,Organica,organic,24x40g,25.15,20%,26.20/kg,1.68
766498,Raspberry Liquorice Bar - 4 pack,Panda,,18x4x32g,25.30,20%,10.98/kg,2.25
766499,Raspberry Liquorice - in bag,Panda,,12x200g,20.15,20%,8.40/kg,2.69
766500,Raspberry Liquorice Bar,Panda,,36x32g,13.90,20%,12.07/kg,0.62
766510,Liquorice Bar,Panda,,36x32g,13.90,20%,12.07/kg,0.62
766523,Liquorice Bar - 4 pack,Panda,,18x4x32g,25.30,20%,10.98/kg,2.25
766525,Liquorice Cuts - in bag,Panda,,12x240g,20.65,20%,7.17/kg,2.75
766629,Fruit & Fibre - Apple & Cinnamon,Nakd,,16x44g,11.90,20%,16.90/kg,1.19
766631,Fruit & Fibre - Strawberry & Raspberry,Nakd,,16x44g,11.90,20%,16.90/kg,1.19
766633,Protein Caramel Bar,Nakd,,16x45g,11.90,20%,16.53/kg,1.19
766634,Protein Cocoa Hazelnut Bar,Nakd,,16x45g,11.90,20%,16.53/kg,1.19
766636,Protein Cherry Bar,Nakd,,16x45g,11.60,20%,16.11/kg,1.16
766637,Protein Peanut Butter Bar,Nakd,,16x45g,11.90,20%,16.53/kg,1.19
766644,Blueberry Muffin Raw Wholefood Bar,Nakd,,18x35g,10.10,20%,16.03/kg,0.9
766647,Bakewell Tart Raw Wholefood Bar,Nakd,,18x35g,10.10,20%,16.03/kg,0.9
766648,Berry Delight Raw Wholefood Bar,Nakd,,18x35g,10.10,20%,16.03/kg,0.9
766650,Cashew Cookie Raw Wholefood Bar,Nakd,,18x35g,10.10,20%,16.03/kg,0.9
766651,Cocoa Delight Raw Wholefood Bar,Nakd,,18x35g,10.10,20%,16.03/kg,0.9
766652,Cocoa Orange Raw Wholefood Bar,Nakd,,18x35g,10.10,20%,16.03/kg,0.9
766656,Peanut Delight Raw Wholefood Bar,Nakd,,18x35g,10.10,20%,16.03/kg,0.9
766659,Lemon Drizzle Bar,Nakd,,18x35g,10.10,20%,16.03/kg,0.9
766664,Salted Caramel Raw Wholefood Bar,Nakd,,18x35g,10.10,20%,16.03/kg,0.9
766691,Biscoff High Protein bar - reduced sugar,Trek,,12x55g,17.30,20%,26.21/kg,2.37
766694,Choc Caramel High Protein bar - low sugar,Trek,,12x55g,17.30,20%,26.21/kg,2.37
766696,Choc Peanut Butter High Protein bar - low sugar,Trek,,12x55g,17.30,20%,26.21/kg,2.37
766703,Pouch Peppermint Dental Mints - 85 mints,Peppersmith,,12x50g,28.00,20%,46.67/kg,3.73
766704,Pouch Peppermint Dental Chewing Gum  - 33 gums,Peppersmith,,12x50g,28.00,20%,46.67/kg,3.73
766706,Strawberry Pastilles,Peppersmith,,12x15g,11.90,20%,66.11/kg,1.59
766707,Extra Strong Dental Mints - 85 mints,Peppersmith,,12x50g,28.00,20%,46.67/kg,3.73
766717,Peppermint Dental Chewing Gum Pocket Pack (10 gums),Peppersmith,,12x15g,10.40,20%,57.78/kg,1.39
766720,Spearmint Dental Chewing Gum Pocket Pack (10 gums),Peppersmith,,12x15g,10.40,20%,57.78/kg,1.39
766722,Peppermint Dental Mints (25 mints),Peppersmith,,12x15g,11.90,20%,66.11/kg,1.59
766723,Lemon Dental Mints (25 mints),Peppersmith,,12x15g,11.90,20%,66.11/kg,1.59
766724,Extra Strong Dental Mints (25 mints),Peppersmith,,12x15g,11.90,20%,66.11/kg,1.59
766726,Pouch Spearmint Dental Chewing Gum - 33 gums,Peppersmith,,12x50g,28.00,20%,46.67/kg,3.73
766781,Biscoff Protein Flapjack,Trek,,16x50g,12.30,20%,15.38/kg,1.27
766782,Cocoa Coconut Protein Flapjack,Trek,,16x50g,12.30,20%,15.38/kg,1.27
766785,Cocoa Oat Protein Flapjack,Trek,,16x50g,12.30,20%,15.38/kg,1.27
766794,Smooth Lemon Protein Flapjack,Trek,,16x50g,12.30,20%,15.38/kg,1.27
766795,Original Oat Protein Flapjack,Trek,,16x50g,12.30,20%,15.38/kg,1.27
766796,Salted Caramel Protein Flapjack,Trek,,16x50g,12.30,20%,15.38/kg,1.27
766809,White Chocolate & Raspberry Protein Flapjack,Trek,,16x50g,12.30,20%,15.38/kg,1.27
766813,Mutipack Cocoa Hazelnut Protein Bar,Nakd,,12x3x45g,20.00,20%,12.35/kg,2.67
766814,Multipack Peanut Butter Protein Bar,Nakd,,12x3x45g,20.00,20%,12.35/kg,2.67
766815,Multipack Cocoa Orange Raw Wholefood Bar,Nakd,,12x4x35g,21.45,20%,12.77/kg,2.86
766977,Almond Bakewell Oat Bake,Oatopia,,15x60g,13.55,0%,15.06/kg,1.2
766978,Original Oat Bake,Oatopia,,15x60g,13.20,0%,14.67/kg,1.17
766979,Peanut Butter Oat Bake,Oatopia,,15x60g,13.20,0%,14.67/kg,1.17
766981,Salted Caramel Oat Bake,Oatopia,,15x60g,13.20,0%,14.67/kg,1.17
766982,Dark Chocolate & Raspberry Oat Bake,Oatopia,,15x60g,13.55,0%,15.06/kg,1.2
767532,Chocolate Peanut Butter Soft Baked Cookie,Rhythm 108,organic,12x50g,14.40,0%,24.00/kg,1.6
767536,Hazelnut Chocolate Praline Soft Baked Cookie,Rhythm 108,organic,12x50g,14.40,0%,24.00/kg,1.6
767541,Salted Caramel Biscuit Share Bag,Rhythm 108,organic,8x135g,21.20,0%,19.63/kg,3.79
767544,Almond Biscotti Biscuit Share Bag,Rhythm 108,organic,8x135g,20.00,0%,18.52/kg,3.57
767545,Coconut Crunch Biscuit Share Bag,Rhythm 108,organic,8x135g,20.00,0%,18.52/kg,3.57
767546,Double Choco Hazelnut Biscuit Share Bag,Rhythm 108,organic,8x135g,20.00,0%,18.52/kg,3.57
767547,Hazelnut Chocolate Chip Share Bag,Rhythm 108,organic,8x135g,20.00,0%,18.52/kg,3.57
767548,Lemon Ginger & Chia Biscuit Share Bag,Rhythm 108,organic,8x135g,20.00,0%,18.52/kg,3.57
767549,Hazelnut Chocolate Praline Share Bag,Rhythm 108,organic,8x135g,21.20,0%,19.63/kg,3.79
767551,Pistachio filled Biscuit Share Bag,Rhythm 108,organic,8x135g,26.65,0%,24.68/kg,4.76
767563,Chocolate Orange Swiss Dark Chocolate Bar,Rhythm 108,organic,15x33g,17.80,20%,35.96/kg,1.9
767564,Hazelnut Praline Dark Chocolate Bar,Rhythm 108,organic,15x33g,17.80,20%,35.96/kg,1.9
767566,Creamy Coconut Dark Chocolate Bar,Rhythm 108,organic,15x33g,17.80,20%,35.96/kg,1.9
767568,Almond & Sea Salt M'lk Chocolate Bar,Rhythm 108,organic,15x33g,17.80,20%,35.96/kg,1.9
767572,Hazelnut Truffle Filled M*lk Chocolate Tablet,Rhythm 108,organic,9x100g,23.75,20%,26.39/kg,4.27
767576,Dark Cocoa Orange Filled M*lk Chocolate Tablet,Rhythm 108,organic,9x100g,23.75,20%,26.39/kg,4.27
767577,Mint Fondant Bar with Dark Chocolate,Rhythm 108,organic,9x100g,23.75,20%,26.39/kg,4.22
767578,Roasted Almond Butter Filled M*lk Chocolate Tablet,Rhythm 108,organic,9x100g,23.75,20%,26.39/kg,4.27
767628,Dinosaurs 3d puzzle toy with chocolate,PLAYin CHOC,organic,18x50g,24.00,20%,26.67/kg,2.2
767630,Endangered Animals 3d puzzle toy with chocolate,PLAYin CHOC,organic,18x50g,24.00,20%,26.67/kg,2.2
767634,Christmas Series 3d puzzle toy with chocolate,PLAYin CHOC,organic,18x50g,24.00,20%,26.67/kg,2.2
767636,Woodland Animals 3d puzzle toy with chocolate,PLAYin CHOC,organic,18x50g,24.00,20%,26.67/kg,2.2
767644,Dark & Salted Almond Giant Buttons,Raw Halo,organic,8x90g,18.10,20%,25.14/kg,3.62
767645,Mylk & Hazelnut Giant Buttons,Raw Halo,organic,8x90g,18.10,20%,25.14/kg,3.62
767646,Mylk & Hazelnut Truffle Centre Bar,Raw Halo,organic,8x90g,16.80,20%,23.33/kg,3.36
767647,Dark & Salted Almond Truffle Centre Bar,Raw Halo,organic,8x90g,16.80,20%,23.33/kg,3.36
767648,Dark 70%,Raw Halo,organic,10x70g,19.10,20%,27.29/kg,3.06
767649,Dark 85%,Raw Halo,organic,10x70g,19.10,20%,27.29/kg,3.06
767651,Dark & Pink Himalayan Salt,Raw Halo,organic,10x70g,19.10,20%,27.29/kg,3.06
767653,Dark & Salted Caramel,Raw Halo,organic,10x70g,19.10,20%,27.29/kg,3.06
767654,Mylk & Pink Himalayan Salt,Raw Halo,organic,10x70g,19.10,20%,27.29/kg,3.06
767655,Mylk & Salted Caramel,Raw Halo,organic,10x70g,19.10,20%,27.29/kg,3.06
767657,Mylk & Vanilla,Raw Halo,organic,10x70g,19.10,20%,27.29/kg,3.06
767659,Dark 70%,Raw Halo,organic,10x35g,11.65,20%,33.29/kg,1.86
767661,Dark & Mint,Raw Halo,organic,10x35g,11.65,20%,33.29/kg,1.86
767663,Dark & Orange,Raw Halo,organic,10x35g,11.65,20%,33.29/kg,1.86
767665,Dark & Salted Caramel,Raw Halo,organic,10x35g,11.65,20%,33.29/kg,1.86
767667,Mango Pipstick,Pip,organic,24x18g,15.00,0%,34.72/kg,0.83
767669,Pineapple & Mango Pipstick,Pip,organic,24x18g,15.00,0%,34.72/kg,0.83
767670,Mylk & Pink Himalayan Salt,Raw Halo,organic,10x35g,11.65,20%,33.29/kg,1.86
767671,Dark Chocolate Covered Almonds,Raw Halo,organic,10x85g,26.40,20%,31.06/kg,4.22
767672,Mylk & Salted Caramel,Raw Halo,organic,10x35g,11.65,20%,33.29/kg,1.86
767673,Mylk & Vanilla,Raw Halo,organic,10x35g,11.65,20%,33.29/kg,1.86
767674,Dark Chocolate Covered Hazelnuts,Raw Halo,organic,10x85g,26.80,20%,31.53/kg,4.29
767675,Mylk Chocolate Covered Cashews,Raw Halo,organic,10x85g,26.40,20%,31.06/kg,4.22
767676,Mylk Chocolate Covered Raisins,Raw Halo,organic,10x85g,26.40,20%,31.06/kg,4.22
767746,Raspberry Giant Bar,Ma Baker,,20x90g,13.40,0%,7.44/kg,0.89
767758,Cherry Cough Drops with Stevia - bag,Ricola,,12x70g,10.55,20%,12.56/kg,1.41
767760,Original Swiss Herb Soothe & Clear - bag,Ricola,,12x75g,10.55,20%,11.72/kg,1.41
767762,Cough Drops Honey Lemon Echinacea - bag,Ricola,,12x75g,10.55,20%,11.72/kg,1.41
767764,Delicious Elderflower with Stevia - box,Ricola,,20x45g,16.90,20%,18.78/kg,1.35
767765,Raspberry Mint with Stevia - box,Ricola,,20x45g,16.90,20%,18.78/kg,1.35
767766,Luxurious Liquorice with Stevia - box,Ricola,,20x45g,16.90,20%,18.78/kg,1.35
767767,Refreshing Lemon Mint with Stevia - box,Ricola,,20x45g,16.90,20%,18.78/kg,1.35
767768,Tasty Cranberry with Stevia - box,Ricola,,20x45g,16.90,20%,18.78/kg,1.35
767769,Glacier Peppermint with Stevia - box,Ricola,,20x45g,16.90,20%,18.78/kg,1.35
767770,The Original with Stevia - box,Ricola,,20x45g,16.90,20%,18.78/kg,1.35
767780,Nougat with Honey & Almonds,Roots & Wings,organic,6x100g,27.60,20%,46.00/kg,7.35
768490,Organic Halva with Coconut Syrup - Vegan,Sunita,organic,12x75g,17.05,0%,18.94/kg,1.89
768492,Organic Dark Chocolate Halva,Sunita,organic,12x75g,21.60,0%,24.00/kg,2.4
768495,Organic Plain Halva,Sunita,organic,12x75g,17.05,0%,18.94/kg,1.89
768497,Organic Honey Halva - Almond,Sunita,organic,12x75g,21.60,0%,24.00/kg,2.4
768502,Organic Grape Juice & Sultana Halva,Sunita,organic,12x75g,17.05,0%,18.94/kg,1.89
768545,Halva Pistachio,Sunita,,24x75g,34.15,0%,18.97/kg,1.9
768555,Halva Plain,Sunita,,24x75g,34.15,0%,18.97/kg,1.9
768580,Blueberry Oat Muffin Protein Balls - High Fibre,The Protein Ball Co.,,10x45g,9.95,20%,22.11/kg,1.59
768582,Chocolate Chip Muffin Protein Balls - High Fibre,The Protein Ball Co.,,10x45g,9.95,20%,22.11/kg,1.59
768583,Coffee Oat Muffin Protein Balls - High Fibre,The Protein Ball Co.,,10x45g,9.95,20%,22.11/kg,1.59
768588,Lemon & Pistachio Protein Balls - Plant Based,The Protein Ball Co.,,10x45g,9.95,20%,22.11/kg,1.59
768589,Peanut Butter Protein Balls - Plant Based,The Protein Ball Co.,,10x45g,9.95,20%,22.11/kg,1.59
768590,Salted Caramel Protein Balls - Plant Based,The Protein Ball Co.,,10x45g,9.95,20%,22.11/kg,1.59
768591,Hazelnut & Chocolate Protein Balls - Stuffed,The Protein Ball Co.,,10x36g,10.75,20%,29.86/kg,1.72
768592,Matcha & Vanilla Protein Balls - Stuffed,The Protein Ball Co.,,10x36g,10.75,20%,29.86/kg,1.72
768594,Pistachio & Chocolate Protein Balls - Stuffed,The Protein Ball Co.,,10x36g,10.75,20%,29.86/kg,1.72
768816,Apricot & Almond Just 5 Bar,Tropical Wholefoods,organic,18x40g,15.50,20%,21.53/kg,1.38
768818,Date & Walnut Just 5 Bar,Tropical Wholefoods,organic,18x40g,15.50,20%,21.53/kg,1.38
768820,Mango & Brazil Just 5 Bar,Tropical Wholefoods,organic,18x40g,15.50,20%,21.53/kg,1.38
768823,Date & Cocoa Just 5 Bar,Tropical Wholefoods,organic,18x40g,15.50,20%,21.53/kg,1.38
768824,Pineapple & Cashew Just 5 Bar,Tropical Wholefoods,organic,18x40g,15.50,20%,21.53/kg,1.38
768830,150g Whole Hazelnut Chocolate Bar,Vego,organic,20x150g,65.00,20%,21.67/kg,5.2
768832,Mini Whole Hazelnut Chocolate Bar,Vego,organic,20x65g,33.65,20%,25.88/kg,2.69
768836,Vego Crisp - Chocolate & Rice Crisp Bar,Vego,organic,20x40g,25.00,20%,31.25/kg,2
768871,100% Cocoa Blood Orange,Vivani,demeter,10x90g,37.40,20%,41.56/kg,5.98
768873,Fine Dark 75% cocoa with coconut blossom sugar,Vivani,organic,10x80g,31.15,20%,38.94/kg,4.98
768874,Superior Dark with Cranberry,Vivani,organic,10x80g,26.80,20%,33.50/kg,4.29
768875,Peppermint Chocolate,Vivani,organic,10x100g,24.90,20%,24.90/kg,3.98
768877,Cappuccino Chocolate,Vivani,organic,10x100g,26.80,20%,26.80/kg,4.29
768879,Espresso Milk,Vivani,demeter,10x90g,31.15,20%,34.61/kg,4.98
768887,Pistacchio Dubai Style Milk Chocolate,Vivani,organic,18x40g,25.75,20%,35.76/kg,2.29
768888,Dark with Orange,Vivani,organic,10x80g,26.80,20%,33.50/kg,4.29
768890,Dark with Almonds Chocolate,Vivani,organic,10x100g,31.15,20%,31.15/kg,4.98
768891,Dark with Whole Hazelnuts Chocolate,Vivani,organic,10x100g,31.15,20%,31.15/kg,4.98
768892,Dark with Nougat Chocolate,Vivani,organic,12x80g,28.35,20%,29.53/kg,3.78
768893,Fine Dark Mallorca Fleur de Sel 75% Chocolate,Vivani,organic,10x80g,31.15,20%,38.94/kg,4.98
768895,Fine Dark 71% Chocolate,Vivani,organic,12x80g,28.35,20%,29.53/kg,3.78
768896,Fine Dark 85% Chocolate,Vivani,organic,10x80g,31.15,20%,38.94/kg,4.98
768899,White Nougat Crisp Chocolate,Vivani,organic,18x35g,22.30,20%,35.40/kg,1.98
768900,Whole Cocoa Fruit 100%,Vivani,organic,10x80g,39.30,20%,49.12/kg,6.29
768990,Fine Dark 99% Chocolate,Vivani,organic,10x80g,31.15,20%,38.94/kg,4.98
768991,Creamy Caramel Milk Chocolate,Vivani,organic,18x40g,22.30,20%,30.97/kg,1.98
768992,Superior Dark 100% + cocoa nibs Chocolate,Vivani,organic,10x80g,37.40,20%,46.75/kg,5.98
768993,Lemon Cheesecake Milk Chocolate,Vivani,organic,18x40g,22.30,20%,30.97/kg,1.98
768994,Black Cherry Dark Chocolate,Vivani,organic,18x35g,22.30,20%,35.40/kg,1.98
768995,Milk Whole Hazelnuts  Chocolate,Vivani,organic,10x100g,31.15,20%,31.15/kg,4.98
768996,Dark with Marzipan & Amaretto Chocolate,Vivani,organic,10x100g,23.65,20%,23.65/kg,3.78
768997,Fine Milk Chocolate,Vivani,organic,12x80g,28.35,20%,29.53/kg,3.78
768998,Milk Praliné Chocolate,Vivani,organic,10x100g,26.80,20%,26.80/kg,4.29
768999,Espresso Biscotti Chocolate,Vivani,organic,18x40g,22.30,20%,30.97/kg,1.98
769000,Créme Brulée Chocolate,Vivani,organic,18x40g,22.30,20%,30.97/kg,1.98
769001,Wafer Praliné Chocolate,Vivani,organic,18x40g,22.30,20%,30.97/kg,1.98
769002,Stracciatella White Chocolate with Cacao Nibs,Vivani,organic,10x80g,31.15,20%,38.94/kg,4.98
769005,Choco Dragées Cashew,Vivani,organic,8x75g,32.40,20%,54.00/kg,6.48
769006,Choco Dragées Cranberry,Vivani,organic,8x75g,32.40,20%,54.00/kg,6.48
769007,Choco Dragées Espresso,Vivani,organic,8x75g,32.40,20%,54.00/kg,6.48
769104,Wild Thingz -  Fruity Flyers treat bag,Wild Thingz,organic,16x25g,12.45,20%,31.12/kg,1.25
782797,Chips de Madrid - Cretan Herb & Salt,Superbon,,10x125g,15.65,20%,12.52/kg,2.68
791002,Herbamare - shaker,A. Vogel,organic,6x500g,34.95,0%,11.65/kg,7.77
791005,Herbamare - shaker,A. Vogel,organic,6x250g,22.10,0%,14.73/kg,4.92
791012,Herbamare - shaker,A. Vogel,organic,6x125g,14.20,0%,18.93/kg,3.16
791015,Herbamare - low salt - shaker,A. Vogel,organic,6x125g,17.65,0%,23.53/kg,3.93
791017,Herbamare - spicy - shaker,A. Vogel,organic,6x125g,14.20,0%,18.93/kg,3.16
791405,Sel de Guérande - Fine - shaker - large,Food Alive,certified,12x250g,32.60,0%,10.87/kg,3.62
791410,Sel de Guérande - Fine - bag,Food Alive,certified,12x1kg,47.80,0%,3.98/kg,5.31
791415,Sel de Guérande - Coarse - bag,Food Alive,certified,12x1kg,32.60,0%,2.72/kg,3.62
791545,Black Sesame Gomasio,Carley's,organic,6x150g,15.65,0%,17.39/kg,3.59
791549,Furikake Sprinkle,Clearspring,organic,8x50g,19.10,0%,47.75/kg,3.19
791550,Traditional Sea Salt,Clearspring,certified,6x250g,17.95,0%,11.97/kg,3.99
791551,Gomashio - Black Sesame with Sea Salt,Clearspring,organic,6x100g,10.75,0%,17.92/kg,2.39
791552,Gomashio - Whole Sesame with Sea Salt,Clearspring,organic,6x100g,10.75,0%,17.92/kg,2.39
791555,Shichimi Togarashi,Clearspring,organic,8x50g,19.10,0%,47.75/kg,3.18
791565,Coconut Aminos - Original,Biona,organic,6x250ml,15.25,0%,10.17/l,3.39
791582,Vegetarian Suet,Suma,,6x250g,17.95,0%,11.97/kg,3.99
791604,Lübecker Marzipan Almond Paste,Lubeca,,15x200g,36.55,20%,12.18/kg,3.9
791605,Lübecker Marzipan Almond Paste,Lubeca,organic,1kg,16.25,20%,16.25/kg,
791640,Fine Sea Salt - bag,Trapani,,12x1kg,35.55,0%,2.96/kg,3.95
791642,Coarse Sea Salt - bag,Trapani,,12x1kg,35.55,0%,2.96/kg,3.95
791644,Truffle Dust,Truffle Hunter,,6x65g,41.50,0%,106.41/kg,9.22
791645,Black Truffle Salt,Truffle Hunter,,6x140g,54.40,0%,64.76/kg,12.09
791654,Atlantic Sea Salt - Fine,Geo-Organics,certified,25kg,25.25,0%,1.01/kg,
791655,Atlantic Sea Salt - boxed,Geo-Organics,certified,6x250g,8.55,0%,5.70/kg,1.9
791660,Atlantic Sea Salt - in tub dispenser,Geo-Organics,certified,6x500g,17.05,0%,5.68/kg,3.79
791675,Blue Cheese'ish - flavours,Uhhmami,organic,4x40g,9.60,0%,60.00/kg,3.2
791680,Rock Salt - in grinder,Hambleden,,5x120g,11.10,0%,18.50/kg,2.96
791715,Cornish Sea Salt - Chef's Tub,Cornish Sea Salt,certified,6x500g,30.70,0%,10.23/kg,6.82
791718,Atlantic Sea Salt - Portugal -  Fine,Essential,organic,5kg,8.85,0%,1.77/kg,
791750,Egg Replacer - for baking,Free & Easy,,6x135g,14.60,0%,18.02/kg,3.24
791752,Get Eggless Egg - for scrambles and more,Free & Easy,,4x250g,14.65,0%,14.65/kg,4.88
791940,Finishing Salt - woodfired Naga & Fennel,Spiced Sussex,,6x50g,16.00,0%,53.33/kg,3.56
792203,Brewers Yeast Powder,Midland Herb & Spice,,1kg,18.60,0%,18.60/kg,
792339,Sage & Onion Stuffing - gluten-free,Steenbergs,organic,4x130g,12.10,0%,23.27/kg,4.03
793015,Mushroom Stock Cubes,Kallo,organic,15x6x11g,22.05,0%,22.27/kg,1.96
793065,Vegetable Stock Cubes,Kallo,organic,15x6x11g,22.05,0%,22.27/kg,1.96
793067,Low Salt Vegetable Stock Cubes,Kallo,organic,15x6x11g,22.05,0%,22.27/kg,1.96
793095,Yeast Free Vegetable Stock Cubes,Kallo,,15x6x11g,22.05,0%,22.27/kg,1.96
793668,Maldon Sea Salt - tub,Maldon,,1x570g,6.30,0%,11.05/kg,8.4
793675,Chilli Sea Salt - carton,Maldon,,12x100g,28.80,0%,24.00/kg,3.2
793676,Garlic Sea Salt - carton,Maldon,,12x100g,29.10,0%,24.25/kg,3.23
793677,Kalahari Desert Salt - coarse - carton,Maldon,,12x250g,22.50,0%,7.50/kg,2.5
793679,Maldon Sea Salt - grinder,Maldon,,6x55g,17.30,0%,52.42/kg,3.84
793680,Maldon Sea Salt - carton,Maldon,,12x250g,33.60,0%,11.20/kg,3.73
793682,Smoked Maldon Sea Salt,Maldon,,12x125g,28.30,0%,18.87/kg,3.14
793683,Maldon Sea Salt - tub,Maldon,,1x1.4kg,15.05,0%,10.75/kg,20.07
793684,Maldon Sea Salt - carton,Maldon,,12x125g,19.70,0%,13.13/kg,2.19
793694,Pure Bourbon Vanilla Extract,LittlePod,,6x100ml,69.30,0%,115.50/l,15.4
793696,Natural Vanilla Paste,LittlePod,,6x100ml,68.00,0%,113.33/l,15.11
793698,Madagascan Vanilla Pods,LittlePod,organic,6x2pack,26.65,0%,,5.92
794490,Vegetable Bouillon,Marigold,organic,1x2kg,17.60,0%,8.80/kg,23.48
794491,Vegetable Bouillon,Marigold,organic,12.5kg,115.00,0%,9.20/kg,
794492,Reduced Salt Bouillon,Marigold,organic,1x2kg,20.60,0%,10.30/kg,27.47
794493,Reduced Salt Bouillon,Marigold,organic,12.5kg,135.00,0%,10.80/kg,
794502,Vegetable Bouillon,Marigold,organic,6x500g,36.85,0%,12.28/kg,8.2
794503,Vegetable Bouillon,Marigold,organic,6x150g,12.10,0%,13.44/kg,2.69
794505,Original Bouillon,Marigold,,6x150g,11.20,0%,12.44/kg,2.49
794508,Reduced Salt Bouillon,Marigold,organic,6x140g,12.35,0%,14.70/kg,2.75
794509,Reduced Salt Bouillon,Marigold,organic,6x500g,37.30,0%,12.43/kg,8.29
794510,Original Bouillon,Marigold,,6x500g,34.40,0%,11.47/kg,7.64
794517,Original Bouillon,Marigold,,1x2kg,16.30,0%,8.15/kg,21.73
794519,Reduced Salt Bouillon,Marigold,,1x2kg,16.85,0%,8.43/kg,22.48
794520,Reduced Salt Bouillon,Marigold,,6x150g,11.65,0%,12.94/kg,2.59
794521,Reduced Salt Bouillon,Marigold,,6x500g,35.05,0%,11.68/kg,7.79
794527,Yeast Free Bouillon Cubes,Marigold,organic,12x8pack,14.30,0%,,1.59
794528,Instant Gravy - powder,Marigold,,6x170g,11.20,0%,10.98/kg,2.49
794529,"Engevita Yeast Flakes with Vitamin D, Super B12",Marigold,,6x100g,21.35,0%,35.58/kg,4.74
794530,Instant Gravy - powder,Marigold,organic,6x110g,12.55,0%,19.02/kg,2.79
794531,Instant Gravy - powder,Marigold,,1x2kg,14.60,0%,7.30/kg,19.48
794533,Engevita Organic Nutritional Yeast Flakes,Marigold,organic,6x100g,30.80,0%,51.33/kg,6.84
794534,Engevita Yeast Flakes with B12 - 100g,Marigold,,6x100g,19.75,0%,32.92/kg,4.39
794536,Engevita Yeast Flakes - Protein & Fibre Unfortified,Marigold,,6x100g,17.50,0%,29.17/kg,3.89
794537,Engevita Yeast Flakes with B12  - 650g,Marigold,,1x650g,15.70,0%,24.15/kg,20.99
794538,Engevita Yeast Flakes with B12,Marigold,,25kg,470.00,0%,18.80/kg,
795020,Vanilla Extract (single),Nielsen-Massey,organic,1l,89.95,0%,89.95/l,
795022,Vanilla Extract,Nielsen-Massey,organic,1x60ml,8.05,0%,134.17/l,10.75
795150,Himalayan Rose Pink Salt - fine,Profusion,,8x500g,23.95,0%,5.99/kg,3.99
795155,Himalayan Rose Pink Salt - coarse,Profusion,,8x500g,23.95,0%,5.99/kg,3.99
795165,Himalayan Rose Pink Salt - fine - shaker,Profusion,,8x140g,16.10,0%,14.38/kg,2.68
795172,Salt Mill - Himalayan Rose Pink  Salt,Profusion,,6x200g,29.95,0%,24.96/kg,6.66
795176,Za'atar Palestinian Blend,Rift Valley Farms,,12x140g,44.80,0%,26.67/kg,4.98
795196,Crispy Onions,Yakso,organic,8x100g,19.70,0%,24.62/kg,3.28
795205,Palestinian Za'atar - Thyme mix - jar,Zaytoun,,6x80g,22.95,0%,47.81/kg,5.1
795300,Almond Extract - Natural,Steenbergs,,8x60ml,45.30,0%,94.38/l,7.55
795302,Lemon Extract,Steenbergs,organic,8x60ml,20.45,0%,42.60/l,3.41
795305,Orange Extract,Steenbergs,organic,8x60ml,20.45,0%,42.60/l,3.41
795307,Orange Flower Water,Steenbergs,organic,6x100ml,20.00,0%,33.33/l,4.44
795310,Peppermint Extract,Steenbergs,organic,8x60ml,21.30,0%,44.38/l,3.55
795312,Rose Flower Water,Steenbergs,organic,6x100ml,20.00,0%,33.33/l,4.44
795315,Vanilla Extract - Fair Trade,Steenbergs,organic,8x60ml,51.20,0%,106.67/l,8.53
795320,Tamarind Paste,Steenbergs,,12x150g,25.90,0%,14.39/kg,2.88
795338,Aquafaba - jar,Suma,organic,6x750ml,31.40,0%,6.98/l,6.98
795339,Aquafaba - jar,Suma,organic,6x250ml,12.45,0%,8.30/l,2.77
795995,Lime Juice,Sunita,organic,12x250ml,19.75,0%,6.58/l,2.19
796002,Lemon Juice,Sunita,organic,12x250ml,19.75,0%,6.58/l,2.19
796003,Lemon Juice,Sunita,organic,6x1l,36.10,0%,6.02/l,8.02
796004,Orange Juice - freshly squeezed,Sunita,organic,6x1l,20.85,20%,3.48/l,5.56
796005,Lemon Juice - small,Sunita,,12x200ml,6.75,0%,2.81/l,0.75
796010,Lemon Juice - large,Sunita,,5l,14.75,0%,2.95/l,
796683,Smoked Maldon Sea Salt - tub,Maldon,,1x500g,9.50,0%,19.00/kg,12.67
810536,Adult Original Vegan Dog Food - bag - now 10kg,Benevo,,1x10kg,33.10,20%,3.31/kg,53
810537,Adult Original Vegan Dog Food - bag,Benevo,,1x1.8kg,8.45,20%,4.69/kg,13.52
810538,Duo Complete - can,Benevo,,12x354g,26.15,20%,6.16/kg,3.49
810539,Grain-Free Feast Adult Dog Food - can,Benevo,,12x395g,28.40,20%,5.99/kg,3.79
810540,Rumble Strips,Benevo,,14x180g,21.75,20%,8.63/kg,2.49
810543,Pawtato Knots Small - Mixed Case - approx 120,Pawtato,,1.6kg,14.95,20%,9.34/kg,
810544,Pawtato Knots - small,Benevo,,6x150g,11.20,20%,12.44/kg,2.99
810546,Pawtato Sticks - Spinach & Kale,Benevo,,6x120g,9.30,20%,12.92/kg,2.48
810548,Pawtato Tubes - Turmeric and Chicory Root,Benevo,,6x90g,9.30,20%,17.22/kg,2.48
810549,Pawtato Ocean Treats - Small,Benevo,,10x140g,21.80,20%,15.57/kg,3.49
810550,Pawtato Ocean Treats - Medium,Benevo,,10x140g,21.80,20%,15.57/kg,3.49
810551,Pawtato Sticks - Peanut Apple & Cinnamon,Benevo,,6x120g,9.30,20%,12.92/kg,2.48
810556,Unscented Biodegradable Poop Bags,Benevo,,6x8x15bags,22.45,20%,,5.99
810600,Chamomile Dog Shampoo - sensitive,Faith in Nature,,6x400ml,27.95,20%,11.65/l,7.99
810602,Coconut Dog Shampoo - detangling,Faith in Nature,,6x400ml,27.95,20%,11.65/l,7.99
810604,Lavender Dog Shampoo - deep cleaning,Faith in Nature,,6x400ml,27.95,20%,11.65/l,7.99
820505,bioSnacky Glass Germinator,A. Vogel,,1x1,7.60,20%,,12.63
820515,The Sprouter - (single kit),Being Fare,,1x1,9.80,20%,,17.57
820523,Bamboo Sushi Mat - Japan,Clearspring,,10x1,9.90,20%,,1.7
820533,Bread/Dry Goods Bag Sm - Natural White Cotton Voile,Bo Weevil,organic,1x1,1.20,20%,,2.06
820534,Canvas shopping Bag - Natural White,Bo Weevil,organic,1x1,4.50,20%,,7.71
820540,Granny String Bag Short Handle - Orange,Bo Weevil,organic,1x1,4.20,20%,,7.2
820546,Granny String Bag Long Handle - Orange,Bo Weevil,organic,1x1,4.25,20%,,7.29
820549,Cube Box 4 ply Bamboo Balsam Tissues - 48s,Cheeky Panda,,12x48,15.00,20%,,2
820550,Vegetable Mesh Bag - Large,Bo Weevil,organic,1x1,1.75,20%,,3
820551,Flat Box 4 ply Bamboo Balsam Tissues - 64s,Cheeky Panda,,12x64,17.25,20%,,2.3
820555,Cleansing Facial Wipes,Cheeky Panda,,24x25pack,37.55,20%,,2.5
820558,Flat Box Facial Tissues - 80s,Cheeky Panda,,12x180g,11.75,20%,5.44/kg,1.57
820559,Multicoloured Paper Straws,Cheeky Panda,,1x100pack,1.75,20%,,2.8
820560,Kitchen Rolls - 2 pack,Cheeky Panda,,5x2pack,14.60,20%,,4.67
820562,48 Toilet Rolls - Silky Soft - 3 ply - 200 sheets,Cheeky Panda,,1x5.8kg,25.85,20%,4.46/kg,41.36
820563,Pocket Tissues,Cheeky Panda,,14x10pack,5.20,20%,,0.59
820565,9 Toilet Rolls - Natural Colour - 3 ply - 190 sheets,Cheeky Panda,,5x9pack,19.95,20%,,6.38
820566,9 Toilet Rolls WWF Silky Soft - 3 ply - 190 sheets,Cheeky Panda,,5x9pack,17.25,20%,,5.52
820567,9 Toilet Rolls - Quilted Soft - 4 ply - 155 sheets,Cheeky Panda,,5x9pack,22.65,20%,,7.25
820568,Handy Wipes,Cheeky Panda,,12x12pack,10.50,20%,,1.4
820569,Pocket Tissues - paper wrapped,Cheeky Panda,,12x8x10,12.75,20%,,1.7
820698,Reusable Cotton Milk bag - 38x38cm,AH Table,organic,10x1pack,26.50,20%,,4.25
820700,Reusable Cotton Tea bag - 5 bags,AH Table,organic,10x5pack,26.00,20%,,4.17
820702,Stainless Steel Tea Ball Infuser with chain,AH Table,,5x1pack,16.60,20%,,5.32
820705,Bambuu Soap Dish & Soap Bag - rectangle,Alter-Native by Suma,,1x1pack,2.80,20%,,4.48
820708,Soap Bag - organic cotton,Alter-Native by Suma,organic,1x1pack,1.50,20%,,2.4
820720,Aluminium Foil - 100% recycled - 10mx30cm,If You Care,,12x1,37.15,20%,,5.46
820722,Heavy Duty Aluminium Foil - 100% recycled - 7mx40cm,If You Care,,12x1,50.70,20%,,7.57
820725,Parchment Paper - unbleached - 19.8mx33cm,If You Care,,12x1,38.85,20%,,5.8
820727,Baking Sheets - pre-cut,If You Care,,12x24sheets,30.15,20%,,4.44
820730,Large Baking Cups - unbleached,If You Care,,24x60pack,31.25,20%,,2.3
820732,Sub/Mini Baguette Sandwich Bags - Paper,If You Care,,12x30pack,37.55,20%,,5.69
820734,Sandwich Bags - Paper,If You Care,,12x48pack,36.90,20%,,5.53
820735,No2 Unbleached Coffee Filter cone-style - small,If You Care,,12x100pack,25.60,20%,,3.81
820737,No4 Unbleached Coffee Filter cone-style - large,If You Care,,12x100pack,25.60,20%,,3.81
820740,72 Firelighters - non toxic wood & veg oil,If You Care,,12x72,43.40,20%,,6.45
820743,Sponge Cloths - cellulose & cotton,If You Care,,12x5pack,38.55,20%,,5.72
820745,Food Waste Bags - 43x39cm,If You Care,,12x30bags,44.75,20%,,6.5
820747,Tall Kitchen Bags - 61x64.5cm,If You Care,,12x12bags,43.50,20%,,6.39
820749,Nail Brush - Agave Wood - vegan,La Droguerie,,1x1pack,2.10,20%,,3.36
820761,Stainless Coffee Cup Insulated  - 2 caps,One Green Bottle,,1x400ml,17.40,20%,43.50/l,27.99
820773,Black Sloop - silicone bottle carrier,One Green Bottle,,1x1pack,3.10,20%,,4.99
820775,Steel Cap  - no handle,One Green Bottle,,1x1pack,3.75,20%,,6
820777,Evo Stainless Insulated Botl - Screw cap,One Green Bottle,,1x500ml,16.10,20%,32.20/l,25.9
820778,Nude Stainless  botl - sports cap - not insulated,One Green Bottle,,1x500ml,12.40,20%,24.80/l,19.95
820779,Nude Stainless  botl - sports cap - not insulated,One Green Bottle,,1x800ml,14.90,20%,18.62/l,24
820834,Olive Wood Salad Fork & Spoon Server Set - 23cm,Soumi,,1x1pack,6.60,20%,,10.56
820835,Olive Wood Spatula 25cm,Soumi,,1x1pack,3.65,20%,,5.84
820836,Olive Wood Rectangular Soap Dish -12x8cm,Soumi,,1x1pack,5.30,20%,,8.48
820837,Olive Wood Spoon 20cm,Soumi,,1x1pack,3.30,20%,,5.28
820838,Olive Wood Spoon 30cm,Soumi,,1x1pack,4.85,20%,,7.76
820839,Olive Wood Tongs 30cm,Soumi,,1x1pack,4.45,20%,,7.12
822042,incognito - Mini - anti-mosquito spray,incognito,,6x50ml,30.15,20%,100.50/l,8.61
830499,Dishwasher Tablets - 200 tabs,Bio-D,,1x2.4kg,26.45,20%,11.02/kg,42.89
830500,Dishwash Unwrapped Bars,Bio-D,,6x90g,15.05,20%,27.87/kg,4.02
830501,Dishwasher Rinse Aid,Bio-D,,12x750ml,29.15,20%,3.24/l,3.91
830502,Dishwasher Tablets - 30 tabs,Bio-D,,8x360g,40.10,20%,13.92/kg,8.13
830503,Grapefruit Washing Up Liquid,Bio-D,,12x750ml,21.65,20%,2.41/l,2.93
830506,Grapefruit Washing Up Liquid,Bio-D,,1x5l,9.65,20%,1.93/l,15.48
830507,Washing Up Liquid,Bio-D,,12x750ml,20.25,20%,2.25/l,2.74
830508,Dishwash Wrapped Bars,Bio-D,,20x90g,54.00,20%,30.00/kg,4.33
830510,Washing Up Liquid,Bio-D,,1x5l,8.15,20%,1.63/l,13.07
830511,Mandarin Washing Up Liquid,Bio-D,,12x750ml,21.65,20%,2.41/l,2.93
830512,Mandarin Washing Up Liquid,Bio-D,,1x5l,9.65,20%,1.93/l,15.48
830513,Rhubarb Washing Up Liquid,Bio-D,,12x750ml,21.70,20%,2.41/l,2.93
830517,Laundry Bleach,Bio-D,,12x400g,19.40,20%,4.04/kg,2.59
830518,Rhubarb Washing Up Liquid,Bio-D,,1x5l,9.70,20%,1.94/l,15.56
830519,Cotton Fresh Fabric Refresher Spray,Bio-D,,12x500ml,31.20,20%,5.20/l,4.3
830520,Laundry Liquid - Fragrance Free,Bio-D,,12x1l,47.90,20%,3.99/l,6.4
830521,Cotton Fresh Fabric Conditioner - concentrated,Bio-D,,1x5l,8.95,20%,1.79/l,14.37
830522,Juniper Laundry Liquid,Bio-D,,12x1l,51.25,20%,4.27/l,6.89
830523,Juniper Laundry Liquid,Bio-D,,1x5l,18.45,20%,3.69/l,30.52
830524,Lavender Laundry Liquid,Bio-D,,12x1l,51.25,20%,4.27/l,6.89
830525,Laundry Liquid - Fragrance Free,Bio-D,,1x5l,17.90,20%,3.58/l,28.66
830526,Cotton Fresh Laundry Liquid - concentrated,Bio-D,,12x1l,47.55,20%,3.96/l,6.54
830527,Cotton Fresh Laundry Liquid - concentrated,Bio-D,,1x5l,15.00,20%,3.00/l,24.62
830528,Lavender Laundry Liquid,Bio-D,,1x5l,18.45,20%,3.69/l,30.52
830529,Cotton Fresh Fabric Conditioner - concentrated,Bio-D,,12x1l,35.85,20%,2.99/l,4.93
830531,Concentrated Floor Cleaner,Bio-D,,12x750ml,29.95,20%,3.33/l,4.02
830534,Concentrated Floor Cleaner,Bio-D,,1x5l,12.55,20%,2.51/l,20.09
830539,All Purpose Sanitiser - ready to use,Bio-D,,1x5l,6.85,20%,1.37/l,11.06
830540,Toilet Cleaner - with nozzle,Bio-D,,12x750ml,22.10,20%,2.46/l,2.95
830542,Spray - All Purpose Sanitiser - ready to use,Bio-D,,12x500ml,24.95,20%,4.16/l,3.35
830544,Multi-Surface Cleaner - concentrated,Bio-D,,12x750ml,24.85,20%,2.76/l,3.31
830547,Home & Garden Cleaner - disinfects,Bio-D,,1x5l,9.00,20%,1.80/l,14.44
830550,Concentrated Washing Powder,Bio-D,,8x2kg,50.45,20%,3.15/kg,10.09
830552,Home & Garden Cleaner - disinfects,Bio-D,,12x750ml,23.65,20%,2.63/l,3.16
830553,Spray - Bathroom Cleaner,Bio-D,,12x500ml,25.65,20%,4.27/l,3.44
830554,Toilet Cleaner,Bio-D,,1x5l,8.80,20%,1.76/l,14.08
830555,Concentrated Washing Powder,Bio-D,,10x1kg,32.80,20%,3.28/kg,5.26
830556,Multi-Surface Cleaner - concentrated,Bio-D,,1x5l,10.75,20%,2.15/l,17.36
830557,Spray - Glass & Mirror Cleaner,Bio-D,,12x500ml,26.00,20%,4.33/l,3.5
830559,Bathroom Cleaner,Bio-D,,1x5l,7.65,20%,1.53/l,12.36
830560,Concentrated Washing Powder,Bio-D,,1x12.5kg,39.45,20%,3.16/kg,63.21
830561,Laundry & Stain Remover Unwrapped Bar,Bio-D,,6x90g,15.05,20%,27.87/kg,4.02
830562,Furniture Polish - Tin,Bio-D,,6x150g,34.50,20%,38.33/kg,9.2
830563,Spray - Limescale Remover,Bio-D,,12x500ml,30.20,20%,5.03/l,4.05
830564,Limescale Remover,Bio-D,,1x5l,14.40,20%,2.88/l,23.26
830565,20 litre Drum Tap,Bio-D,,1x1,4.30,20%,,6.88
830566,5 litre Drum Pump,Bio-D,,1x1,3.05,20%,,4.88
830567,20 litre Drum Pump,Bio-D,,1x1,5.35,20%,,8.56
830568,Spray - All Purpose Sanitiser - Mandarin,Bio-D,,12x500ml,25.35,20%,4.23/l,3.4
830570,Nappy Fresh - nappy sanitizer,Bio-D,,12x500g,25.40,20%,4.23/kg,3.4
830571,Toilet Cleaner Pine & Cedarwood - with nozzle,Bio-D,,12x750ml,22.70,20%,2.52/l,3.03
830572,Toilet Cleaner Pine & Cedarwood,Bio-D,,1x5l,8.75,20%,1.75/l,14
830573,Spray - Bathroom Cleaner - Pine & Cedarwood,Bio-D,,12x500ml,26.00,20%,4.33/l,3.49
830574,Spray - All Purpose Sanitiser - Rhubarb,Bio-D,,12x500ml,26.20,20%,4.37/l,3.52
830576,All Purpose Sanitiser - Rhubarb,Bio-D,,1x5l,7.75,20%,1.55/l,12.52
830591,All Purpose Sanitiser - ready to use,Bio-D,,20l,26.80,20%,1.34/l,
830592,Grapefruit Washing Up Liquid,Bio-D,,20l,37.55,20%,1.88/l,
830596,Washing Up Liquid,Bio-D,,20l,30.85,20%,1.54/l,
830598,Laundry Liquid - Fragrance Free,Bio-D,,20l,57.25,20%,2.86/l,
830599,Lavender Laundry Liquid,Bio-D,,20l,62.25,20%,3.11/l,
830601,Fabric Conditioner - Fragrance Free - concentrated,Bio-D,,20l,34.20,20%,1.71/l,
830603,Lavender Fabric Conditioner - concentrated,Bio-D,,20l,39.05,20%,1.95/l,
830604,Multi Surface Cleaner - concentrated,Bio-D,,20l,41.55,20%,2.08/l,
830606,Toilet Cleaner,Bio-D,,20l,33.85,20%,1.69/l,
830610,Fabric Conditioner - Fragrance Free - concentrated,Bio-D,,12x1l,27.90,20%,2.32/l,3.72
830615,Fabric Conditioner - Fragrance Free - concentrated,Bio-D,,1x5l,9.30,20%,1.86/l,14.93
830620,Juniper Fabric Conditioner - concentrated,Bio-D,,12x1l,32.00,20%,2.67/l,4.29
830625,Juniper Fabric Conditioner - concentrated,Bio-D,,1x5l,10.65,20%,2.13/l,17.27
830630,Lavender Fabric Conditioner - concentrated,Bio-D,,12x1l,32.00,20%,2.67/l,4.29
830635,Lavender Fabric Conditioner - concentrated,Bio-D,,1x5l,10.65,20%,2.13/l,17.27
830981,Bamboo Baby Wipes,Cheeky Panda,,12x60pack,19.05,20%,,2.54
831396,Bathroom Cleaner - green apple,Ecoleaf,,1x5l,9.65,20%,1.93/l,15.43
831397,Bathroom Cleaner - trigger spray - lavender,Ecoleaf,,12x750ml,29.50,20%,3.28/l,3.93
831398,Bathroom Cleaner - lavender,Ecoleaf,,1x5l,8.90,20%,1.78/l,14.23
831400,Dishwasher Tablets 25,Ecoleaf,,6x25tab,21.35,20%,,5.71
831402,Dishwasher Tablets 70,Ecoleaf,,5x70tab,44.05,20%,,14.17
831403,Hard Floor Cleaner - Rose & Oud,Ecoleaf,,12x750ml,29.45,20%,3.27/l,3.92
831404,Hard Floor Cleaner - Rose & Oud,Ecoleaf,,1x5l,11.45,20%,2.29/l,18.31
831406,Fabric Conditioner - Jasmine,Ecoleaf,,6x1.5l,16.55,20%,1.84/l,4.41
831408,Fabric Conditioner - Jasmine,Ecoleaf,,1x5l,8.55,20%,1.71/l,13.67
831414,Fabric Conditioner - Jasmine,Ecoleaf,,20l,30.95,20%,1.55/l,
831416,Laundry Liquid - Jasmine,Ecoleaf,,6x1.5l,25.25,20%,2.81/l,6.73
831424,Washing Powder Concentrated - non bio,Ecoleaf,,10kg,27.55,20%,2.75/kg,
831425,Washing Up Liquid - Citrus Fruit,Ecoleaf,,8x740ml,14.65,20%,2.47/l,2.93
831426,Laundry Liquid - Jasmine,Ecoleaf,,1x5l,14.95,20%,2.99/l,23.9
831427,Washing Up Liquid - Citrus Fruit,Ecoleaf,,1x5l,8.95,20%,1.79/l,14.36
831428,Laundry Liquid - Jasmine,Ecoleaf,,20l,51.90,20%,2.59/l,
831429,Multi Surface Cleaner - antibac - citrus & petitgrain,Ecoleaf,,20l,31.95,20%,1.60/l,
831430,Washing Up Liquid - Citrus Fruit,Ecoleaf,,20l,29.75,20%,1.49/l,
831431,Multi Surface Cleaner - antibac - citrus & petitgrain,Ecoleaf,,1x5l,8.95,20%,1.79/l,14.31
831432,Toilet Cleaner - Fresh Green,Ecoleaf,,6x750ml,9.85,20%,2.19/l,2.63
831433,Laundry Detergent Sheets - non-bio - lavender,Ecoleaf,,10x30sheet,37.95,20%,,6.07
831434,Multi Surface Cleaner - antibac - citrus & petitgrain,Ecoleaf,,12x750ml,29.50,20%,3.28/l,3.93
831435,Toilet Cleaner - Fresh Green,Ecoleaf,,1x5l,8.15,20%,1.63/l,13.03
831436,Toilet Cleaner - Fresh Green,Ecoleaf,,20l,30.25,20%,1.51/l,
831437,Laundry Powder with Rosemary,Ecoleaf,,10kg,27.55,20%,2.75/kg,
831453,5l Pump - 30ml Dispenser,Ecoleaf,,1x1pack,3.45,20%,,5.52
831455,20l Drum Tap,Ecoleaf,,1x1pack,4.25,20%,,6.8
831586,Fabric Softener - Zero,Ecover,,6x1.43l,23.00,20%,2.68/l,6.13
831587,Fabric Softener - Gardenia & Vanilla,Ecover,,6x750ml,10.85,20%,2.41/l,2.89
831588,Fabric Softener - Apple Blossom & Almond,Ecover,,6x750ml,10.85,20%,2.41/l,2.89
831589,Fabric Softener - Gardenia & Vanilla,Ecover,,6x1.43l,18.40,20%,2.14/l,4.91
831590,Fabric Softener - Apple Blossom & Almond,Ecover,,6x1.43l,18.40,20%,2.14/l,4.91
831591,Fabric Softener - Apple Blossom & Almond,Ecover,,1x5l,10.90,20%,2.18/l,17.44
831592,Fabric Softener - Apple Blossom & Almond,Ecover,,15l,26.60,20%,1.77/l,
831593,Washing Powder Bio,Ecover,,10x950g,64.60,20%,6.80/kg,10.34
831594,Washing Powder Non-Bio,Ecover,,10x950g,59.85,20%,6.30/kg,9.58
831595,Washing Powder Non-Bio,Ecover,,2x4kg,43.45,20%,5.43/kg,34.76
831596,Washing Powder Non-Bio Zero,Ecover,,10x950g,55.30,20%,5.82/kg,8.85
831603,Zero Washing Up Liquid,Ecover Zero,,8x450ml,11.70,20%,3.25/l,2.34
831604,All in One Zero Dishwasher Tablets - small,Ecover Zero,,12x24pack,66.95,20%,,8.93
831608,Concentrated Laundry Liquid - Zero,Ecover Zero,,1x5l,20.00,20%,4.00/l,32
831618,Multi Surface Spray  - Zero,Ecover Zero,,6x500ml,15.60,20%,5.20/l,4.16
831619,Washing Powder Non-Bio Zero,Ecover,,2x4kg,38.40,20%,4.80/kg,30.72
831622,Wash Up Liquid - Zero,Ecover Zero,,1x5l,11.60,20%,2.32/l,18.56
831626,Concentrated Laundry Liquid - Zero,Ecover Zero,,6x1.43l,36.30,20%,4.23/l,9.68
831627,Delicate Laundry Liquid - Zero,Ecover Zero,,6x1l,18.00,20%,3.00/l,4.8
831628,All-Purpose Cleaner - Lemongrass & Ginger,Ecover,,6x1l,12.40,20%,2.07/l,3.31
831981,All in One Dishwasher Tablets - small,Ecover,,12x24pack,66.95,20%,,8.93
831982,All in One Dishwasher Tablets - large,Ecover,,4x72pack,59.50,20%,,23.82
831983,Power All in One Dishwasher Tablets - small,Ecover,,12x24pack,75.20,20%,,10.03
831984,Power All in One Dishwasher Tablets - large,Ecover,,4x72pack,64.25,20%,,25.72
832001,Double Conc Bio Laundry Capsules lilac & rose - 18,Ecover,,8x320g,45.80,20%,17.89/kg,9.16
832002,Classic Dishwash Tablets - large,Ecover,,5x70x20g,52.95,20%,7.56/kg,16.94
832003,Double Conc Bio Laundry Capsules lilac & rose - 34,Ecover,,8x600g,80.50,20%,16.77/kg,16.1
832004,Double Conc Non Bio Laundry Capsules almond & apricot - 18,Ecover,,8x320g,45.80,20%,17.89/kg,9.16
832005,Classic Dishwash Tablets - small,Ecover,,6x25x20g,31.90,20%,10.63/kg,8.51
832006,Double Conc Non Bio Laundry Capsules almond & apricot - 34,Ecover,,8x600g,80.50,20%,16.77/kg,16.1
832007,Bio Concentrated Laundry Liquid,Ecover,,1x5l,20.00,20%,4.00/l,32
832010,Dishwash Rinse Aid,Ecover,,8x450ml,18.90,20%,5.25/l,3.78
832014,Concentrated Laundry Liquid - lavender & sandalwood,Ecover,,1x5l,20.00,20%,4.00/l,32
832020,Floor Soap,Ecover,,6x1l,13.30,20%,2.22/l,3.55
832021,Laundry Liquid - plastic container,Ecover,,1x5l,14.20,20%,2.84/l,22.72
832022,Bio Conc Laundry Liquid - Honeysuckle & Jasmine,Ecover,,6x1.43l,36.30,20%,4.23/l,9.68
832023,Concentrated Laundry Liquid - 28 washes,Ecover,,6x1l,35.45,20%,5.91/l,9.45
832025,Floor Soap,Ecover,,1x5l,10.70,20%,2.14/l,17.12
832028,Toilet Cleaner Sea Breeze & Sage,Ecover,,8x750ml,14.00,20%,2.33/l,2.8
832030,All-Purpose Cleaner - Lemongrass & Ginger,Ecover,,1x5l,7.90,20%,1.58/l,12.64
832031,Toilet Cleaner Pine & Mint,Ecover,,8x750ml,14.00,20%,2.33/l,2.8
832032,Delicate,Ecover,,1x5l,14.55,20%,2.91/l,23.28
832039,Toilet Cleaner Pine & Mint,Ecover,,1x5l,10.25,20%,2.05/l,16.4
832042,Delicate,Ecover,,6x750ml,18.90,20%,4.20/l,5.04
832053,Conc Laundry Liquid - Lavender & Sandalwood Non-Bio,Ecover,,6x1.43l,36.30,20%,4.23/l,9.68
832055,Conc Colour Laundry Liquid - Apple Blossom & Freesia,Ecover,,6x1.43l,45.40,20%,5.29/l,12.11
832057,Stain Remover,Ecover,,9x200ml,18.45,20%,10.25/l,3.39
832059,Bathroom Cleaner - Mint & Cucumber,Ecover,,6x500ml,14.10,20%,4.70/l,3.75
832068,Toilet Cleaner - Power,Ecover,,8x750ml,15.25,20%,2.54/l,3.05
832085,Laundry Bleach,Ecover,,6x400g,7.85,20%,3.27/kg,2.09
832094,Limescale Remover Spray - Berries & Basil,Ecover,,6x500ml,14.20,20%,4.73/l,3.79
832095,Multi Action Spray - Lemongrass & Orange,Ecover,,6x500ml,14.10,20%,4.70/l,3.76
832098,Oven & Hob Cleaner - Jasmine & Mandarin,Ecover,,6x500ml,14.95,20%,4.98/l,3.99
832099,Window & Glass Cleaner Spray - Green Tea & Grapefruit,Ecover,,6x500ml,14.95,20%,4.98/l,3.99
832110,Wash Up Liquid - Chamomile & Clementine,Ecover,,1x5l,11.60,20%,2.32/l,18.56
832111,Power Washing Up Liquid,Ecover,,1x5l,13.35,20%,2.67/l,21.36
832113,Power Washing Up Liquid,Ecover,,8x950ml,24.55,20%,3.23/l,4.91
832114,Power Washing Up Liquid,Ecover,,8x450ml,13.75,20%,3.82/l,2.75
832116,Wash Up Liquid - Chamomile & Clementine,Ecover,,8x950ml,21.10,20%,2.78/l,4.22
832121,Wash Up Liquid - Chamomile & Clementine,Ecover,,8x450ml,11.70,20%,3.25/l,2.34
832124,Wash Up Liquid - Lemon & Aloe Vera,Ecover,,1x5l,11.60,20%,2.32/l,18.56
832126,Wash Up Liquid - Lemon & Aloe Vera,Ecover,,8x950ml,21.10,20%,2.78/l,4.22
832129,Wash Up Liquid - Lemon & Aloe Vera,Ecover,,8x450ml,11.70,20%,3.25/l,2.34
832160,All-Purpose Cleaner - Lemongrass & Ginger,Ecover,,15l,25.90,20%,1.73/l,
832170,Wash Up Liquid - Lemon & Aloe Vera,Ecover,,15l,24.60,20%,1.64/l,
832175,Wash Up Liquid - Chamomile & Clementine,Ecover,,15l,24.60,20%,1.64/l,
832178,Bio Concentrated Laundry Liquid,Ecover,,15l,61.15,20%,4.08/l,
832179,Non Bio Concentrated Laundry Liquid,Ecover,,15l,61.15,20%,4.08/l,
832183,Non Bio Concentrated Zero Laundry Liquid,Ecover,,15l,61.15,20%,4.08/l,
832185,Tap Dispenser for 15l bag-in-box - NON TRADE!,Ecover,,1x1,2.70,20%,,4.32
832188,30ml Dosing Pump for 5 litre Tub,Ecover,,1x1,3.80,20%,,6.08
832385,Kitchen Bar - lemon & lime,Friendly Soap,,6x95g,10.85,20%,19.04/kg,3.23
832389,Laundry Powder - non bio,Friendly Soap,,6x1.75kg,33.00,20%,3.14/kg,9.82
832405,General Purpose Cloth,e-cloth,,1x1,2.90,20%,,5.91
832410,Four General Purpose Cloths,e-cloth,,1x1,8.60,20%,,17.55
832415,Glass & Polishing Cloth,e-cloth,,1x1,2.90,20%,,5.91
832449,Washing-up Pad,e-cloth,,1x1,1.70,20%,,3.51
832456,Bamboo Towels - 20 sheets,Ecoegg,,12x1roll,66.20,20%,,9.46
832457,Detox Tablets - washing machine cleaner,Ecoegg,,12x6pack,32.00,20%,,4.57
832458,Laundry Egg 70 Wash - Fresh Linen,Ecoegg,,5x1egg,32.85,20%,,11.26
832459,Dryer Egg - Fragrance Free,Ecoegg,,6x1pack,30.80,20%,,8.8
832460,Laundry Egg Refill 50 Wash - Fresh Linen,Ecoegg,,10x1pack,32.65,20%,,5.6
832461,Laundry Egg 70 Wash - Fragrance Free,Ecoegg,,5x1egg,32.85,20%,,11.26
832463,Laundry Egg 70 Wash - Spring Blossom,Ecoegg,,5x1egg,32.85,20%,,11.26
832464,Laundry Egg Refill 50 Wash - Spring Blossom,Ecoegg,,10x1pack,32.65,20%,,5.6
832472,Concentrated Laundry Liquid - Aloe Vera & Rosemary,Faith in Nature,,5l,18.70,20%,3.74/l,
832477,Concentrated Washing Up Liquid - Lemon Fragrance,Faith in Nature,,5l,18.70,20%,3.74/l,
832726,Bicarbonate of Soda - not edible,La Droguerie,,4x2.5kg,26.40,20%,2.64/kg,10.56
832728,Bicarbonate of Soda - not edible,La Droguerie,,10kg,25.15,20%,2.51/kg,
832729,Bicarbonate of Soda - food grade,La Droguerie,,10kg,29.30,20%,2.93/kg,
832730,Bicarbonate of Soda - not edible,La Droguerie,,8x1kg,24.50,20%,3.06/kg,4.9
832734,Citric Acid,La Droguerie,,8x1kg,54.25,20%,6.78/kg,10.85
832735,Copper Scourer for pots & pans,La Droguerie,,1x1pack,2.25,20%,,3.64
832736,Dishwashing Powder,La Droguerie,ecocert,8x1kg,61.10,20%,7.64/kg,12.22
832738,Percarbonate of Soda - solid hydrogen peroxide,La Droguerie,,8x1kg,36.15,20%,4.52/kg,7.23
832742,Soap Flakes,La Droguerie,,7x1kg,61.75,20%,8.82/kg,14.11
832746,White Alcohol Vinegar - food grade,La Droguerie,organic,12x1l,25.40,0%,2.12/l,2.82
832750,White Alcohol Vinegar - food grade,La Droguerie,organic,15l,29.25,0%,1.95/l,
832760,Nut Shell Sponge Scourers,La Droguerie,,1x2pack,2.15,20%,,3.44
832770,Wooden Dish Brush with agave bristles,La Droguerie,,10x1pack,20.65,20%,,3.3
832772,Wooden Dish Brush replacement head,La Droguerie,,10x1pack,13.20,20%,,2.11
832773,Wooden Dish Brush - large replacement head,La Droguerie,,10x1pack,14.85,20%,,2.38
832774,Wooden Pots & Pans Scrubbing Brush,La Droguerie,,15x1pack,35.80,20%,,3.82
833025,Non-Stick Pan Brush,LoofCo,,4x1,16.65,20%,,6.66
833026,Milk Bottle Brush,LoofCo,,4x1,8.20,20%,,3.28
833027,Wide Bottle Brush,LoofCo,,4x1,15.80,20%,,6.32
833028,Dust Brush,LoofCo,,4x1,13.75,20%,,5.5
833029,Household Bin Brush,LoofCo,,3x1,20.40,20%,,10.88
833030,Wheelie Bin Brush,LoofCo,,1x1,12.35,20%,,19.76
833031,Back Brush,LoofCo,,3x1,17.25,20%,,9.2
833032,Dry Body Brush,LoofCo,,3x1,20.40,20%,,10.88
833033,Shower Puff,LoofCo,,3x1,12.50,20%,,6.67
833034,Cat Body Loofah,LoofCo,,6x1,11.85,20%,,3.16
833035,Seaside Brush,LoofCo,,3x1,17.25,20%,,9.2
833036,Whole Loofah,LoofCo,,4x1,18.85,20%,,7.54
833040,Back Scrubber 30cm loofah with cotton handles,LoofCo,,4x34g,10.50,20%,77.21/kg,4.2
833041,Bath-Time Smile loofah,LoofCo,,8x19g,15.95,20%,104.93/kg,3.19
833042,Bathroom Cleaning Pad,LoofCo,,6x24g,12.60,20%,87.50/kg,3.36
833043,Water Bottle Brush - 34cm,LoofCo,,6x66g,13.55,20%,34.22/kg,3.61
833044,Cleaning Pad 2 pack made from loofah,LoofCo,,6x24g,15.75,20%,109.37/kg,4.2
833046,Bath-Time Heart loofah,LoofCo,,8x20g,15.95,20%,99.69/kg,3.19
833047,Bottle Brush - 26cm,LoofCo,,6x36g,11.95,20%,55.32/kg,3.19
833048,Cleaning Pad made from loofah,LoofCo,,6x20g,9.20,20%,76.67/kg,2.45
833049,Gardeners Brush coir with wooden handle,LoofCo,,4x111g,11.70,20%,26.35/kg,4.68
833050,Body Loofah,LoofCo,,8x20g,14.90,20%,93.12/kg,2.98
833051,Root Vegetable Scrubber made from loofah,LoofCo,,6x20g,9.20,20%,76.67/kg,2.45
833052,Washing-Up Pad made from loofah,LoofCo,,8x20g,12.30,20%,76.88/kg,2.46
833054,Washing-Up Brush made from coir fibre,LoofCo,,6x40g,9.20,20%,38.33/kg,2.45
833055,Coir Washing-Up Brush with wood handle,LoofCo,,6x36g,11.95,20%,55.32/kg,3.19
833056,Washing-Up Scraper made from coconut husk,LoofCo,,6x25g,10.20,20%,68.00/kg,2.72
833057,Kitchen Cloth 2 pack cotton,LoofCo,,6x61g,12.60,20%,34.43/kg,3.36
833058,Soap Rest made from loofah,LoofCo,,8x10g,9.75,20%,121.88/kg,1.95
833060,Mini Washing-Up Pad 2 pack made from loofah,LoofCo,,6x11g,9.20,20%,139.39/kg,2.45
833061,Washing-Up Soap - fragrance free,LoofCo,,6x100g,10.35,20%,17.25/kg,2.76
833062,Washing-Up Soap - Lime,LoofCo,,6x100g,10.35,20%,17.25/kg,2.76
833063,Cleansing Mitt made from cotton,LoofCo,,8x1pack,15.95,20%,,3.19
833064,Washing-Up Slim Pad 4pk made from loofah,LoofCo,,5x4pack,13.15,20%,,4.21
833071,Laundry Detergent Sheet - Coconut - 32 sheets,Simple Living Eco,,10x85g,47.70,20%,56.12/kg,8.54
833077,Ultra-conc Multi Cleaner - Sunshine Squeeze,Simple Living Eco,,12x30ml,24.30,20%,67.50/l,3.31
833078,Laundry Detergent Sheet - No Fragrance - 32 sheets,Simple Living Eco,,10x85g,47.70,20%,56.12/kg,8.54
833079,Ultra-conc Multi Cleaner - Unscented,Simple Living Eco,,12x30ml,24.30,20%,67.50/l,3.31
833085,Dish Brush - green leaf head,Peggy Perfect,,10x1,20.65,20%,,3.3
833086,Dish Brush Refill - green leaf head,Peggy Perfect,,10x2,26.40,20%,,4.22
833087,Dish Brush Refill - smiley head,Peggy Perfect,,10x2,26.25,20%,,4.2
833088,Dish Brush - smiley head,Peggy Perfect,,10x1,20.65,20%,,3.3
833090,Dish Brush Refill - large head,Peggy Perfect,,10x2,15.90,20%,,2.54
833091,Dish Brush Refill - standard head,Peggy Perfect,,10x2,23.85,20%,,3.82
833300,Bio Laundry Detergent Sheets - 30 Pack,Ocean Saver,,10x30sheets,43.65,20%,,6.98
833305,Bio Laundry Detergent Sheets - 60 Pack,Ocean Saver,,10x60sheets,81.25,20%,,13
833311,Deep Clean Bio Washing Capsules - Wild Sea & Sandalwood,Ocean Saver,,6x30caps,37.45,20%,,9.99
833315,Non-Bio Laundry Detergent Sheets - 30 Pack,Ocean Saver,,10x30sheets,43.65,20%,,6.98
833320,Non-Bio Laundry Detergent Sheets - 60 Pack,Ocean Saver,,10x60sheets,81.25,20%,,13
833326,Sensitive Non-Bio Washing Capsules - Sea Salt & Coastal Wildflowers,Ocean Saver,,6x30caps,37.45,20%,,9.99
833330,All in One Plastic-free Eco Dishwasher Tabs - 100 Pack,Ocean Saver,,5x100tab,65.00,20%,,20.8
833335,All in One Plastic-free Eco Dishwasher Tabs - 30 Pack,Ocean Saver,,8x30tab,34.00,20%,,6.8
850100,Vitamin B Complex YF GF VG,Floradix,,1x250ml,9.00,20%,36.00/l,15.3
850101,Washing Up Liquid - Apple Orchard,Miniml,,6x400ml,8.80,20%,3.67/l,2.51
850102,Washing Up Liquid - Rhubarb & Lemon,Miniml,,6x400ml,8.80,20%,3.67/l,2.51
850103,Rinse Aid - Unscented,Miniml,,6x400ml,11.20,20%,4.67/l,3.2
850104,Toilet Cleaner Spearmint & Peppermint,Miniml,,6x750ml,9.60,20%,2.13/l,2.74
850105,Anti-Bac Surface Cleaner French Lavender,Miniml,,6x750ml,11.20,20%,2.49/l,3.2
850106,Anti-Bac Surface Cleaner French Lavender,Miniml,,5l,8.50,20%,1.70/l,
850107,Bathroom Cleaner - Cucumber & Mint,Miniml,,6x750ml,11.20,20%,2.49/l,3.2
850108,Multi-Surface Cleaner - Blood Orange,Miniml,,6x750ml,11.20,20%,2.49/l,3.2
850109,Multi-Surface Cleaner - Blood Orange,Miniml,,5l,8.50,20%,1.70/l,
850110,Bathroom Cleaner - Cucumber & Mint,Miniml,,5l,8.50,20%,1.70/l,
850112,Dishwasher Rinse Aid - Unscented,Miniml,,5l,12.30,20%,2.46/l,
850114,Toilet Cleaner Spearmint & Peppermint,Miniml,,5l,8.35,20%,1.67/l,
850116,Washing Up Liquid - Rhubarb & Lemon - refill pouch,Miniml,,6x1l,16.00,20%,2.67/l,4.57
850117,Washing Up Liquid - Rhubarb & Lemon,Miniml,,5l,8.55,20%,1.71/l,
850119,Washing Up Liquid - Apple Orchard,Miniml,,5l,8.55,20%,1.71/l,
850120,White Vinegar Spray - unscented,Miniml,,6x750ml,9.85,20%,2.19/l,2.81
850121,White Vinegar - unscented,Miniml,,5l,5.40,20%,1.08/l,
850122,Oven & Hob Cleaner - Clementine,Miniml,,6x750ml,11.20,20%,2.49/l,3.2
850123,Oven & Hob Cleaner - Clementine,Miniml,,5l,8.50,20%,1.70/l,
850124,White Vinegar - Unscented,Miniml,,20l,19.60,20%,0.98/l,
850126,Fabric Conditioner - Fresh Linen,Miniml,,6x1l,19.25,20%,3.21/l,5.5
850127,Fabric Conditioner - Fresh Linen,Miniml,,5l,7.70,20%,1.54/l,
850128,Laundry Liquid Non-Bio Fresh Linen,Miniml,,6x1l,22.45,20%,3.74/l,6.41
850130,Laundry Liquid Non-Bio Fresh Linen,Miniml,,5l,13.35,20%,2.67/l,
850131,Fabric Conditioner - Fresh Linen,Miniml,,20l,24.10,20%,1.21/l,
850132,Laundry Liquid Non-Bio Fresh Linen,Miniml,,20l,53.55,20%,2.68/l,
850154,Tea Tree & Aloe Vera Bodywash,Alter-Native by Suma,,1x5l,29.50,20%,5.90/l,47.2
850158,Tea Tree & Aloe Vera Bodywash,Alter-Native by Suma,,6x400ml,17.95,20%,7.48/l,4.79
850160,Coconut & Argan Oil Bodywash,Alter-Native by Suma,,20l,105.00,20%,5.25/l,
850162,Coconut & Argan Oil Bodywash,Alter-Native by Suma,,1x5l,29.50,20%,5.90/l,47.2
850164,Coconut & Argan Oil Bodywash,Alter-Native by Suma,,6x400ml,17.95,20%,7.48/l,4.79
850170,Tea Tree & Aloe Vera Shampoo - normal/oily hair,Alter-Native by Suma,,1x5l,33.00,20%,6.60/l,52.8
850172,Tea Tree & Aloe Vera Shampoo - normal/oily hair,Alter-Native by Suma,,6x400ml,25.00,20%,10.42/l,6.67
850176,Tea Tree & Aloe Vera Conditioner - normal/oily hair,Alter-Native by Suma,,1x5l,33.00,20%,6.60/l,52.8
850180,Tea Tree & Aloe Vera Conditioner - normal/oily hair,Alter-Native by Suma,,6x400ml,25.00,20%,10.42/l,6.67
850186,Coconut & Argan Oil Shampoo - normal/dry hair,Alter-Native by Suma,,1x5l,33.00,20%,6.60/l,52.8
850188,Coconut & Argan Oil Shampoo - normal/dry hair,Alter-Native by Suma,,6x400ml,25.00,20%,10.42/l,6.67
850192,Coconut & Argan Oil Conditioner - normal/dry hair,Alter-Native by Suma,,1x5l,33.00,20%,6.60/l,52.8
850194,Coconut & Argan Oil Conditioner - normal/dry hair,Alter-Native by Suma,,6x400ml,25.00,20%,10.42/l,6.67
850850,Chieftain Activated Nutrition,Ancestral Superfoods,organic,1x200g,17.15,0%,85.75/kg,24.5
850852,Druidess For Inner Harmony,Ancestral Superfoods,organic,1x200g,17.15,0%,85.75/kg,24.5
850853,Gaia Fermented Fibre Blend,Ancestral Superfoods,organic,1x200g,12.35,0%,61.75/kg,17.64
850854,Oracle For Clarity & Balance,Ancestral Superfoods,organic,1x200g,17.15,0%,85.75/kg,24.5
850855,Warrior Activated Protein,Ancestral Superfoods,organic,1x200g,17.15,0%,85.75/kg,24.5
850879,Vitamin D3+Turmeric Oral Spray,BetterYou,,6x50ml,50.60,20%,168.67/l,15.97
850881,D3000 Vitamin D Oral Spray,BetterYou,,6x15ml,29.90,20%,332.22/l,9.45
850882,D400 Junior Vitamin D Oral Spray,BetterYou,,6x15ml,18.90,20%,210.00/l,5.97
850883,D1000 Vitamin D Oral Spray,BetterYou,,6x15ml,25.20,20%,280.00/l,7.95
850884,D3000 Vitamin D + K2 Oral Spray,BetterYou,,6x12ml,34.60,20%,480.56/l,10.95
850885,D4000 Vitamin D Oral Spray,BetterYou,,6x15ml,31.50,20%,350.00/l,9.95
850886,B12 Boost Oral Spray,BetterYou,,6x25ml,39.40,20%,262.67/l,12.45
850887,D400 Infant Vitamin D Oral Spray,BetterYou,,6x15ml,23.60,20%,262.22/l,7.45
850889,B-complete Oral Spray,BetterYou,,6x25ml,37.80,20%,252.00/l,11.94
850890,MultiVit Oral Spray,BetterYou,,6x25ml,31.50,20%,210.00/l,9.95
850891,Vegan Health Oral Spray,BetterYou,,6x25ml,47.35,20%,315.67/l,14.95
850892,Iron 10mg Oral Spray,BetterYou,,6x25ml,47.35,20%,315.67/l,14.96
850893,Magnesium Max Original Powder,BetterYou,,6x120g,47.40,20%,65.83/kg,14.96
850894,"Magnesium Max Sleep - Passionflower, Cocoa - Powder",BetterYou,,6x160g,47.40,20%,49.38/kg,14.96
850895,Vitamin D+K2 Kids' Oral Spray,BetterYou,,6x15ml,25.20,20%,280.00/l,7.95
850896,MultiVit Kids' Oral Spray,BetterYou,,6x25ml,25.20,20%,168.00/l,7.95
850897,Vitamin C Oral Spray,BetterYou,,6x90ml,37.80,20%,70.00/l,11.93
850898,Zinc Oral Spray,BetterYou,,6x50ml,31.50,20%,105.00/l,9.94
850899,Magnesium Max Lemon & Lime - Powder,BetterYou,,6x135g,47.40,20%,58.52/kg,14.96
850900,D4000 Vitamin D + K2 Daily Oral Spray (6x15ml),BetterYou,,6x15ml,47.35,20%,526.11/l,14.95
850901,Açaí Powder - pouch - single,Aduna,organic,1x100g,14.70,0%,147.00/kg,21.94
850902,Baobab - fruit pulp powder - pouch - single,Aduna,organic,1x275g,8.70,0%,31.64/kg,12.99
850909,Black Maca Powder - pouch - single,Aduna,organic,1x250g,7.40,0%,29.60/kg,10.98
850910,Baobab - fruit pulp powder - tub - single,Aduna,organic,1x80g,4.00,0%,50.00/kg,5.99
850911,Hibiscus Superfood Powder,Aduna,organic,1x275g,9.35,0%,34.00/kg,13.96
850912,Moringa Green Superleaf Powder - pouch - single,Aduna,organic,1x275g,10.00,0%,36.36/kg,14.96
850917,Moringa Green Superleaf Powder - tub - single,Aduna,organic,1x100g,5.35,0%,53.50/kg,8.05
850930,Clarity & Focus,Cornish Seaweed,organic,1x60cap,9.90,20%,,15.84
850932,Kelp,Cornish Seaweed,organic,1x60cap,8.50,20%,,13.6
850935,Menstrual Ease,Cornish Seaweed,organic,1x60cap,7.95,20%,,12.72
850936,Sea Moss,Cornish Seaweed,organic,1x60cap,7.95,20%,,12.72
850937,Seaweed & Mushrooms,Cornish Seaweed,organic,1x60cap,11.75,20%,,18.8
850939,Wild & Beautiful,Cornish Seaweed,organic,1x60cap,11.75,20%,,18.8
850940,Ashwagandha & Black Pepper - 120 capsules,Ayurvediq,organic,1x1jar,12.25,20%,,21.96
850941,Moringa - 120 capsules,Ayurvediq,organic,1x1jar,11.15,20%,,19.97
850942,Shatavari - 120 capsules,Ayurvediq,organic,1x1jar,12.25,20%,,21.96
850943,Triphala - 120 capsules,Ayurvediq,organic,1x1jar,12.25,20%,,21.96
850944,Turmeric & Black Pepper - 120 capsules,Ayurvediq,organic,1x1jar,11.15,20%,,19.99
850945,Boswellia Serata & Turmeric - 60 capsules,Ayurvediq,organic,1x1jar,10.05,20%,,17.97
850946,Fenugreek - 120 capsules,Ayurvediq,organic,1x1jar,11.15,20%,,19.97
850947,Shilajit & Ashwagandha - 60 capsules,Ayurvediq,organic,1x1jar,13.40,20%,,23.99
850948,Brahmi - 60 capsules,Ayurvediq,organic,1x1jar,10.05,20%,,17.97
850949,Cayenne Pepper - 60 capsules,Ayurvediq,organic,1x1jar,8.90,20%,,15.92
850951,Neem Leaf - 60 capsules,Ayurvediq,organic,1x1jar,9.45,20%,,16.9
850952,Tulsi - 60 capsules,Ayurvediq,organic,1x1jar,8.90,20%,,15.92
850984,Epresat Multivitamin formula,Floradix,,1x250ml,8.25,20%,33.00/l,14
850986,Floradix - liquid iron & vitamins,Floradix,,1x500ml,13.05,20%,26.10/l,22.18
850988,Floradix - liquid iron & vitamins,Floradix,,1x250ml,7.90,20%,31.60/l,13.41
850989,Floradix Kids - liquid iron & vitamins YF GF VG,Floradix,,1x250ml,8.55,20%,34.20/l,14.51
850990,Floravital - liquid iron & vitamins YF GF VG,Floradix,,1x500ml,13.05,20%,26.10/l,22.18
850991,One Essence - 67 elements GF VG,Floradix,,1x250ml,10.50,20%,42.00/l,17.82
850992,Floravital - liquid iron & vitamins YF GF VG,Floradix,,1x250ml,7.90,20%,31.60/l,13.41
850993,Iron and Vitamins  - 84 tablets,Floradix,,1x64g,8.55,20%,133.59/kg,14.51
850994,Immune Support Liquid Formula YF GF VG,Floradix,,1x250ml,8.25,20%,33.00/l,14
850996,IntestCare - magnesium apple plum YF GF VG,Floradix,,1x250ml,10.50,20%,42.00/l,17.82
850997,Kindervital for children -  fruity GF VG,Floradix,,1x250ml,7.10,20%,28.40/l,12.16
850998,Saludynam - calcium magnesium zinc & vit D YF GF,Floradix,,1x250ml,8.25,20%,33.00/l,14.05
850999,Magnesium liquid formula YF GF,Floradix,,1x250ml,6.60,20%,26.40/l,11.22
851000,Neuro Balance liquid formula YF GF VG,Floradix,,1x250ml,8.95,20%,35.80/l,15.19
851001,Grapefruit & Lemon Tin,Earth Conscious,,6x60g,26.85,20%,74.58/kg,7.99
851002,Indian Bay & Orange Tin - strong protection,Earth Conscious,,6x60g,26.85,20%,74.58/kg,7.99
851003,Jasmine & Rose Tin,Earth Conscious,,6x60g,26.85,20%,74.58/kg,7.99
851004,Lemon & Rosemary Tin,Earth Conscious,,6x60g,26.85,20%,74.58/kg,7.99
851005,Lavender & Tea Tree Tin,Earth Conscious,,6x60g,26.85,20%,74.58/kg,7.99
851006,Peppermint & Spearmint Tin - strong protection,Earth Conscious,,6x60g,26.85,20%,74.58/kg,7.99
851007,Pure Unscented Tin,Earth Conscious,,6x60g,26.85,20%,74.58/kg,7.99
851008,Natural Baby Balm,Earth Conscious,,6x60g,26.85,20%,74.58/kg,7.99
851020,Baby Mild Unscented Liquid Soap (1/4 case),Dr. Bronner,organic,6x240ml,36.75,20%,25.52/l,10.49
851022,Baby Mild Liquid Unscented Soap (1/2 case),Dr. Bronner,organic,6x473ml,56.00,20%,19.73/l,15.98
851023,Baby Mild Unscented Liquid Soap - single,Dr. Bronner,organic,1x945ml,15.15,20%,16.03/l,25.93
851025,Baby Mild Unscented Liquid Soap - single,Dr. Bronner,organic,3.79l,49.00,20%,12.93/l,
851035,Liquid Hand Soap - Grapefruit & Mandarin,Ecoleaf,,6x500ml,16.25,20%,5.42/l,4.33
851038,Liquid Hand Soap - Grapefruit & Mandarin,Ecoleaf,,1x5l,13.75,20%,2.75/l,21.99
851040,Liquid Hand Soap - Grapefruit & Mandarin,Ecoleaf,,20l,42.10,20%,2.10/l,
851043,Delicate Formula Deodorant Tin - Unscented,Earth Conscious,,6x60g,33.60,20%,93.33/kg,10
851047,Bare Bar Travel Tin,Earth Conscious,,6x22g,10.00,20%,75.76/kg,2.98
851048,Grapefruit & Lemon Stick,Earth Conscious,,6x90g,33.60,20%,62.22/kg,10
851049,Peppermint & Spearmint Stick - strong protection,Earth Conscious,,6x90g,33.60,20%,62.22/kg,10
851050,Indian Bay & Orange Stick - strong protection,Earth Conscious,,6x90g,33.60,20%,62.22/kg,10
851051,Lavender & Tea Tree Stick,Earth Conscious,,6x90g,33.60,20%,62.22/kg,10
851052,Jasmine & Rose Stick,Earth Conscious,,6x90g,33.60,20%,62.22/kg,10
851053,Lemon & Rosemary Stick,Earth Conscious,,6x90g,33.60,20%,62.22/kg,10
851054,Pure Unscented Stick,Earth Conscious,,6x90g,33.60,20%,62.22/kg,10
851056,Cherry Blossom Liquid Soap (1/4 case),Dr. Bronner,organic,6x240ml,36.75,20%,25.52/l,10.49
851058,Cherry Blossom Liquid Soap (1/2 case),Dr. Bronner,organic,6x475ml,56.00,20%,19.65/l,15.98
851059,Cherry Blossom Liquid Soap - single,Dr. Bronner,organic,1x945ml,15.15,20%,16.03/l,25.93
851070,Almond Liquid Soap (1/4 case),Dr. Bronner,organic,6x240ml,36.75,20%,25.52/l,10.49
851072,Almond Liquid Soap (1/2 case),Dr. Bronner,organic,6x475ml,56.00,20%,19.65/l,15.98
851073,Citrus-Orange Liquid Soap (1/4 case),Dr. Bronner,organic,6x240ml,36.75,20%,25.52/l,10.49
851074,Citrus-Orange Liquid Soap (1/2 case),Dr. Bronner,organic,6x473ml,56.00,20%,19.73/l,15.98
851075,Lavender Liquid Soap (1/4 case),Dr. Bronner,organic,6x240ml,36.75,20%,25.52/l,10.49
851077,Lavender Liquid Soap (1/2 case),Dr. Bronner,organic,6x473ml,56.00,20%,19.73/l,15.98
851078,Eucalyptus Liquid Soap (1/4 case),Dr. Bronner,organic,6x236ml,36.75,20%,25.95/l,10.49
851079,Eucalyptus Liquid Soap (1/2 case),Dr. Bronner,organic,6x473ml,56.00,20%,19.73/l,15.98
851080,Peppermint Liquid Soap (1/4 case),Dr. Bronner,organic,6x240ml,36.75,20%,25.52/l,10.49
851082,Peppermint Liquid Soap (1/2 case),Dr. Bronner,organic,6x473ml,56.00,20%,19.73/l,15.98
851083,Eucalyptus Liquid Soap - single,Dr. Bronner,organic,3.79l,49.00,20%,12.93/l,
851085,Rose Liquid Soap (1/4 case),Dr. Bronner,organic,6x240ml,36.75,20%,25.52/l,10.49
851087,Rose Liquid Soap (1/2 case),Dr. Bronner,organic,6x473ml,56.00,20%,19.73/l,15.98
851088,Tea Tree Liquid Soap (1/4 case),Dr. Bronner,organic,6x236ml,36.75,20%,25.95/l,10.49
851089,Tea Tree Liquid Soap (1/2 case),Dr. Bronner,organic,6x473ml,56.00,20%,19.73/l,15.98
851090,Almond Soap Bar,Dr. Bronner,organic,12x140g,41.55,20%,24.73/kg,5.94
851092,Baby-Mild Unscented Soap Bar,Dr. Bronner,organic,12x140g,41.55,20%,24.73/kg,5.94
851093,Cherry Blossom Soap Bar,Dr. Bronner,organic,12x140g,41.55,20%,24.73/kg,5.94
851094,Peppermint Hand Hygiene Spray,Dr. Bronner,organic,12x60ml,45.40,20%,63.06/l,6.45
851095,Citrus Soap Bar,Dr. Bronner,organic,12x140g,41.55,20%,24.73/kg,5.94
851096,Lavender Hand Hygiene Spray,Dr. Bronner,organic,12x60ml,45.40,20%,63.06/l,6.45
851097,Tea Tree Soap Bar,Dr. Bronner,organic,12x140g,41.55,20%,24.73/kg,5.94
851098,Eucalyptus Soap Bar,Dr. Bronner,organic,12x140g,41.55,20%,24.73/kg,5.94
851100,Lavender Soap Bar,Dr. Bronner,organic,12x140g,41.55,20%,24.73/kg,5.94
851101,Peppermint Soap Bar,Dr. Bronner,organic,12x140g,41.55,20%,24.73/kg,5.94
851102,Rose Soap Bar,Dr. Bronner,organic,12x140g,41.55,20%,24.73/kg,5.94
851103,Lavender Liquid Soap - single,Dr. Bronner,organic,3.79l,49.00,20%,12.93/l,
851104,Tea Tree Liquid Soap - single,Dr. Bronner,organic,3.79l,49.00,20%,12.93/l,
851130,Almond Liquid Soap - single,Dr. Bronner,organic,1x946ml,15.15,20%,16.01/l,25.93
851131,Citrus-Orange Liquid Soap - single,Dr. Bronner,organic,1x946ml,15.15,20%,16.01/l,25.93
851132,Eucalyptus Liquid Soap - single,Dr. Bronner,organic,1x946ml,15.15,20%,16.01/l,25.93
851133,Lavender Liquid Soap - single,Dr. Bronner,organic,1x946ml,15.15,20%,16.01/l,25.93
851134,Peppermint Liquid Soap - single,Dr. Bronner,organic,1x946ml,15.15,20%,16.01/l,25.93
851135,Rose Liquid Soap - single,Dr. Bronner,organic,1x946ml,15.15,20%,16.01/l,25.93
851136,Tea Tree Liquid Soap - single,Dr. Bronner,organic,1x946ml,15.15,20%,16.01/l,25.93
851239,Cherry Blossom Lip Balm,Dr. Bronner,organic,12x4g,34.90,20%,727.08/kg,4.99
851240,Lemon Lime Lip Balm,Dr. Bronner,organic,12x4g,34.90,20%,727.08/kg,4.99
851242,Baby Mild Lip Balm,Dr. Bronner,organic,12x4g,34.90,20%,727.08/kg,4.99
851243,Orange Ginger Lip Balm,Dr. Bronner,organic,12x4g,34.90,20%,727.08/kg,4.99
851245,Peppermint Lip Balm,Dr. Bronner,organic,12x4g,34.90,20%,727.08/kg,4.99
851904,Ashwagandha Powder,Forest Whole Foods,organic,1x250g,7.35,0%,29.40/kg,9.8
851906,Banana Powder,Forest Whole Foods,organic,1x250g,5.05,0%,20.20/kg,6.73
851908,Baobab Powder,Forest Whole Foods,organic,1x250g,6.45,0%,25.80/kg,8.6
851911,Barleygrass Powder,Forest Whole Foods,organic,1x250g,6.20,0%,24.80/kg,8.27
851912,Beetroot Powder,Forest Whole Foods,organic,1x250g,5.30,0%,21.20/kg,7.07
851914,Black Maca Powder,Forest Whole Foods,organic,1x250g,6.20,0%,24.80/kg,8.27
851920,Camu Camu Powder,Forest Whole Foods,organic,1x250g,10.10,0%,40.40/kg,13.47
851922,Chlorella Powder,Forest Whole Foods,organic,1x250g,8.30,0%,33.20/kg,11.07
851924,Hemp Protein Powder 50%,Forest Whole Foods,organic,1x250g,4.90,0%,19.60/kg,6.53
851925,Lion's Mane Mushroom Powder,Forest Whole Foods,organic,1x125g,7.95,0%,63.60/kg,10.6
851926,Maca Powder,Forest Whole Foods,organic,1x250g,5.65,0%,22.60/kg,7.53
851927,Reishi Mushroom Powder,Forest Whole Foods,organic,1x125g,7.65,0%,61.20/kg,10.19
851929,7 Blend Mushroom Powder,Forest Whole Foods,organic,1x125g,6.65,0%,53.20/kg,8.87
851930,Spirulina Powder,Forest Whole Foods,organic,1x250g,5.95,0%,23.80/kg,7.93
851932,Wheatgrass Powder,Forest Whole Foods,organic,1x250g,6.05,0%,24.20/kg,8.07
852960,Blue Cedar Soap,Faith in Nature,,6x100g,12.25,20%,20.42/kg,3.49
852964,Blue Cedar Body Wash,Faith in Nature,,6x400ml,18.05,20%,7.52/l,5.16
852978,Coconut & Shea Butter Shampoo Bar,Faith in Nature,,6x85g,24.50,20%,48.04/kg,6.96
852980,Lavender & Geranium Shampoo Bar,Faith in Nature,,6x85g,24.50,20%,48.04/kg,6.96
852982,Shea & Argan Shampoo Bar,Faith in Nature,,6x85g,24.50,20%,48.04/kg,6.96
852983,"Soap Gift Box - Orange, Aloe Vera, Lavender",Faith in Nature,,6x3x100g,33.95,20%,18.86/kg,9.69
852985,Aloe Vera Soap,Faith in Nature,,6x100g,12.25,20%,20.42/kg,3.49
852988,Coconut Soap,Faith in Nature,,6x100g,12.25,20%,20.42/kg,3.49
852989,Dragon Fruit Soap,Faith in Nature,,6x100g,12.25,20%,20.42/kg,3.49
852990,Tea Tree Soap,Faith in Nature,,6x100g,12.25,20%,20.42/kg,3.49
852992,Wild Rose Soap,Faith in Nature,,6x100g,12.25,20%,20.42/kg,3.49
852995,Grapefruit Soap,Faith in Nature,,6x100g,12.25,20%,20.42/kg,3.49
853010,Orange Soap,Faith in Nature,,6x100g,12.25,20%,20.42/kg,3.49
853015,Rosemary Soap,Faith in Nature,,6x100g,12.25,20%,20.42/kg,3.49
853020,Lavender Soap,Faith in Nature,,6x100g,12.25,20%,20.42/kg,3.49
853030,Fragrance Free Soap - with Seaweed,Faith in Nature,,6x100g,12.25,20%,20.42/kg,3.49
853035,"Hemp,Lemongrass & Green Tea Soap",Faith in Nature,,6x100g,12.25,20%,20.42/kg,3.49
853105,Aloe Vera Soap,Faith in Nature,,18x100g,27.95,20%,15.53/kg,2.64
853109,Coconut Soap,Faith in Nature,,18x100g,27.95,20%,15.53/kg,2.64
853110,Tea Tree Soap,Faith in Nature,,18x100g,27.95,20%,15.53/kg,2.64
853112,Grapefruit Soap,Faith in Nature,,18x100g,27.95,20%,15.53/kg,2.64
853115,Orange Soap,Faith in Nature,,18x100g,27.95,20%,15.53/kg,2.64
853120,Rosemary Soap,Faith in Nature,,18x100g,27.95,20%,15.53/kg,2.64
853125,Lavender Soap,Faith in Nature,,18x100g,27.95,20%,15.53/kg,2.64
853135,Fragrance Free Soap - with Seaweed,Faith in Nature,,18x100g,27.95,20%,15.53/kg,2.64
853140,"Hemp,Lemongrass & Green Tea Soap",Faith in Nature,,18x100g,27.95,20%,15.53/kg,2.64
853199,Hand Wash - Coconut,Faith in Nature,,6x400ml,17.50,20%,7.29/l,4.99
853200,Hand Wash - Dragon Fruit,Faith in Nature,,6x400ml,17.50,20%,7.29/l,4.99
853201,Hand Wash - Lavender & Geranium,Faith in Nature,,6x400ml,17.50,20%,7.29/l,4.99
853202,Hand Wash - Grapefruit & Orange,Faith in Nature,,6x400ml,17.50,20%,7.29/l,4.99
853203,Hand Wash - Seaweed & Citrus,Faith in Nature,,6x400ml,17.50,20%,7.29/l,4.99
853205,Hand Wash - Wild Rose,Faith in Nature,,6x400ml,17.50,20%,7.29/l,4.99
853206,Coconut Hand & Body Lotion,Faith in Nature,,6x400ml,28.05,20%,11.69/l,7.99
853207,Body Wash Travel Set,Faith in Nature,,6x3x100ml,27.95,20%,15.53/l,7.45
853208,Grapefruit & Orange Hand & Body Lotion,Faith in Nature,,6x400ml,28.05,20%,11.69/l,7.99
853209,Lavender & Geranium Hand & Body Lotion,Faith in Nature,,6x400ml,28.05,20%,11.69/l,7.99
853211,Relaxing Travel Set,Faith in Nature,,6x3x100ml,27.95,20%,15.53/l,7.45
853480,Bulk Coconut Hand & Body Lotion,Faith in Nature,,5l,39.00,20%,7.80/l,
853484,Bulk Grapefruit & Orange Hand & Body Lotion,Faith in Nature,,5l,39.00,20%,7.80/l,
853486,Bulk Lavender & Geranium Hand & Body Lotion,Faith in Nature,,5l,39.00,20%,7.80/l,
853501,Shea & Argan Shampoo,Faith in Nature,,6x400ml,27.85,20%,11.60/l,7.95
853502,Coconut Shampoo,Faith in Nature,,6x400ml,27.85,20%,11.60/l,7.95
853503,Dragon Fruit Shampoo,Faith in Nature,,6x400ml,27.85,20%,11.60/l,7.95
853504,Fragrance Free Shampoo,Faith in Nature,,6x400ml,27.85,20%,11.60/l,7.95
853505,Seaweed & Citrus Shampoo,Faith in Nature,,6x400ml,27.85,20%,11.60/l,7.95
853509,Grapefruit & Orange Shampoo,Faith in Nature,,6x400ml,27.85,20%,11.60/l,7.95
853510,Jojoba Shampoo,Faith in Nature,,6x400ml,27.85,20%,11.60/l,7.95
853511,Grapefruit & Orange Shampoo - Aluminium,Faith in Nature,,6x500ml,26.40,20%,8.80/l,7.53
853513,Bulk Hand Wash - Coconut,Faith in Nature,,5l,30.00,20%,6.00/l,
853514,Bulk Hand Wash - Dragonfruit,Faith in Nature,,5l,30.00,20%,6.00/l,
853515,Rosemary Shampoo,Faith in Nature,,6x400ml,27.85,20%,11.60/l,7.95
853517,Bulk Hand Wash - Grapefruit & Orange,Faith in Nature,,5l,30.00,20%,6.00/l,
853520,Aloe Vera Shampoo,Faith in Nature,,6x400ml,27.85,20%,11.60/l,7.95
853525,Lavender & Geranium Shampoo,Faith in Nature,,6x400ml,27.85,20%,11.60/l,7.95
853527,Bulk Hand Wash Lavender & Geranium,Faith in Nature,,20l,101.00,20%,5.05/l,
853535,Bulk Hand Wash - Lavender & Geranium,Faith in Nature,,5l,30.00,20%,6.00/l,
853536,Wild Rose Shampoo,Faith in Nature,,6x400ml,27.85,20%,11.60/l,7.95
853540,Bulk Aloe Vera Shampoo,Faith in Nature,,5l,35.90,20%,7.18/l,
853541,Bulk Grapefruit & Orange Shampoo,Faith in Nature,,5l,35.90,20%,7.18/l,
853542,Bulk Coconut Shampoo,Faith in Nature,,5l,35.90,20%,7.18/l,
853543,Bulk Jojoba Shampoo,Faith in Nature,,5l,35.90,20%,7.18/l,
853544,Bulk Dragonfruit Shampoo,Faith in Nature,,5l,35.90,20%,7.18/l,
853545,Bulk Lavender & Geranium Shampoo,Faith in Nature,,5l,35.90,20%,7.18/l,
853546,Bulk Fragrance Free Shampoo,Faith in Nature,,5l,35.90,20%,7.18/l,
853550,Bulk Aloe Vera Conditioner,Faith in Nature,,5l,35.90,20%,7.18/l,
853551,Bulk Dragonfruit Conditioner,Faith in Nature,,5l,35.90,20%,7.18/l,
853552,Bulk Coconut Conditioner,Faith in Nature,,5l,35.90,20%,7.18/l,
853553,Bulk Jojoba Conditioner,Faith in Nature,,5l,35.90,20%,7.18/l,
853554,Bulk Grapefruit & Orange Conditioner,Faith in Nature,,5l,35.90,20%,7.18/l,
853555,Bulk Lavender & Geranium Conditioner,Faith in Nature,,5l,35.90,20%,7.18/l,
853556,Bulk Fragrance Free Conditioner,Faith in Nature,,5l,35.90,20%,7.18/l,
853560,Bulk Aloe Vera Body Wash,Faith in Nature,,5l,24.00,20%,4.80/l,
853561,Bulk Dragon Fruit Body Wash,Faith in Nature,,5l,24.00,20%,4.80/l,
853562,Bulk Coconut Body Wash,Faith in Nature,,5l,24.00,20%,4.80/l,
853563,Bulk Grapefruit & Orange Body Wash,Faith in Nature,,5l,24.00,20%,4.80/l,
853564,Bulk Hand Wash - Wild Rose,Faith in Nature,,5l,30.00,20%,6.00/l,
853565,Bulk Lavender & Geranium Body Wash,Faith in Nature,,5l,24.00,20%,4.80/l,
853566,Bulk Wild Rose Shampoo,Faith in Nature,,5l,35.90,20%,7.18/l,
853567,Lavender & Geranium Shampoo - Aluminium,Faith in Nature,,6x500ml,26.40,20%,8.80/l,7.53
853569,Bulk Wild Rose Conditioner,Faith in Nature,,5l,35.90,20%,7.18/l,
853571,Bulk Wild Rose Body Wash,Faith in Nature,,5l,24.00,20%,4.80/l,
853572,Shea & Argan Shampoo - Aluminium,Faith in Nature,,6x500ml,26.40,20%,8.80/l,7.53
853575,5 litre pump for refilling,Faith in Nature,,1x1,3.75,20%,,6
853576,20 litre Pump - 30ml dispense,Faith in Nature,,1x1,4.20,20%,,6.72
853577,Aluminium Refill Bottle inc pump,Faith in Nature,,12x450ml,24.20,20%,4.48/l,3.48
853578,Bulk Coconut Shampoo,Faith in Nature,,20l,122.90,20%,6.15/l,
853579,Bulk Grapefruit & Orange Shampoo,Faith in Nature,,20l,122.90,20%,6.15/l,
853580,Bulk Lavender & Geranium Shampoo,Faith in Nature,,20l,122.90,20%,6.15/l,
853581,Bulk Coconut Conditioner,Faith in Nature,,20l,122.90,20%,6.15/l,
853582,Bulk Lavender & Geranium Conditioner,Faith in Nature,,20l,122.90,20%,6.15/l,
853583,Bulk Coconut Body Wash,Faith in Nature,,20l,80.80,20%,4.04/l,
853584,Bulk Lavender & Geranium Body Wash,Faith in Nature,,20l,80.80,20%,4.04/l,
853585,Bulk Grapefruit & Orange Conditioner,Faith in Nature,,20l,122.90,20%,6.15/l,
853987,Coconut Conditioner,Faith in Nature,,6x400ml,27.85,20%,11.60/l,7.95
853988,Fragrance Free Conditioner,Faith in Nature,,6x400ml,27.85,20%,11.60/l,7.95
853989,Dragon Fruit Conditioner,Faith in Nature,,6x400ml,27.85,20%,11.60/l,7.95
853992,Grapefruit & Orange Conditioner,Faith in Nature,,6x400ml,27.85,20%,11.60/l,7.95
853993,Grapefruit & Orange Conditioner - Aluminium,Faith in Nature,,6x500ml,26.40,20%,8.80/l,7.53
853994,Lavender & Geranium Conditioner - Aluminium,Faith in Nature,,6x500ml,26.40,20%,8.80/l,7.53
853996,Shea & Argan Conditioner - Aluminium,Faith in Nature,,6x500ml,26.40,20%,8.80/l,7.53
854002,Lavender & Geranium Conditioner,Faith in Nature,,6x400ml,27.85,20%,11.60/l,7.95
854005,Seaweed & Citrus Conditioner,Faith in Nature,,6x400ml,27.85,20%,11.60/l,7.95
854008,Shea & Argan Conditioner,Faith in Nature,,6x400ml,27.85,20%,11.60/l,7.95
854010,Jojoba Conditioner,Faith in Nature,,6x400ml,27.85,20%,11.60/l,7.95
854015,Rosemary Conditioner,Faith in Nature,,6x400ml,27.85,20%,11.60/l,7.95
854020,Aloe Vera Conditioner,Faith in Nature,,6x400ml,27.85,20%,11.60/l,7.95
854028,Wild Rose Conditioner,Faith in Nature,,6x400ml,27.85,20%,11.60/l,7.95
854030,Aloe Vera Body Wash,Faith in Nature,,6x400ml,18.05,20%,7.52/l,5.15
854033,Coconut Body Wash,Faith in Nature,,6x400ml,18.05,20%,7.52/l,5.15
854035,Grapefruit & Orange Body Wash,Faith in Nature,,6x400ml,18.05,20%,7.52/l,5.15
854036,Fragrance Free Body Wash,Faith in Nature,,6x400ml,18.05,20%,7.52/l,5.15
854037,Dragon Fruit  Body Wash,Faith in Nature,,6x400ml,18.05,20%,7.52/l,5.15
854038,Coconut Body Wash  - Aluminium,Faith in Nature,,6x500ml,20.85,20%,6.95/l,5.95
854039,Grapefruit & Orange Body Wash - Aluminium,Faith in Nature,,6x500ml,20.85,20%,6.95/l,5.95
854040,Lavender & Geranium Body Wash,Faith in Nature,,6x400ml,18.05,20%,7.52/l,5.15
854041,Mint Body Wash,Faith in Nature,,6x400ml,18.05,20%,7.52/l,5.15
854044,Lavender & Geranium Body Wash  - Aluminium,Faith in Nature,,6x500ml,20.85,20%,6.95/l,5.95
854050,Seaweed & Citrus Body Wash,Faith in Nature,,6x400ml,18.05,20%,7.52/l,5.15
854059,Wild Rose Body Wash,Faith in Nature,,6x400ml,18.05,20%,7.52/l,5.15
854070,Coconut & Shea Hydrating Hair Mask,Faith in Nature,,6x300ml,27.90,20%,15.50/l,7.96
854076,Shea & Argan Nourishing Hair Mask,Faith in Nature,,6x300ml,27.90,20%,15.50/l,7.96
854230,Aloe Vera Soap - Fragrance Free,Friendly Soap,,6x95g,10.85,20%,19.04/kg,3.23
854231,Cedarwood Soap,Friendly Soap,,6x95g,10.85,20%,19.04/kg,3.23
854232,Cinnamon Soap,Friendly Soap,,6x95g,10.85,20%,19.04/kg,3.23
854234,Lavender Soap,Friendly Soap,,6x95g,10.85,20%,19.04/kg,3.23
854236,Lemongrass & Hemp Soap,Friendly Soap,,6x95g,10.85,20%,19.04/kg,3.23
854238,Orange & Grapefruit Soap,Friendly Soap,,6x95g,10.85,20%,19.04/kg,3.23
854240,Peppermint & Poppyseed Soap,Friendly Soap,,6x95g,10.85,20%,19.04/kg,3.23
854241,Rose Geranium  Soap,Friendly Soap,,6x95g,10.85,20%,19.04/kg,3.23
854242,Tea Tree & Turmeric Soap,Friendly Soap,,6x95g,10.85,20%,19.04/kg,3.23
854244,Patchouli Soap,Friendly Soap,,6x95g,10.85,20%,19.04/kg,3.23
854250,Shea Butter Facial Cleansing Bar,Friendly Soap,,6x95g,10.85,20%,19.04/kg,3.23
854253,Fragrance Free Shampoo Bar,Friendly Soap,,6x95g,10.85,20%,19.04/kg,3.23
854254,Lavender & Tea Tree Shampoo Bar,Friendly Soap,,6x95g,10.85,20%,19.04/kg,3.23
854258,Lavender & Geranium Shampoo Bar,Friendly Soap,,6x95g,10.85,20%,19.04/kg,3.23
854259,Peppermint & Eucalyptus Conditioner Bar,Friendly Soap,,6x95g,30.05,20%,52.72/kg,9.02
854260,Peppermint & Eucalyptus Shampoo Bar,Friendly Soap,,6x95g,10.85,20%,19.04/kg,3.23
854261,Rosemary Soap,Friendly Soap,,6x95g,10.85,20%,19.04/kg,3.23
854262,Rosemary & Lime Detox Bar,Friendly Soap,,6x95g,10.85,20%,19.04/kg,3.23
854264,"Hair, Body & Laundry - Travel Soap",Friendly Soap,,6x95g,10.85,20%,19.04/kg,3.23
854265,Fragrance Free Shaving Soap,Friendly Soap,,6x95g,10.85,20%,19.04/kg,3.23
854266,Orange & Lavender Shaving Soap,Friendly Soap,,6x95g,10.85,20%,19.04/kg,3.23
854267,Soap Box - liquid wood - 10x6.7x3.7cm,Friendly Soap,,6x32g,23.90,20%,124.48/kg,7.14
854271,Ylang Ylang Soap,Friendly Soap,,6x95g,10.85,20%,19.04/kg,3.23
854272,Soap Saver - Sisal Hemp Pouch - 10.5x6.7x3.7cm,Friendly Soap,,6x13g,10.85,20%,139.10/kg,3.23
854273,Cook's Soap,Friendly Soap,,6x95g,14.90,20%,26.14/kg,4.45
854274,Konjac Sponge - 10.5x6.7x3.7cm,Friendly Soap,,6x14g,25.60,20%,304.76/kg,7.64
854275,Dog Shampoo,Friendly Soap,,6x95g,14.90,20%,26.14/kg,4.45
854276,Aloe Vera - Naked & Natural Soap,Friendly Soap,,7x95g,10.85,20%,16.32/kg,2.76
854277,Foot Soap,Friendly Soap,,6x95g,14.90,20%,26.14/kg,4.45
854278,Cedarwood - Naked & Natural Soap,Friendly Soap,,7x95g,10.85,20%,16.32/kg,2.76
854279,Gardener's Soap,Friendly Soap,,6x95g,14.90,20%,26.14/kg,4.45
854280,Cinnamon - Naked & Natural Soap,Friendly Soap,,7x95g,10.85,20%,16.32/kg,2.76
854281,Mechanic's Soap,Friendly Soap,,6x95g,14.90,20%,26.14/kg,4.45
854282,Lavender - Naked & Natural Soap,Friendly Soap,,7x95g,10.85,20%,16.32/kg,2.76
854283,Cleansing Bar - Shea Butter - Fragrance-free - Naked & Natural,Friendly Soap,,7x95g,10.85,20%,16.32/kg,2.76
854284,Lemongrass & Hemp - Naked & Natural Soap,Friendly Soap,,7x95g,10.85,20%,16.32/kg,2.76
854285,"Travel Bar - Lemongrass, Lavender, Tea Tree - Naked & Natural",Friendly Soap,,7x95g,10.85,20%,16.32/kg,2.76
854286,Orange & Grapefruit - Naked & Natural Soap,Friendly Soap,,7x95g,10.85,20%,16.32/kg,2.76
854287,Shaving Bars - Orange & Lavender - Naked & Natural,Friendly Soap,,7x95g,10.85,20%,16.32/kg,2.76
854288,Patchouli & Sandalwood - Naked & Natural Soap,Friendly Soap,,7x95g,10.85,20%,16.32/kg,2.76
854289,Shaving Bars - Fragrance Free - Naked & Natural,Friendly Soap,,7x95g,10.85,20%,16.32/kg,2.76
854290,Peppermint & Poppy - Naked & Natural Soap,Friendly Soap,,7x95g,10.85,20%,16.32/kg,2.76
854292,Rose Geranium - Naked & Natural Soap,Friendly Soap,,7x95g,10.85,20%,16.32/kg,2.76
854293,Rosemary - Naked & Natural Soap,Friendly Soap,,7x95g,10.85,20%,16.32/kg,2.76
854294,Tea & Turmeric - Naked & Natural Soap,Friendly Soap,,7x95g,10.85,20%,16.32/kg,2.76
854295,Ylang Ylang - Naked & Natural Soap,Friendly Soap,,7x95g,10.85,20%,16.32/kg,2.76
854296,Aloe Vera  Soap on a Rope,Friendly Soap,,6x125g,16.50,20%,22.00/kg,4.89
854297,Lavender  Soap on a Rope,Friendly Soap,,6x125g,16.50,20%,22.00/kg,4.89
854298,Lemongrass  Soap on a Rope,Friendly Soap,,6x125g,16.50,20%,22.00/kg,4.89
854299,Orange & Grapefruit  Soap on a Rope,Friendly Soap,,6x125g,16.50,20%,22.00/kg,4.89
854300,Patchouli & Sandalwood  Soap on a Rope,Friendly Soap,,6x125g,16.50,20%,22.00/kg,4.89
854301,Peppermint & Poppyseeds  Soap on a Rope,Friendly Soap,,6x125g,16.50,20%,22.00/kg,4.89
854304,Shampoo Bar - Lavender & Tea Tree - Naked & Natural,Friendly Soap,,7x95g,10.85,20%,16.32/kg,2.76
854305,Shampoo Bar - Lavender & Geranium - Naked & Natural,Friendly Soap,,7x95g,10.85,20%,16.32/kg,2.76
854306,Shampoo Bar - Peppermint & Eucalyptus - Naked & Natural,Friendly Soap,,7x95g,10.85,20%,16.32/kg,2.76
854307,Shampoo Bar - Fragrance-free - Naked & Natural,Friendly Soap,,7x95g,10.85,20%,16.32/kg,2.76
854587,"Application Kit (brush, measure cup, cape)",Herbatint,,1x1pack,2.90,20%,,5.17
854605,1N - Black - Hair Colour,Herbatint,,1x1pack,6.95,20%,,12
854607,7N - Blonde - Hair Colour,Herbatint,,1x1pack,6.95,20%,,12
854610,2N - Brown - Hair Colour,Herbatint,,1x1pack,6.95,20%,,12
854611,3N - Dark Chestnut - Hair Colour,Herbatint,,1x1pack,6.95,20%,,12
854612,4N - Chestnut - Hair Colour,Herbatint,,1x1pack,6.95,20%,,12
854615,7R - Copper Blonde - Hair Colour,Herbatint,,1x1pack,6.95,20%,,12
854617,4R - Copper Chestnut - Hair Colour,Herbatint,,1x1pack,6.95,20%,,12
854622,6N - Dark Blonde - Hair Colour,Herbatint,,1x1pack,6.95,20%,,12
854625,6D - Dark Golden Blonde - Hair Colour,Herbatint,,1x1pack,6.95,20%,,12
854630,7D - Golden Blonde - Hair Colour,Herbatint,,1x1pack,6.95,20%,,12
854632,4D - Golden Chestnut - Hair Colour,Herbatint,,1x1pack,6.95,20%,,12
854637,9N - Very Light Blonde - Hair Colour,Herbatint,,1x1pack,6.95,20%,,12
854640,8N - Light Blonde - Hair Colour,Herbatint,,1x1pack,6.95,20%,,12
854642,5N - Light Chestnut - Hair Colour,Herbatint,,1x1pack,6.95,20%,,12
854645,8R - Light Copper Blonde - Hair Colour,Herbatint,,1x1pack,6.95,20%,,12
854647,5R - Light Copper Chestnut - Hair Colour,Herbatint,,1x1pack,6.95,20%,,12
854648,4C - Ash Chestnut - Hair Colour,Herbatint,,1x1pack,6.95,20%,,12
854649,7C - Ash Blonde - Hair Colour,Herbatint,,1x1pack,6.95,20%,,12
854650,8D - Light Golden Blonde - Hair Colour,Herbatint,,1x1pack,6.95,20%,,12
854651,5C - Light Ash Chestnut - Hair Colour,Herbatint,,1x1pack,6.95,20%,,12
854652,5D - Light Golden Chestnut - Hair Colour,Herbatint,,1x1pack,6.95,20%,,12
854653,6C - Dark Ash Blonde - Hair Colour,Herbatint,,1x1pack,6.95,20%,,12
854655,5M - Light Mahogany Chestnut - Hair Colour,Herbatint,,1x1pack,6.95,20%,,12
854656,8C - Light Ash Blonde - Hair Colour,Herbatint,,1x1pack,6.95,20%,,12
854657,7M - Mahogany Blonde - Hair Colour,Herbatint,,1x1pack,6.95,20%,,12
854658,10C - Platinum Ash Blonde - Hair Colour,Herbatint,,1x1pack,6.95,20%,,12
854660,4M - Mahogany Chestnut - Hair Colour,Herbatint,,1x1pack,6.95,20%,,12
854665,10N - Platinum Blonde - Hair Colour,Herbatint,,1x1pack,6.95,20%,,12
854674,Moon Light Power - Hair Colour,Herbatint,organic,1x1pack,6.70,20%,,11.57
854676,Hot Chocolate Power - Hair Colour,Herbatint,organic,1x1pack,6.70,20%,,11.57
854678,Warm Chestnut Power - Hair Colour,Herbatint,organic,1x1pack,6.70,20%,,11.57
854680,Pure Caramel Power - Hair Colour,Herbatint,organic,1x1pack,6.70,20%,,11.57
854682,Henna Love Power - Hair Colour,Herbatint,organic,1x1pack,6.70,20%,,11.57
854684,Cherry Red Power - Hair Colour,Herbatint,organic,1x1pack,6.70,20%,,11.57
854686,Honey Blonde Power - Hair Colour,Herbatint,organic,1x1pack,6.70,20%,,11.57
854688,Neutral Cassia Power - Hair Colour,Herbatint,organic,1x1pack,6.70,20%,,11.57
854690,Temporary Hair Touch-Up  - Black,Herbatint,organic,6x10ml,33.45,20%,557.50/l,9.99
854692,Temporary Hair Touch-Up  - Blonde,Herbatint,organic,6x10ml,33.45,20%,557.50/l,9.99
854694,Temporary Hair Touch-Up  - Dark Chestnut,Herbatint,organic,6x10ml,33.45,20%,557.50/l,9.99
854696,Temporary Hair Touch-Up  - Light Chestnut,Herbatint,organic,6x10ml,33.45,20%,557.50/l,9.99
855015,Citricidal liquid,Higher Nature,,1x25ml,5.55,20%,222.00/l,9.95
855020,Citricidal liquid,Higher Nature,,1x45ml,8.60,20%,191.11/l,15.39
855022,Citricidal liquid,Higher Nature,,1x100ml,16.70,20%,167.00/l,29.95
855033,Konjac Sponge,Hydrophil,,1x1pack,4.15,20%,,6.67
855035,Soap Pouch - Sisal,Hydrophil,,10x1,25.20,20%,,4.05
855036,Travel Soap Box - Stainless Steel,Hydrophil,,6x1,15.30,20%,,4.1
855038,Cotton Swabs,Hydrophil,,10x100pack,15.85,20%,,2.54
855040,incognito - anti-mosquito spray,incognito,,6x100ml,47.00,20%,78.33/l,13.29
855043,Kids Insect Repellent - Spray,incognito,,6x100ml,47.00,20%,78.33/l,13.29
855045,Roll On Natural Insect Repellent,incognito,,1x50ml,5.60,20%,112.00/l,9.55
855048,Incognito Insect Repellent Lotion,incognito,,1x100ml,8.40,20%,84.00/l,14.38
855050,Suncream Insect Repellent SPF30,incognito,,1x100ml,15.65,20%,156.50/l,26.79
855080,After-Sun Moisturiser,incognito,,1x200ml,8.95,20%,44.75/l,15.33
855085,Hair & Body Wash,incognito,,1x200ml,5.60,20%,28.00/l,9.61
855090,incognito Crystal Deodorant - Java Citronella,incognito,,1x60g,3.35,20%,55.83/kg,5.84
855092,Zap-Ease - insect bite relief gadget,incognito,,1x1pack,5.60,20%,,9.59
855095,Luxury Soap - citronella,incognito,,6x100g,20.15,20%,33.58/kg,5.76
855118,10 washable cotton coloured facial pads in a drawstring bag,La Droguerie,,1xbag,8.25,20%,,14.14
855124,Olive Oil Liquid Soap - Concentrated,La Droguerie,organic,15l,79.30,20%,5.29/l,
855346,Gentle Shaving Foam,Lavera,,4x150ml,22.10,20%,36.83/l,9.95
855347,Aftershave Balm - tube,Lavera,,4x100ml,26.55,20%,66.38/l,11.95
855348,Men's Deodorant Roll On 24hr,Lavera,,4x50ml,22.10,20%,110.50/l,9.95
855349,Men's Moisturising Cream,Lavera,,4x50ml,30.95,20%,154.75/l,13.95
855353,Men's 3 in 1 Shower Gel,Lavera,,4x200ml,15.45,20%,19.31/l,6.95
855375,Lion's Mane Extract Powder,Kaapa Mushrooms,organic,1x30g,20.20,20%,673.33/kg,34.63
855376,Cordyceps Mushroom Tincture,Kaapa Mushrooms,organic,1x50ml,16.15,20%,323.00/l,27.69
855377,Lion's Mane Mushroom Tincture,Kaapa Mushrooms,organic,1x50ml,16.15,20%,323.00/l,27.69
855378,Reishi Mushroom Tincture,Kaapa Mushrooms,organic,1x50ml,16.15,20%,323.00/l,27.69
855379,Lion's Mane Mushroom Cognitive Function Elixir  - alcohol free,Kaapa Mushrooms,organic,1x50ml,19.05,20%,381.00/l,32.66
855385,NitFree Comb - single,Nitty Gritty,,1x1pack,9.60,20%,,15.36
855390,Aromatherapy Head Lice Kit (comb & solution),Nitty Gritty,,1x1pack,8.30,20%,,13.28
855395,Head Lice - Defence Spray,Nitty Gritty,,1x250ml,8.40,20%,33.60/l,13.44
855403,Chia Pudding Chocolate,Naturya,organic,1x175g,2.70,0%,15.43/kg,4.02
855406,Chia Pudding Coconut,Naturya,organic,1x175g,2.70,0%,15.43/kg,4.02
855408,Green Super Blend,Naturya,organic,1x250g,10.00,0%,40.00/kg,15.02
855410,Acai Powder,Naturya,organic,1x125g,13.30,0%,106.40/kg,19.98
855416,Chia Seeds,Naturya,organic,1x300g,4.00,0%,13.33/kg,6.01
855417,Chlorella Powder,Naturya,organic,1x200g,8.65,0%,43.25/kg,13
855420,Hemp Protein Powder,Naturya,organic,1x300g,6.65,0%,22.17/kg,9.99
855421,Cacao Nibs,Naturya,organic,1x125g,4.80,0%,38.40/kg,7.08
855423,Maca Powder,Naturya,organic,1x300g,4.65,0%,15.50/kg,6.99
855424,Cacao Powder Single Origin Fairtrade,Naturya,,1x250g,7.10,0%,28.40/kg,10.64
855425,Spirulina Powder,Naturya,organic,1x200g,6.00,0%,30.00/kg,8.99
855426,Goji Berries,Naturya,organic,1x200g,4.30,0%,21.50/kg,6.46
855427,Wheatgrass Powder,Naturya,organic,1x200g,5.30,0%,26.50/kg,7.95
855442,Detox - Liver and Gall Bladder,Microbz,,1x475ml,13.85,20%,29.16/l,24.95
855446,Simple - Only Beneficial Microbes,Microbz,,1x1l,17.35,20%,17.35/l,29.5
855460,Basis Sensitive Roll-on Deodorant,Lavera,,4x50ml,21.65,20%,108.25/l,9.75
855462,Basis Sensitive Deodorant Spray,Lavera,,4x75ml,26.30,20%,87.67/l,11.84
855464,Hand Cream,Lavera,,4x75ml,13.00,20%,43.33/l,5.85
855499,Q10 Moisturising Face Cream - anti ageing,Lavera,organic,4x50ml,42.55,20%,212.75/l,19.15
855579,Bulk Grapefruit & Orange Body Wash,Faith in Nature,,20l,80.80,20%,4.04/l,
855621,Bodywash & Bubble Bath - Pink Grapefruit & Aloe,Miniml,,5l,20.30,20%,4.06/l,
855623,Anti-Bac Hand Soap - Sweet Clementine,Miniml,,5l,16.05,20%,3.21/l,
855625,Anti-Bac Hand Soap - Sweet Clementine,Miniml,,6x400ml,11.20,20%,4.67/l,3.2
855626,Hand Soap - Cucumber & Aloe,Miniml,,5l,16.05,20%,3.21/l,
855628,Hand Soap - Cucumber & Aloe Vera,Miniml,,6x400ml,11.20,20%,4.67/l,3.2
855629,Balancing Shampoo - Pink Grapefruit & Aloe Vera,Miniml,,6x400ml,13.10,20%,5.46/l,3.74
855630,Balancing Shampoo - Pink Grapefruit & Aloe,Miniml,,5l,21.40,20%,4.28/l,
855632,Balancing Conditioner - Pink Grapefruit & Aloe,Miniml,,5l,21.40,20%,4.28/l,
855633,Balancing Conditioner - Pink Grapefruit & Aloe Vera,Miniml,,6x400ml,14.40,20%,6.00/l,4.11
855634,Bodywash & Bubblebath - Pink Grapefruit & Aloe Vera,Miniml,,6x400ml,12.85,20%,5.35/l,3.67
855641,Anti-Bac Hand Soap - Sweet Clementine,Miniml,,20l,53.55,20%,2.68/l,
855914,Hand Soap - Zero,Ecover,,6x250ml,11.00,20%,7.33/l,2.93
855915,Hand Soap - Lavender & Aloe Vera,Ecover,,6x250ml,11.00,20%,7.33/l,2.93
855920,Hand Soap - Lavender & Aloe Vera,Ecover,,8x950ml,44.95,20%,5.91/l,8.99
855925,Hand Soap - Lavender & Aloe Vera,Ecover,,1x5l,15.85,20%,3.17/l,25.36
855926,Hand Soap - Citrus,Ecover,,6x250ml,11.00,20%,7.33/l,2.93
855928,Hand Soap - Citrus,Ecover,,8x950ml,44.95,20%,5.91/l,8.99
855960,Cleansing Make-Up Removal Wipes,Natracare,organic,14x20,37.45,20%,,4.59
856564,Bulk Fragrance Free Body Wash,Faith in Nature,,5l,24.00,20%,4.80/l,
857544,Sunscreen SPF 30 - metal tube,Odyskin,organic,1x75ml,12.15,20%,162.00/l,21.9
857546,Sunscreen SPF 50 - metal tube,Odyskin,organic,1x75ml,12.70,20%,169.33/l,22.9
857547,Tube Squeezing Key,Odyskin,organic,1x1pack,2.70,20%,,4.9
857548,After Sun Milk - glass jar,Odyskin,organic,1x100ml,8.25,20%,82.50/l,14.9
857549,Tinted Sunstick SPF50 - card tube,Odyskin,organic,1x25g,8.20,20%,328.00/kg,14.79
857586,Violet Shampoo,Herbatint,,1x260ml,8.10,20%,31.15/l,13.99
857588,Colour Safe Shampoo,Herbatint,,1x260ml,6.35,20%,24.42/l,10.96
857589,Hydrate Shampoo,Herbatint,,1x260ml,7.50,20%,28.85/l,12.95
857593,Royal Conditioner,Herbatint,,1x200ml,7.35,20%,36.75/l,12.69
857594,Curly Conditioner,Herbatint,,1x200ml,7.85,20%,39.25/l,13.55
857596,Hydrate Conditioner,Herbatint,,1x200ml,7.85,20%,39.25/l,13.55
857605,Olive Oil Soap,Oliva,,6x125g,6.90,20%,9.20/kg,2.07
857607,Bulk Olive Oil Soap,Oliva,,6x600g,15.00,20%,4.17/kg,4.48
857608,Olive Oil Soap with Aloe Vera,Oliva,,12x100g,13.85,20%,11.54/kg,2.08
857609,Olive Oil Soap with Tea Tree,Oliva,,12x100g,13.85,20%,11.54/kg,2.08
857669,SPF15 Anti Ageing Facial Sun Cream,Organii,organic,1x50ml,9.40,20%,188.00/l,16.9
857671,SPF30 Sun Lotion,Organii,organic,1x100ml,11.05,20%,110.50/l,19.86
857674,SPF50 Sun Milk,Organii,organic,1x125ml,15.50,20%,124.00/l,27.79
857683,Palestinian Natural Olive Oil Soap Bar,Rift Valley Farms,organic,1x130g,3.65,20%,28.08/kg,5.84
857684,Palestinian Olive Oil Body Soap -  Vanilla & Tobacco,Rift Valley Farms,,1x500ml,6.60,20%,13.20/l,10.56
857685,Palestinian Olive Oil Liquid Hand Soap,Rift Valley Farms,,1x350ml,5.85,20%,16.71/l,9.36
857931,8 Mushroom 8:1 Extract Blend - pouch,Raw Living,organic,1x50g,13.30,0%,266.00/kg,18.99
857932,Chaga Mushroom 10:1 Dual Extract - pouch,Raw Living,organic,1x50g,13.30,0%,266.00/kg,18.99
857933,Cordyceps Mushroom 8:1 Extract - pouch,Raw Living,organic,1x50g,13.30,0%,266.00/kg,18.99
857934,Lion's Mane Mushroom 8:1 Dual Extract - pouch,Raw Living,organic,1x50g,13.30,0%,266.00/kg,18.99
857935,Reishi (Duanwood) Mushroom 13:1 Dual Extract - pouch,Raw Living,organic,1x50g,13.30,0%,266.00/kg,18.99
857938,Shilajit Resin,Raw Living,organic,1x40g,23.00,0%,575.00/kg,39.99
857950,Goodnight Epsom Bath Salts - Pouch,Absolute Aromas,,1x1kg,5.25,20%,5.25/kg,9.45
857952,Goodnight Epsom Bath Salts - PET,Absolute Aromas,,1x575g,3.50,20%,6.09/kg,6.27
857954,Mobility Epsom Bath Salts - Pouch,Absolute Aromas,,1x1kg,5.25,20%,5.25/kg,9.45
857956,Mobility Epsom Bath Salts - PET,Absolute Aromas,,1x575g,3.50,20%,6.09/kg,6.27
857958,Relaxation Epsom Bath Salts - Pouch,Absolute Aromas,,1x1kg,5.25,20%,5.25/kg,9.45
857960,Relaxation Epsom Bath Salts - PET,Absolute Aromas,,1x575g,3.50,20%,6.09/kg,6.27
857970,Skin Salvation 30ml,Balmonds,,6x30ml,30.05,20%,166.94/l,8.97
857971,Skin Salvation 50ml,Balmonds,,6x50ml,50.35,20%,167.83/l,15
857977,Skin Salvation 120ml,Balmonds,,6x120ml,73.80,20%,102.50/l,22
857978,Face the Day SPF 30 Sunscreen,Balmonds,,1x50ml,13.40,20%,268.00/l,24
857979,Top to Toe SPF 30 Sunscreen,Balmonds,,1x100ml,15.00,20%,150.00/l,26.87
857980,Bath & Body Oil - single,Balmonds,,1x200ml,8.40,20%,42.00/l,15
857986,Intensive Facial Oil  - single,Balmonds,,1x30ml,13.95,20%,465.00/l,25
857988,Omega Rich Cleansing Oil - single,Balmonds,,1x125ml,8.95,20%,71.60/l,16
857989,Gentle Facial Wash,Balmonds,,1x125ml,8.95,20%,71.60/l,16
857990,Scalp Oil  - single,Balmonds,,1x50ml,8.95,20%,179.00/l,16
857991,Shampoo & Body Wash   single,Balmonds,,1x200ml,12.30,20%,61.50/l,22
857992,Rosehip Scar Oil - single,Balmonds,,1x50ml,11.15,20%,223.00/l,20
857993,Super 7 Serum,Balmonds,,1x30ml,11.15,20%,371.67/l,20
857995,Daily Moisturising Cream - single,Balmonds,,1x100ml,8.95,20%,89.50/l,16
857997,Intensive Hand Cream - single,Balmonds,,1x50ml,6.70,20%,134.00/l,12
858091,Shampoo - Wild Lemongrass,Urtekram,organic,6x250ml,25.35,20%,16.90/l,7.25
858152,Unfragranced Baby Wipes,Beaming Baby,organic,12x72wipes,33.40,20%,,4.99
858240,Rosa Mosqueta Oil - small,Rio Amazon,,1x20ml,7.75,20%,387.50/l,13.97
858242,Rosa Mosqueta Oil - large,Rio Amazon,,1x50ml,14.95,20%,299.00/l,26.85
858245,Day & Night Cream - Rosa Mosqueta,Rio Amazon,,1x50ml,10.45,20%,209.00/l,18.76
858271,Antioxidant Facial Oil - Rosa Mosqueta,Rio Amazon,,1x30ml,15.95,20%,531.67/l,28.57
858292,Shade All-Natural Sunscreen - SPF 25 - mini,Shade,,24x15ml,85.45,20%,237.36/l,6.1
858295,Shade All-Natural Sunscreen - SPF 25,Shade,,6x100ml,58.30,20%,97.17/l,16.66
858580,Magnesium Oil Original Body Spray,BetterYou,,6x100ml,47.40,20%,79.00/l,14.95
858581,Magnesium Menopause Body Spray,BetterYou,,6x100ml,47.40,20%,79.00/l,14.95
858582,Magnesium Sleep Body Spray,BetterYou,,6x100ml,47.40,20%,79.00/l,14.95
858583,Magnesium Sleep Kids' Body Lotion,BetterYou,,6x135ml,25.20,20%,31.11/l,7.95
858584,Magnesium Flakes,BetterYou,,6x1kg,34.60,20%,5.77/kg,10.95
858585,Magnesium Sleep Kids’ Body Spray,BetterYou,,6x100ml,25.20,20%,42.00/l,7.95
858586,Magnesium Flakes Sleep,BetterYou,,6x1kg,34.60,20%,5.77/kg,10.95
858587,Magnesium Flakes Muscle,BetterYou,,6x1kg,34.60,20%,5.77/kg,10.95
858588,Magnesium Flakes Relax,BetterYou,,6x750g,26.70,20%,5.93/kg,8.45
858589,Magnesium Flakes Menopause,BetterYou,,6x750g,22.15,20%,4.92/kg,7
858590,Magnesium Sleep Kids’ Bath Flakes,BetterYou,,6x750g,25.20,20%,5.60/kg,7.95
858591,Magnesium Muscle Body Spray,BetterYou,,6x100ml,47.40,20%,79.00/l,14.94
858592,Magnesium Joint Body Spray,BetterYou,,6x100ml,47.40,20%,79.00/l,14.98
858659,Crystal Deodorant - Aloe Vera - roll-on,Urtekram,organic,6x50ml,21.50,20%,71.67/l,6.15
858663,Crystal Deodorant - Sensitive Skin - Fragrance Free - roll-on,Urtekram,organic,6x50ml,20.65,20%,68.83/l,5.9
858664,Crystal Deodorant - Lime - roll-on,Urtekram,organic,6x50ml,21.50,20%,71.67/l,6.15
858669,Crystal Deodorant - Rose - roll-on,Urtekram,organic,6x50ml,21.50,20%,71.67/l,6.15
858670,Rich Repair Shampoo - Nordic Berry,Urtekram,organic,6x250ml,25.35,20%,16.90/l,7.25
858671,Cream Deodorant - Coconut - roll-on,Urtekram,organic,6x50ml,21.50,20%,71.67/l,6.15
858673,Cream Deodorant - Soothing Lavender - roll-on,Urtekram,organic,6x50ml,21.50,20%,71.67/l,6.15
858674,Cream Deodorant - Wild Lemongrass - roll-on,Urtekram,organic,6x50ml,21.50,20%,71.67/l,6.15
858706,Conditioner - Aloe Vera - regenerating,Urtekram,organic,6x180ml,21.85,20%,20.23/l,6.25
858707,Intense Moisture Conditioner - Wild Lemongrass,Urtekram,organic,6x180ml,23.95,20%,22.18/l,6.85
858708,Rich Repair Conditioner - Nordic Berry,Urtekram,organic,6x180ml,21.85,20%,20.23/l,6.25
858709,Conditioner - Camomile - blond hair,Urtekram,organic,6x180ml,21.85,20%,20.23/l,6.25
858711,Conditioner - Coconut - normal hair,Urtekram,organic,6x180ml,21.85,20%,20.23/l,6.25
858714,Conditioner - Nettle  - anti dandruff,Urtekram,organic,6x250ml,21.85,20%,14.57/l,6.25
858716,Spray Conditioner - Rosemary  - fine hair,Urtekram,organic,6x250ml,21.85,20%,14.57/l,6.25
858719,Spray Conditioner - Tea Tree  - irritated scalp,Urtekram,organic,6x250ml,21.85,20%,14.57/l,6.25
858725,Shampoo - Aloe Vera - normal hair,Urtekram,organic,6x250ml,25.35,20%,16.90/l,7.25
858735,Shampoo - Camomile - blond hair,Urtekram,organic,6x250ml,25.35,20%,16.90/l,7.25
858737,Shampoo - Coconut - normal hair,Urtekram,organic,6x250ml,25.35,20%,16.90/l,7.25
858745,Shampoo - Nettle - anti dandruff,Urtekram,organic,6x250ml,25.35,20%,16.90/l,7.25
858750,Shampoo - Rasul - volume,Urtekram,organic,6x250ml,25.35,20%,16.90/l,7.25
858751,Sensitive Scalp Shampoo Fragrance Free,Urtekram,organic,6x250ml,25.35,20%,16.90/l,7.25
858755,Shampoo - Rose - normal hair,Urtekram,organic,6x250ml,25.35,20%,16.90/l,7.25
858760,Shampoo - Rosemary - fine hair,Urtekram,organic,6x250ml,25.35,20%,16.90/l,7.25
858762,Shampoo - Tea Tree - irritated scalp,Urtekram,organic,6x250ml,25.35,20%,16.90/l,7.25
858852,Sensitive Scalp Conditioner Fragrance Free,Urtekram,organic,6x180ml,23.95,20%,22.18/l,6.85
858859,Conditioner - Rose - pure indulgement,Urtekram,organic,6x180ml,21.85,20%,20.23/l,6.25
858863,Shower Gel - Aloe Vera,Urtekram,organic,6x500ml,36.75,20%,12.25/l,10.52
858874,Body Wash - Soothing Lavender,Urtekram,organic,6x200ml,28.70,20%,23.92/l,8.2
858876,Sensitive Skin Body Wash Fragrance Free,Urtekram,organic,6x200ml,28.70,20%,23.92/l,8.2
858877,Aloe Vera Gel,Urtekram,organic,6x100ml,27.10,20%,45.17/l,7.74
858879,Sensitive Skin Hand Wash - Fragrance Free,Urtekram,organic,6x300ml,24.45,20%,13.58/l,6.99
858881,Shower Gel - Rose,Urtekram,organic,6x500ml,36.75,20%,12.25/l,10.52
858882,Hair & Body Wash - Men's,Urtekram,organic,6x200ml,28.85,20%,24.04/l,8.25
858883,Body Wash - Wild Lemongrass,Urtekram,organic,6x200ml,28.70,20%,23.92/l,8.2
858884,Creamy Body Wash - Nordic Berry,Urtekram,organic,6x200ml,29.20,20%,24.33/l,8.35
858886,Creamy Body Wash - Nordic Berry,Urtekram,organic,6x500ml,36.75,20%,12.25/l,10.5
858961,Turmeric  & Black Pepper  - 60 capsules,Taka Turmeric,organic,1x1jar,6.70,20%,,12.07
858962,Turmeric  & Black Pepper  - 120 capsules,Taka Turmeric,organic,1x1jar,10.00,20%,,17.94
858963,Joint Care  - 90 capsules,Taka Turmeric,organic,1x1jar,11.15,20%,,20
858964,Immune Support - 90 capsules,Taka Turmeric,organic,1x1jar,11.15,20%,,19.97
859056,Hemp Moisturiser - Mandarin & Grapefruit,Yaoh,,6x56g,33.50,20%,99.70/kg,9.99
859058,Hemp Moisturiser - Tea Tree,Yaoh,,6x56g,33.50,20%,99.70/kg,9.99
859060,Hemp Shower Gel,Yaoh,,6x240ml,33.50,20%,23.26/l,9.99
859065,Hemp Moisturiser - Original,Yaoh,,6x56g,33.50,20%,99.70/kg,9.99
859067,Hemp Healing Salve,Yaoh,,6x56g,33.50,20%,99.70/kg,9.99
859071,Hemp Sunblock 25,Yaoh,,6x200ml,64.00,20%,53.33/l,19.09
859085,Lip Balm Mix (of up to 9 flavours),Yaoh,,36x4g,80.15,20%,556.60/kg,3.98
859086,Maximum Shine Shampoo - Soothing Lavender,Urtekram,organic,6x500ml,41.95,20%,13.98/l,11.99
859096,Body Wash - Soothing Lavender,Urtekram,organic,6x500ml,36.75,20%,12.25/l,10.5
859097,Cream Deodorant - Men's - roll-on,Urtekram,organic,6x50ml,27.95,20%,93.17/l,7.99
859102,Hand Wash - Wild Lemongrass,Urtekram,organic,6x300ml,24.45,20%,13.58/l,6.99
859103,Soap Bar - Aloe Vera,Urtekram,organic,12x100g,31.40,20%,26.17/kg,4.49
859105,Hand Cream - Aloe Vera,Urtekram,organic,6x75ml,19.60,20%,43.56/l,5.61
859108,Soap Bar - Fragrance Free,Urtekram,organic,12x100g,31.40,20%,26.17/kg,4.49
859109,Soap Bar - Rose,Urtekram,organic,12x100g,31.40,20%,26.17/kg,4.49
859111,Hand Cream - Wild Lemongrass,Urtekram,organic,6x75ml,20.25,20%,45.00/l,5.79
859114,Nourishing Body Cream - Nordic Berry,Urtekram,organic,6x200ml,29.90,20%,24.92/l,8.55
859115,Foot Cream - Aloe Vera,Urtekram,organic,6x75ml,19.20,20%,42.67/l,5.49
859116,Moisturising Day Cream - Wild Lemongrass,Urtekram,organic,8x50ml,62.95,20%,157.38/l,13.49
859117,Moisturising Night Cream - Wild Lemongrass,Urtekram,organic,8x50ml,65.25,20%,163.12/l,13.99
859118,Refreshing Cleansing Gel - Wild Lemongrass,Urtekram,organic,6x150ml,43.70,20%,48.56/l,12.49
859119,Refreshing Micellar Water - Wild Lemongrass,Urtekram,organic,6x250ml,32.50,20%,21.67/l,9.29
859120,Sensitive Skin Body Lotion Fragrance Free,Urtekram,organic,6x245ml,31.15,20%,21.19/l,8.9
859121,Body Lotion - Soothing Lavender,Urtekram,organic,6x245ml,31.15,20%,21.19/l,8.9
859122,Body Lotion - Wild Lemongrass,Urtekram,organic,6x245ml,31.15,20%,21.19/l,8.9
859123,Hand Cream - Soothing Lavender,Urtekram,organic,6x75ml,20.30,20%,45.11/l,5.81
859124,Sensitive Skin Hand Cream - Fragrance Free,Urtekram,organic,6x75ml,20.30,20%,45.11/l,5.81
859125,Body Lotion - Coconut,Urtekram,organic,6x245ml,31.30,20%,21.29/l,8.94
859129,Face Cream - Men's,Urtekram,organic,6x75ml,31.45,20%,69.89/l,8.99
859131,Body Lotion - Rose,Urtekram,organic,6x245ml,31.30,20%,21.29/l,8.94
859133,Face Wash - Men's,Urtekram,organic,6x150ml,31.45,20%,34.94/l,8.99
859134,Maximum Shine Shampoo - Soothing Lavender,Urtekram,organic,6x250ml,25.35,20%,16.90/l,7.25
859135,Shampoo - Wild Lemongrass,Urtekram,organic,6x500ml,41.95,20%,13.98/l,11.99
859136,Maximum Shine Conditioner - Soothing Lavender,Urtekram,organic,6x180ml,23.95,20%,22.18/l,6.85
859137,Body Wash - Wild Lemongrass,Urtekram,organic,6x500ml,36.75,20%,12.25/l,10.5
859138,Handwash - Soothing Lavender,Urtekram,organic,6x300ml,24.45,20%,13.58/l,6.99
859139,Sensitive Scalp Shampoo Fragrance Free,Urtekram,organic,6x500ml,41.95,20%,13.98/l,11.99
859141,Travel Soap Tin - Single Size,Alter-Native by Suma,,1x1tin,2.95,20%,,4.72
859142,Coconut Milk & Ylang Ylang - boxed soap,Alter-Native by Suma,,6x95g,13.70,20%,24.04/kg,3.65
859143,Cinnamon & Orange - boxed soap,Alter-Native by Suma,,6x95g,13.70,20%,24.04/kg,3.65
859144,Lemongrass & Chamomile - boxed soap,Alter-Native by Suma,,6x95g,13.70,20%,24.04/kg,3.65
859145,Grapefruit & Mandarin - boxed soap,Alter-Native by Suma,,6x95g,13.70,20%,24.04/kg,3.65
859146,Patchouli & Hemp - boxed soap,Alter-Native by Suma,,6x95g,13.70,20%,24.04/kg,3.65
859147,Sensitive Skin Body Wash Fragrance Free,Urtekram,organic,6x500ml,36.75,20%,12.25/l,10.5
859148,Rose & Geranium - boxed soap,Alter-Native by Suma,,6x95g,13.70,20%,24.04/kg,3.65
859149,Tea Tree & Eucalyptus - boxed soap,Alter-Native by Suma,,6x95g,13.70,20%,24.04/kg,3.65
859153,Lavender & Geranium Shampoo Bar,Alter-Native by Suma,,6x95g,14.00,20%,24.56/kg,3.73
859156,Patchouli & Sandalwood Glycerine Shampoo Bar,Alter-Native by Suma,,6x90g,15.95,20%,29.54/kg,4.25
859158,Rose & Geranium Shampoo Bar,Alter-Native by Suma,,6x95g,14.00,20%,24.56/kg,3.73
859160,Grapefruit & Aloe Vera Glycerine Soap,Alter-Native by Suma,,12x90g,17.20,20%,15.93/kg,2.29
859161,Travel Soap Tin - Double Size,Alter-Native by Suma,,1x1tin,4.25,20%,,6.8
859162,Hemp Oil & Vitamin E Glycerine Soap,Alter-Native by Suma,,12x90g,17.20,20%,15.93/kg,2.29
859163,Travel Soap Tin - Round,Alter-Native by Suma,,1x1tin,2.95,20%,,4.72
859164,Rose & Geranium Glycerine Soap,Alter-Native by Suma,,12x90g,17.20,20%,15.93/kg,2.29
859166,White Lavender Glycerine Soap,Alter-Native by Suma,,12x90g,17.20,20%,15.93/kg,2.29
859168,Coffee & Cedarwood Glycerine Soap,Alter-Native by Suma,,6x90g,13.00,20%,24.07/kg,3.47
859170,Hemp & Jasmine Musk Glycerine Soap,Alter-Native by Suma,,6x90g,13.00,20%,24.07/kg,3.47
859172,Coconut & Argan Glycerine Soap,Alter-Native by Suma,,6x90g,13.00,20%,24.07/kg,3.47
859174,Lavender & Geranium Glycerine Soap,Alter-Native by Suma,,6x90g,13.00,20%,24.07/kg,3.47
859176,Patchouli & Sandalwood Glycerine Soap,Alter-Native by Suma,,6x90g,13.00,20%,24.07/kg,3.47
859178,Coconut & Argan Oil Glycerine Shampoo Bar,Alter-Native by Suma,,6x90g,15.95,20%,29.54/kg,4.25
859179,Pink Grapefruit & Aloe Glycerine Soap,Alter-Native by Suma,,6x90g,13.00,20%,24.07/kg,3.47
859181,Rose & Geranium Glycerine Soap,Alter-Native by Suma,,6x90g,13.00,20%,24.07/kg,3.47
859184,Tea Tree & Aloe Glycerine Soap,Alter-Native by Suma,,6x90g,13.00,20%,24.07/kg,3.47
859188,Almond Oil Daily Hand Cream,Ben & Anna,,1x30ml,2.75,20%,91.67/l,4.95
859189,Avocado Oil Intensive Hand Cream,Ben & Anna,,1x30ml,2.75,20%,91.67/l,4.95
859191,Cocoa Mania Deodorant  - paper tube,Ben & Anna,,1x40g,4.15,20%,103.75/kg,7.39
859193,Green Fusion Deodorant  - paper tube,Ben & Anna,,1x40g,4.15,20%,103.75/kg,7.39
859195,Mint Deodorant  - paper tube,Ben & Anna,,1x40g,4.15,20%,103.75/kg,7.39
859197,Persian Lime Deodorant  - paper tube,Ben & Anna,,1x40g,4.15,20%,103.75/kg,7.39
859199,Lemongrass Shampoo Bar,Ben & Anna,,1x60g,3.85,20%,64.17/kg,6.9
859201,Oriental Magic Shower & Shampoo Bar,Ben & Anna,,1x60g,3.85,20%,64.17/kg,6.9
859203,Very Berry Conditioner Bar,Ben & Anna,,1x60g,3.85,20%,64.17/kg,6.9
859204,Elmwood Shower Shampoo Bar,Ben & Anna,,1x60g,3.85,20%,64.17/kg,6.9
859205,Sensitive Gentle Milk Cleanser - vegan,Weleda,,5x75ml,39.15,20%,104.40/l,13.42
859206,Pink Grapefruit Deodorant  - paper tube,Ben & Anna,,1x40g,4.15,20%,103.75/kg,7.39
859207,Urban Black Deodorant  - paper tube,Ben & Anna,,1x40g,4.15,20%,103.75/kg,7.39
859208,Deocreme - Green Balance - poly potato sphere,Ben & Anna,,1x40g,4.95,20%,123.75/kg,8.81
859209,Deocreme - Love Me - poly potato sphere,Ben & Anna,,1x40g,4.95,20%,123.75/kg,8.81
859210,Sensitive Soothing Moisturiser,Weleda,,6x30ml,69.65,20%,386.94/l,19.89
859211,Lip Balm Pure,Ben & Anna,,8x6g,22.00,20%,458.33/kg,4.95
859212,Lip Balm Raspberry,Ben & Anna,,8x6g,22.00,20%,458.33/kg,4.95
859214,Sensitive Highland Breeze Deodorant - paper tube,Ben & Anna,,1x40g,4.65,20%,116.25/kg,8.28
859215,Sensitive Soothing Moisturiser Light,Weleda,,6x30ml,69.65,20%,386.94/l,19.89
859216,Sensitive Lemon & Lime Deodorant - paper tube,Ben & Anna,,1x40g,4.65,20%,116.25/kg,8.28
859217,Sensitive Cherry Blossom Deodorant - paper tube,Ben & Anna,,1x40g,4.65,20%,116.25/kg,8.28
859220,Sensitive Recovery Facial Oil (single),Weleda,,1x50ml,13.95,20%,279.00/l,23.89
859242,Wild Rose Body Oil (single),Weleda,,1x100ml,17.45,20%,174.50/l,29.95
859243,Wild Rose Deodorant Spray,Weleda,,6x100ml,55.80,20%,93.00/l,15.95
859260,Lavender Relaxing Bath Milk (single),Weleda,,1x200ml,9.85,20%,49.25/l,16.87
859266,Refresh Citrus Body Wash,Weleda,organic,6x200ml,43.80,20%,36.50/l,12.5
859276,Vitality Shower Cream Sea Buckthorn,Weleda,organic,6x200ml,43.80,20%,36.50/l,12.5
859285,Sea Buckthorn Hand Cream,Weleda,,6x50ml,47.25,20%,157.50/l,13.51
859290,Skin Food - large,Weleda,,5x75ml,53.30,20%,142.13/l,18.29
859295,Skin Food - small,Weleda,,6x30ml,33.25,20%,184.72/l,9.5
859305,Citrus Deodorant - Spray - Vegan,Weleda,,6x100ml,43.75,20%,72.92/l,12.5
859310,Sage Deodorant - Spray - Vegan,Weleda,,6x100ml,43.75,20%,72.92/l,12.5
859315,Calendula Face Cream,Weleda,,6x50ml,36.75,20%,122.50/l,10.51
859325,Calendula Lotion,Weleda,,6x200ml,41.80,20%,34.83/l,11.95
859330,Calendula Nappy Change Cream,Weleda,,6x75ml,27.10,20%,60.22/l,7.73
859335,Calendula Oil - Vegan,Weleda,,6x200ml,41.80,20%,34.83/l,11.94
859340,Calendula Shampoo & Bodywash - Vegan,Weleda,,6x200ml,28.85,20%,24.04/l,8.25
859345,Calendula Weather Protection Cream,Weleda,,6x30ml,34.10,20%,189.44/l,9.76
859347,Beech Wood Hair Brush - rounded wooden pins,Anaé,,3x1pack,33.00,20%,,17.6
859348,Wood Comb with Fine & Coarse teeth,Anaé,,5x1pack,46.60,20%,,14.91
859349,Pear Wood Soft Brush - Agave Bristles,Anaé,,3x1pack,35.15,20%,,18.75
859350,Heavy Flow Cotton Washable Sanitary Towels - Flower,Anaé,organic,5x2pack,62.60,0%,,17.89
859354,Medium Flow Cotton Washable Sanitary Towels - Circles,Anaé,organic,5x2pack,60.60,0%,,17.31
859358,Light Flow Cotton Washable Sanitary Towels - Hibiscus,Anaé,organic,5x2pack,59.25,0%,,16.93
859359,Heavy Pads 290mm - 12 with wings,Cheeky Panda,,6x12pack,12.35,0%,,2.74
859360,Light Pads 240mm - 15 with wings,Cheeky Panda,,6x15pack,12.35,0%,,2.74
859361,Night Pads 350mm - 10 with wings,Cheeky Panda,,6x10pack,12.35,0%,,2.74
859362,Panty Liners 155mm - 18 liners,Cheeky Panda,,6x18pack,10.25,0%,,2.28
859405,Shaving Cream,Weleda,,6x75ml,34.85,20%,77.44/l,9.95
859410,After Shave Balm (single),Weleda,,1x100ml,7.55,20%,75.50/l,12.95
859480,Pomegranate Regenerating Hand Cream,Weleda,,6x50ml,52.05,20%,173.50/l,14.87
859485,Pomegranate Regenerating Body Oil - single,Weleda,,1x100ml,16.90,20%,169.00/l,28.95
859488,Body Wash - Fragrance Free,Bio-D,,6x500ml,12.85,20%,4.28/l,3.57
859489,Body Wash - Fragrance Free,Bio-D,,1x5l,15.15,20%,3.03/l,25.25
859490,Bubble Bath - Fragrance Free,Bio-D,,12x1l,35.15,20%,2.93/l,4.88
859492,Cleansing Hand Wash Geranium & Grapefruit,Bio-D,,20l,54.25,20%,2.71/l,
859493,Cleansing Hand Wash Fragrance Free,Bio-D,,1x5l,11.80,20%,2.36/l,20.76
859494,Cleansing Hand Wash Geranium & Grapefruit,Bio-D,,1x5l,14.00,20%,2.80/l,24.63
859495,Cleansing Hand Wash Fragrance Free,Bio-D,,6x500ml,16.15,20%,5.38/l,4.79
859496,Cleansing Hand Wash Geranium & Grapefruit,Bio-D,,6x500ml,17.20,20%,5.73/l,5.04
859497,Cleansing Hand Wash Lime & Aloe Vera,Bio-D,,6x500ml,17.20,20%,5.73/l,5.04
859498,Cleansing Hand Wash Lime & Aloe Vera,Bio-D,,1x5l,14.00,20%,2.80/l,24.63
859501,Cleansing Hand Wash Fragrance Free,Bio-D,,20l,45.75,20%,2.29/l,
859504,Cleansing Hand Wash Lime & Aloe Vera,Bio-D,,20l,54.25,20%,2.71/l,
859506,Lime & Aloe Vera Naked Soap Bar,Bio-D,,6x90g,10.45,20%,19.35/kg,2.9
859507,Lime & Aloe Vera Boxed Soap Bar,Bio-D,,20x90g,38.25,20%,21.25/kg,3.19
859508,Mandarin Naked Soap Bar,Bio-D,,6x90g,10.45,20%,19.35/kg,2.9
859509,Mandarin Boxed Soap Bar,Bio-D,,20x90g,38.25,20%,21.25/kg,3.19
859511,Plum & Mulberry Naked Soap Bar,Bio-D,,6x90g,10.45,20%,19.35/kg,2.9
859512,Cleansing Hand Wash Plum & Mulberry,Bio-D,,6x500ml,17.20,20%,5.73/l,5.04
859513,Cleansing Hand Wash Plum & Mulberry,Bio-D,,1x5l,14.00,20%,2.80/l,24.63
859517,Cleansing Hand Wash Rhubarb,Bio-D,,6x500ml,17.25,20%,5.75/l,5.06
859519,Cleansing Hand Wash Rhubarb,Bio-D,,1x5l,13.95,20%,2.79/l,24.55
859521,Dead Sea Salt - pouch,Zaytoun,,6x750g,23.20,20%,5.16/kg,6.19
859522,Honey Olive Oil Soap Bar,Zaytoun,,12x100g,32.60,20%,27.17/kg,4.35
859523,Lemon Olive Oil Soap Bar,Zaytoun,,12x100g,32.60,20%,27.17/kg,4.35
859525,Pure Olive Oil Soap Bar,Zaytoun,,12x100g,32.60,20%,27.17/kg,4.35
859527,Rose Olive Oil Soap Bar,Zaytoun,,12x100g,32.60,20%,27.17/kg,4.35
859528,Sage Olive Oil Soap Bar,Zaytoun,,12x100g,32.60,20%,27.17/kg,4.35
859529,Olive Oil Soap Bar Collection - 4 bars,Zaytoun,,1x400g,10.85,20%,27.12/kg,17.35
859531,Hair Conditioner - Fragrance Free,Bio-D,,6x500ml,13.70,20%,4.57/l,3.81
859533,Hair Conditioner - Fragrance Free,Bio-D,,1x5l,15.65,20%,3.13/l,26.08
859535,Shampoo - Fragrance Free,Bio-D,,6x500ml,13.65,20%,4.55/l,3.79
859536,Shampoo - Fragrance Free,Bio-D,,1x5l,15.55,20%,3.11/l,25.92
859569,Premium Medium Mixed Pack Toothbrushes - blue & natural,Hydrophil,,12x1,30.60,20%,,4.1
859570,Premium Soft Mixed Pack Toothbrushes - blue & natural,Hydrophil,,12x1,30.60,20%,,4.1
859572,Toothbrush Case - Bamboo,Hydrophil,,12x1,69.00,20%,,9.22
859573,Kids Red Hippo Bamboo Toothbrush - Soft double pack,Hydrophil,,12x2pack,30.60,20%,,4.1
859574,Kids Blue Otter Bamboo Toothbrush - Soft double pack,Hydrophil,,12x2pack,30.60,20%,,4.1
859580,Interdental brush 0.4 mm ISO 0,Hydrophil,,10x6pack,25.00,20%,,4
859581,Interdental brush 0.45 mm ISO 1,Hydrophil,,10x6pack,25.00,20%,,4
859585,Bamboo Dental Floss Picks,Hydrophil,,10x20,25.00,20%,,4
859586,Bathsalts - Cornflower,Ben & Anna,,1x300g,4.40,20%,14.67/kg,7.92
859587,Bathsalts - Lavender,Ben & Anna,,1x300g,4.40,20%,14.67/kg,7.92
859589,Bathsalts - Rose,Ben & Anna,,1x300g,4.40,20%,14.67/kg,7.92
859590,Shower Gel - Berry Infusion - alu bottle,Ben & Anna,,1x250ml,3.85,20%,15.40/l,6.94
859591,Shower Gel - Blue Lagoon - alu bottle,Ben & Anna,,1x250ml,3.85,20%,15.40/l,6.94
859592,Shower Gel - Magnolia Breeze - alu bottle,Ben & Anna,,1x250ml,3.85,20%,15.40/l,6.94
861400,Natural Beech Toothbrush - Soft,Georganics,,1x1,1.95,20%,,3.34
861404,Natural Beech Toothbrush - Medium,Georganics,,1x1,1.95,20%,,3.34
861408,Natural Beech Toothbrush - Firm,Georganics,,1x1,1.95,20%,,3.34
861412,Kid's Beech Toothbrush - Soft,Georganics,,1x1,1.95,20%,,3.34
861414,Bamboo Toothpaste Spatula,Georganics,,1x1,0.50,20%,,0.86
861480,Aloe Tea Tree - Fennel - Fluoride Free,Kingfisher,,12x100ml,29.20,20%,24.33/l,3.89
861484,Charcoal Whitening - Fluoride Free,Kingfisher,,12x100ml,29.20,20%,24.33/l,3.89
861486,Aloe Tea Tree - Mint - Fluoride Free,Kingfisher,,12x100ml,29.20,20%,24.33/l,3.89
861488,Children's Strawberry Toothpaste - Fluoride Free,Kingfisher,,12x100ml,29.20,20%,24.33/l,3.89
861490,Fluoride Free Baking Soda Mint,Kingfisher,,12x100ml,29.20,20%,24.33/l,3.89
861506,Mint with fluoride,Kingfisher,,12x100ml,29.20,20%,24.33/l,3.89
861517,Fennel with fluoride,Kingfisher,,12x100ml,29.20,20%,24.33/l,3.89
861528,Fluoride Free Fennel,Kingfisher,,12x100ml,29.20,20%,24.33/l,3.89
861529,Fluoride Free Mint,Kingfisher,,12x100ml,29.20,20%,24.33/l,3.89
861542,Activated Charcoal Detox Soap Bar,Alter-Native by Suma,,6x95g,11.20,20%,19.65/kg,2.99
861544,Coffee & Cedarwood Shaving Soap Bar,Alter-Native by Suma,,6x95g,10.95,20%,19.21/kg,2.92
861549,Assorted Toothbrushes,Jack N'Jill,,1x8pack,13.10,20%,,20.96
861550,Banana Toothpaste,Jack N'Jill,,6x50g,13.55,20%,45.17/kg,3.61
861551,Berries & Cream Toothpaste,Jack N'Jill,,6x50g,13.55,20%,45.17/kg,3.61
861552,Bubblegum Toothpaste,Jack N'Jill,,6x50g,13.55,20%,45.17/kg,3.61
861553,Flavour Free Toothpaste,Jack N'Jill,,6x50g,13.55,20%,45.17/kg,3.61
861554,Milkshake Toothpaste,Jack N'Jill,,6x50g,13.55,20%,45.17/kg,3.61
861555,Blackcurrant Toothpaste,Jack N'Jill,,6x50g,13.55,20%,45.17/kg,3.61
861560,Blueberry Toothpaste,Jack N'Jill,,6x50g,13.55,20%,45.17/kg,3.61
861565,Raspberry Toothpaste,Jack N'Jill,,6x50g,13.55,20%,45.17/kg,3.61
861570,Strawberry Toothpaste,Jack N'Jill,,6x50g,13.55,20%,45.17/kg,3.61
861705,Natural Toothpaste,Sarakan,,6x50ml,13.50,20%,45.00/l,3.6
861710,Mouthfresh Rinse,Sarakan,,6x300ml,18.25,20%,10.14/l,4.87
861725,Aloe Mouthwash Citrus,Organii,organic,6x500ml,23.15,20%,7.72/l,6.95
861730,Charcoal Orange & Fennel Toothpaste,Truthpaste,,6x100ml,43.35,20%,72.25/l,12.9
861731,Strong Mint Probiotic Mouthwash - fluoride free,Truthpaste,,6x300ml,48.45,20%,26.92/l,13
861732,Charcoal Peppermint & Spearmint Toothpaste,Truthpaste,,6x100ml,43.35,20%,72.25/l,12.9
861733,Fluoride Strong Mint Probiotic Mouthwash,Truthpaste,,6x300ml,48.45,20%,26.92/l,13
861734,Fennel Toothpaste,Truthpaste,,6x100ml,43.35,20%,72.25/l,12.9
861735,Hydroxyapatite Peppermint Toothpaste,Truthpaste,,6x100ml,46.70,20%,77.83/l,13.9
861736,Kids Mild Mint Toothpaste,Truthpaste,,6x100ml,43.35,20%,72.25/l,12.9
861737,Hydroxyapatite Citrus Botanical Toothpaste,Truthpaste,,6x100ml,46.70,20%,77.83/l,13.34
861739,Peppermint & Wintergreen Toothpaste,Truthpaste,,6x100ml,43.35,20%,72.25/l,12.9
861741,Enamel Repair Mask - hydroxyapatite remineralising powder,Truthpaste,,6x30g,67.20,20%,373.33/kg,17.92
862098,Bio9 Strong Mint - Sensitive Toothpaste,Urtekram,organic,6x75ml,13.95,20%,31.00/l,3.99
862103,Aloe Vera Toothpaste,Urtekram,organic,6x75ml,13.95,20%,31.00/l,3.99
862104,Charcoal Toothpaste - Whitening,Urtekram,organic,6x75ml,13.95,20%,31.00/l,3.99
862107,Children's Tutti Frutti Toothpaste,Urtekram,organic,6x75ml,13.95,20%,31.00/l,3.99
862110,Eucalyptus Toothpaste,Urtekram,organic,6x75ml,13.95,20%,31.00/l,3.99
862120,Mint with Green Tea Toothpaste,Urtekram,organic,6x75ml,13.95,20%,31.00/l,3.99
862130,Tea Tree Toothpaste,Urtekram,organic,6x75ml,13.95,20%,31.00/l,3.99
862135,Mint & Fluoride Toothpaste,Urtekram,organic,6x75ml,13.95,20%,31.00/l,3.99
862551,Soft Toothbrush,Yaweco,,6x1pack,14.15,20%,,4.24
862554,Medium Toothbrush,Yaweco,,6x1pack,14.15,20%,,4.24
862557,Soft Refill Heads - nylon,Yaweco,,6x4pack,26.50,20%,,7.95
862569,Medium Refill Heads - nylon,Yaweco,,6x4pack,26.50,20%,,7.95
864189,Children's Strawberry Toothpaste with Fluoride,Kingfisher,,12x100ml,29.20,20%,24.33/l,3.89
865096,Bio9 Fresh Mint - Whitening Toothpaste,Urtekram,organic,6x75ml,13.95,20%,31.00/l,3.99
878010,Bergamot,Absolute Aromas,organic,1x10ml,6.40,20%,640.00/l,11.46
878015,Cedarwood,Absolute Aromas,organic,1x10ml,3.15,20%,315.00/l,5.64
878020,Chamomile Roman,Absolute Aromas,organic,1x2ml,9.90,20%,4950.00/l,17.73
878025,Clary Sage,Absolute Aromas,organic,1x5ml,5.80,20%,1160.00/l,10.39
878030,Globulus Eucalyptus,Absolute Aromas,organic,1x10ml,2.85,20%,285.00/l,5.1
878035,Radiata Eucalyptus,Absolute Aromas,organic,1x10ml,4.05,20%,405.00/l,7.25
878040,Geranium,Absolute Aromas,organic,1x10ml,6.95,20%,695.00/l,12.45
878045,Grapefruit,Absolute Aromas,organic,1x10ml,5.35,20%,535.00/l,9.58
878050,Juniperberry,Absolute Aromas,organic,1x5ml,5.00,20%,1000.00/l,8.96
878055,Lavender (High Altitude),Absolute Aromas,organic,1x10ml,6.05,20%,605.00/l,10.85
878060,Lavender (High Altitude) Display Pack,Absolute Aromas,organic,12x10ml,73.00,20%,608.33/l,10.9
878065,Lemon,Absolute Aromas,organic,1x10ml,3.50,20%,350.00/l,6.27
878070,Lemongrass,Absolute Aromas,organic,1x10ml,3.50,20%,350.00/l,6.27
878075,Mandarin,Absolute Aromas,organic,1x10ml,4.65,20%,465.00/l,8.33
878080,Orange,Absolute Aromas,organic,1x10ml,2.75,20%,275.00/l,4.93
878085,Patchouli,Absolute Aromas,organic,1x10ml,4.65,20%,465.00/l,8.33
878090,Peppermint,Absolute Aromas,organic,1x10ml,4.05,20%,405.00/l,7.25
878095,Rosemary,Absolute Aromas,organic,1x10ml,3.50,20%,350.00/l,6.27
878097,Rose Otto  (3% Dilution),Absolute Aromas,organic,1x10ml,8.90,20%,890.00/l,15.94
878105,Tea Tree,Absolute Aromas,organic,1x10ml,3.60,20%,360.00/l,6.47
878110,Tea Tree Display Pack,Absolute Aromas,organic,12x10ml,43.30,20%,360.83/l,6.46
878115,Complete Ylang Ylang,Absolute Aromas,organic,1x10ml,5.55,20%,555.00/l,9.94
878150,Almond Sweet,Absolute Aromas,organic,1x100ml,5.80,20%,58.00/l,10.39
878152,Apricot Kernel,Absolute Aromas,organic,1x100ml,5.65,20%,56.50/l,10.16
878153,Castor Oil,Absolute Aromas,organic,1x100ml,2.90,20%,29.00/l,5.22
878155,Jojoba,Absolute Aromas,organic,1x100ml,10.80,20%,108.00/l,19.34
878165,Sunflower,Absolute Aromas,organic,1x100ml,3.00,20%,30.00/l,5.37
880505,Basil Sweet,Aqua Oleum,,3x10ml,13.45,20%,448.33/l,8.95
880507,Benzoin,Aqua Oleum,,3x10ml,15.00,20%,500.00/l,9.98
880510,Bergamot,Aqua Oleum,,3x10ml,12.00,20%,400.00/l,7.99
880515,Black Pepper,Aqua Oleum,,3x10ml,13.45,20%,448.33/l,8.95
880520,Chamomile Blue (5% Dilution),Aqua Oleum,,3x10ml,10.50,20%,350.00/l,6.99
880523,Camphor,Aqua Oleum,,3x10ml,9.00,20%,300.00/l,5.99
880525,Cedarwood,Aqua Oleum,,3x10ml,10.50,20%,350.00/l,6.99
880527,Chamomile Roman,Aqua Oleum,,3x10ml,40.50,20%,1350.00/l,26.99
880530,Citronella,Aqua Oleum,,3x10ml,9.00,20%,300.00/l,5.99
880535,Clary Sage,Aqua Oleum,,3x10ml,16.50,20%,550.00/l,10.99
880537,Clove Bud,Aqua Oleum,,3x10ml,9.00,20%,300.00/l,5.99
880540,Cypress,Aqua Oleum,,3x10ml,10.50,20%,350.00/l,6.99
880545,Eucalyptus Globulus,Aqua Oleum,,3x10ml,7.50,20%,250.00/l,4.99
880550,Geranium,Aqua Oleum,,3x10ml,13.45,20%,448.33/l,8.96
880555,Fennel Sweet,Aqua Oleum,,3x10ml,10.50,20%,350.00/l,6.99
880560,Frankincense,Aqua Oleum,,3x10ml,24.00,20%,800.00/l,15.99
880561,Ginger,Aqua Oleum,,3x10ml,12.00,20%,400.00/l,7.99
880562,Grapefruit,Aqua Oleum,,3x10ml,10.50,20%,350.00/l,6.99
880565,Jasmine (5% Dilution),Aqua Oleum,,3x10ml,18.00,20%,600.00/l,11.99
880570,Juniper Needle,Aqua Oleum,,3x10ml,15.00,20%,500.00/l,9.98
880575,Lavender Oil,Aqua Oleum,,3x10ml,10.50,20%,350.00/l,6.99
880577,100ml Lavender Oil,Aqua Oleum,,1x100ml,22.50,20%,225.00/l,45
880578,Lavender Oil Merchandiser,Aqua Oleum,,18x10ml,60.75,20%,337.50/l,6.75
880580,Lemon,Aqua Oleum,,3x10ml,9.00,20%,300.00/l,5.99
880583,Mandarin,Aqua Oleum,,3x10ml,12.00,20%,400.00/l,7.99
880585,Marjoram Sweet,Aqua Oleum,,3x10ml,12.00,20%,400.00/l,7.99
880587,Myrrh,Aqua Oleum,,3x10ml,37.50,20%,1250.00/l,24.99
880590,Neroli  (5% Dilution),Aqua Oleum,,3x10ml,18.00,20%,600.00/l,11.99
880595,Orange,Aqua Oleum,,3x10ml,6.00,20%,200.00/l,3.99
880597,Palmarosa,Aqua Oleum,,3x10ml,10.50,20%,350.00/l,6.99
880600,Patchouli,Aqua Oleum,,3x10ml,13.50,20%,450.00/l,8.99
880605,Peppermint,Aqua Oleum,,3x10ml,10.50,20%,350.00/l,6.99
880608,Petitgrain,Aqua Oleum,,3x10ml,12.00,20%,400.00/l,7.99
880610,Pine Needle,Aqua Oleum,,3x10ml,9.00,20%,300.00/l,5.99
880615,Rose Maroc  (5% Dilution),Aqua Oleum,,3x10ml,13.45,20%,448.33/l,8.95
880620,Rosemary,Aqua Oleum,,3x10ml,10.50,20%,350.00/l,6.99
880622,Brighten: revive & uplift blend,Aqua Oleum,,3x10ml,15.00,20%,500.00/l,9.99
880623,Deep Sleep: restful night blend,Aqua Oleum,,3x10ml,19.50,20%,650.00/l,12.99
880624,Defence: prevent & protect blend,Aqua Oleum,,3x10ml,16.50,20%,550.00/l,10.99
880625,Sandalwood  (5% Dilution),Aqua Oleum,,3x10ml,13.45,20%,448.33/l,8.95
880626,Mountain Air: fresh & purifying blend,Aqua Oleum,,3x10ml,16.50,20%,550.00/l,10.99
880627,Clear Head: breathe easy blend,Aqua Oleum,,3x10ml,18.00,20%,600.00/l,11.99
880628,Spanish Sage,Aqua Oleum,,3x10ml,15.00,20%,500.00/l,9.98
880630,Tea Tree,Aqua Oleum,,3x10ml,9.00,20%,300.00/l,5.99
880631,Sacred Space:meditation aid blend,Aqua Oleum,,3x10ml,16.50,20%,550.00/l,10.99
880632,100ml Tea Tree,Aqua Oleum,,1x100ml,18.75,20%,187.50/l,37.5
880633,Tea Tree Oil Merchandiser - 10ml,Aqua Oleum,,18x10ml,52.00,20%,288.89/l,5.77
880635,Thyme White,Aqua Oleum,,3x10ml,10.50,20%,350.00/l,6.99
880636,Serenity: stress-relief blend,Aqua Oleum,,3x10ml,19.50,20%,650.00/l,12.99
880637,Aches & Pains: muscle ease & remedial body oil,Aqua Oleum,,1x100ml,7.50,20%,75.00/l,14.99
880638,After Dark: sensual body oil,Aqua Oleum,,1x100ml,8.00,20%,80.00/l,15.99
880639,Natural Detox: purifying & cleansing body oil,Aqua Oleum,,1x100ml,7.50,20%,75.00/l,14.99
880640,Ylang Ylang 1,Aqua Oleum,,3x10ml,19.50,20%,650.00/l,12.99
880641,Cold Pressed Apricot Kernel Oil,Aqua Oleum,,6x100ml,20.95,20%,34.92/l,6.98
880643,Cold Pressed Jojoba Oil,Aqua Oleum,,6x100ml,44.95,20%,74.92/l,14.97
880645,Cold Pressed Sweet Almond Oil,Aqua Oleum,,6x100ml,17.95,20%,29.92/l,5.97
880646,Tranquility: relaxing & calming body oil,Aqua Oleum,,1x100ml,7.50,20%,75.00/l,14.99
880648,Wild Rose: regenerative body oil,Aqua Oleum,,1x100ml,8.00,20%,80.00/l,15.99
880650,Cold Pressed Wheatgerm Oil,Aqua Oleum,,6x100ml,23.95,20%,39.92/l,7.98
880950,Lavender Water,Aqua Oleum,,6x100ml,29.95,20%,49.92/l,9.98
880965,Rose Water - Maroc,Aqua Oleum,,6x100ml,38.95,20%,64.92/l,12.97
880970,Witch Hazel Water,Aqua Oleum,,6x100ml,38.95,20%,64.92/l,12.97
880990,Cinnamon and Spice Incense Sticks,Greater Goods,,6x12stick,7.85,20%,,2.28
880992,Frankincense Incense Sticks,Greater Goods,,6x12stick,7.85,20%,,2.28
880994,Jasmine Incense Sticks,Greater Goods,,6x12stick,7.85,20%,,2.28
880996,Lotus Incense Sticks,Greater Goods,,6x12stick,7.85,20%,,2.28
880998,Musk Incense Sticks,Greater Goods,,6x12stick,7.85,20%,,2.28
881001,Opium Incense Sticks,Greater Goods,,6x12stick,7.85,20%,,2.28
881002,Orange Blossom Incense Sticks,Greater Goods,,6x12stick,7.85,20%,,2.28
881004,Patchouli Incense Sticks,Greater Goods,,6x12stick,7.85,20%,,2.28
881006,Vanilla Incense Sticks,Greater Goods,,6x12stick,7.85,20%,,2.28
881007,Sandalwood Incense Sticks,Greater Goods,,6x12stick,7.85,20%,,2.28
881213,FSC Teak Wood Gondola Incense Holder,Greater Goods,,1x1pack,3.15,20%,,5.48
881216,Amrita Incense Sticks,Greater Goods,,5x20stick,10.90,20%,,3.79
881218,Ganesh Incense Sticks,Greater Goods,,5x20stick,10.90,20%,,3.79
881219,Oudh Incense Sticks,Greater Goods,,5x20stick,10.90,20%,,3.79
881220,Om Incense Sticks,Greater Goods,,5x20stick,10.90,20%,,3.79
881222,Prem Incense Sticks,Greater Goods,,5x20stick,10.90,20%,,3.79
881224,Shanti Incense Sticks,Greater Goods,,5x20stick,10.90,20%,,3.79
881226,Yoga Incense Sticks,Greater Goods,,5x20stick,10.90,20%,,3.79
881235,Peppermint Toothpaste,Dr. Bronner,organic,12x105ml,66.40,20%,52.70/l,9.49
881236,Spearmint Toothpaste,Dr. Bronner,organic,12x105ml,66.40,20%,52.70/l,9.49
881245,Eco Floss biodegradable dental floss card dispenser,ecoLiving,,6x50m,14.30,20%,,3.92
881246,Eco Floss refill biodegradable dental floss,ecoLiving,,16x2x50m,47.55,20%,,4.88
881249,Prebiotic & Probiotic - Fluoride-free Hydroxyapatite Toothpaste - tube,Georganics,,1x75ml,3.95,20%,52.67/l,6.77
881253,Fluoride-free Hydroxyapatite Toothpaste - Fennel - Mint Free - tube,Georganics,,1x75ml,2.25,20%,30.00/l,3.86
881254,Lemon Bio-White Tooth Powder - glass,Food Alive,,12x35g,45.00,20%,107.14/kg,5.99
881256,Peppermint Bio-White Tooth Powder - glass,Food Alive,,12x35g,45.00,20%,107.14/kg,5.99
881257,GeoKids Fluoride-free Hydroxyapatite Toothpaste - Strawberry - tube,Georganics,,1x75ml,2.25,20%,30.00/l,3.86
881258,Lemon Bio-White Tooth Powder - refill,Food Alive,,10x35g,24.65,20%,70.43/kg,3.95
881259,Peppermint Bio-White Tooth Powder refill,Food Alive,,10x35g,24.65,20%,70.43/kg,3.95
881260,Activated Charcoal - Coconut Oil Toothpaste - jar,Georganics,,1x60ml,3.45,20%,57.50/l,5.91
881264,Activated Charcoal - Oil Pulling Mouthwash - jar,Georganics,,1x100ml,3.95,20%,39.50/l,6.77
881282,English Peppermint - Coconut Oil Toothpaste - jar,Georganics,,1x60ml,3.45,20%,57.50/l,5.91
881285,Fluoride Toothpaste - Sweet Orange - jar,Georganics,,1x60ml,3.45,20%,57.50/l,5.91
881287,GeoKids Fluoride Toothpaste - Strawberry - jar,Georganics,,1x60ml,3.45,20%,57.50/l,5.91
881288,English Peppermint - Bicarbonate Toothpowder - jar,Georganics,,1x60ml,3.45,20%,57.50/l,5.91
881290,Festive Blend - winter warmth,Aqua Oleum,,3x10ml,18.00,20%,600.00/l,11.99
881291,English Peppermint - Bicarbonate Mouthwash Tablets - jar,Georganics,,1x180tabs,4.95,20%,,8.49
881292,English Peppermint - Bicarbonate Tooth Tablets - jar,Georganics,,1x120tabs,4.95,20%,,8.49
881293,Fluoride Toothpaste - Fresh Mint - tube,Georganics,,1x75ml,2.25,20%,30.00/l,3.86
881300,GeoKids Fluoride Toothpaste - Strawberry - tube,Georganics,,1x75ml,2.25,20%,30.00/l,3.86
881301,Organic Bergamot Oil,Aqua Oleum,organic,3x10ml,22.50,20%,750.00/l,14.99
881302,Organic Citronella Oil,Aqua Oleum,organic,3x10ml,10.50,20%,350.00/l,6.99
881303,Organic Clary Sage Oil,Aqua Oleum,organic,3x10ml,21.00,20%,700.00/l,13.99
881304,Organic Clove Bud Oil,Aqua Oleum,organic,3x10ml,16.50,20%,550.00/l,10.99
881305,Organic Eucalyptus Oil,Aqua Oleum,organic,3x10ml,9.00,20%,300.00/l,5.99
881306,Organic Frankincense Oil,Aqua Oleum,organic,3x10ml,30.00,20%,1000.00/l,19.99
881307,Organic Geranium Oil,Aqua Oleum,organic,3x10ml,21.00,20%,700.00/l,13.99
881308,Organic Ginger Oil,Aqua Oleum,organic,3x10ml,21.00,20%,700.00/l,13.99
881309,Organic Grapefruit Oil,Aqua Oleum,organic,3x10ml,19.50,20%,650.00/l,12.99
881310,Organic Lavender Oil,Aqua Oleum,organic,3x10ml,13.45,20%,448.33/l,8.96
881311,Organic Juniper Needle Oil,Aqua Oleum,organic,3x10ml,16.50,20%,550.00/l,10.99
881312,Organic Lavender Oil Merchandiser,Aqua Oleum,organic,18x10ml,78.00,20%,433.33/l,8.67
881313,Beechwood Tonguebrush,Georganics,,1x1,2.45,20%,,4.2
881315,Organic Lemon Oil,Aqua Oleum,organic,3x10ml,12.00,20%,400.00/l,7.99
881316,Organic Lemongrass Oil,Aqua Oleum,organic,3x10ml,10.50,20%,350.00/l,6.99
881317,Organic Orange Oil,Aqua Oleum,organic,3x10ml,9.00,20%,300.00/l,5.99
881318,Organic Patchouli Oil,Aqua Oleum,organic,3x10ml,24.00,20%,800.00/l,15.99
881319,Organic Peppermint Oil,Aqua Oleum,organic,3x10ml,12.00,20%,400.00/l,7.99
881320,Organic Rosemary Oil,Aqua Oleum,organic,3x10ml,12.00,20%,400.00/l,7.99
881322,Organic Tea Tree Oil,Aqua Oleum,organic,3x10ml,10.50,20%,350.00/l,6.99
881323,Organic White Thyme Oil,Aqua Oleum,organic,3x10ml,26.95,20%,898.33/l,17.95
881325,Organic Ylang Ylang Oil,Aqua Oleum,organic,3x10ml,21.00,20%,700.00/l,13.99
881374,Cold Pressed Sweet Almond Oil,Aqua Oleum,organic,6x100ml,35.95,20%,59.92/l,11.97
881446,Charcoal Toothpaste - fluoride-free,Aloe Dent,,6x100ml,15.65,20%,26.08/l,4.67
881448,Coconut Toothpaste - fluoride-free,Aloe Dent,,6x100ml,15.65,20%,26.08/l,4.67
881450,Sensitive Toothpaste - fluoride-free,Aloe Dent,,6x100ml,15.65,20%,26.08/l,4.67
881451,Triple Action Toothpaste - fluoride-free,Aloe Dent,,6x100ml,15.65,20%,26.08/l,4.67
881452,Whitening Toothpaste - fluoride-free,Aloe Dent,,6x100ml,15.65,20%,26.08/l,4.67
881454,Mouthwash - fluoride-free,Aloe Dent,,6x500ml,25.60,20%,8.53/l,6.83
881455,Mouthwash - fluoride-free,Aloe Dent,,6x250ml,15.65,20%,10.43/l,4.67
881456,Probiotic Mouthwash - fluoride-free,Aloe Dent,,6x250ml,20.40,20%,13.60/l,5.99
881457,Children's Toothpaste (strawberry) - fluoride-free,Aloe Dent,,6x50ml,14.25,20%,47.50/l,4.25
881465,Fluoride Sensitive Toothpaste,Aloe Dent,,6x100ml,17.10,20%,28.50/l,5.1
881467,Fluoride Whitening Toothpaste,Aloe Dent,,6x100ml,17.10,20%,28.50/l,5.1
881471,Black Toothpaste Fluoride - tube,Ben & Anna,,1x75ml,3.30,20%,44.00/l,5.65
881472,Cinnamon Orange Toothpaste Fluoride - tube,Ben & Anna,,1x75ml,3.30,20%,44.00/l,5.65
881473,Coco Mania Toothpaste Fluoride - tube,Ben & Anna,,1x75ml,3.30,20%,44.00/l,5.65
881474,Spearmint Toothpaste Fluoride - tube,Ben & Anna,,1x75ml,3.30,20%,44.00/l,5.65
881475,White Toothpaste Fluoride - tube,Ben & Anna,,1x75ml,3.30,20%,44.00/l,5.65
881476,Wildberry Toothpaste Fluoride - tube,Ben & Anna,,1x75ml,3.30,20%,44.00/l,5.65
881480,Black Natural Toothpaste - with activated charcoal,Ben & Anna,,1x100ml,4.95,20%,49.50/l,8.51
881484,Sensitive Natural Toothpaste,Ben & Anna,,1x100ml,4.95,20%,49.50/l,8.51
881488,White with Fluoride Toothpaste,Ben & Anna,,1x100ml,4.95,20%,49.50/l,8.51
881490,White Natural Toothpaste,Ben & Anna,,1x100ml,4.95,20%,49.50/l,8.51
881500,Kids' Orange Corn Floss -  plant wax - 50m,Georganics,,1x50m,2.45,20%,,4.2
881502,Refill Kids' Orange Corn Floss -  plant wax - 100m,Georganics,,1x2x50m,3.45,20%,,5.91
881504,Spearmint Corn Floss - minty plant wax - 50m,Georganics,,1x50m,2.45,20%,,4.2
881923,Fluoride Toothpaste - Activated Charcoal - tube,Georganics,,1x75ml,2.25,20%,30.00/l,3.86
890905,Frankincense & Myrrh,Hambleden,,6x2x20g,24.90,20%,103.75/kg,7.18
890953,Citronella 20cl Aromapot Candle - single,Heaven Scent,,1x1pack,6.05,20%,,10.39
890954,Cedarwood & Amyris 20cl Aromapot Candle - single,Heaven Scent,,1x1pack,6.50,20%,,11.19
890955,Juniper & Pine 20cl Aromapot Candle - single,Heaven Scent,,1x1pack,6.05,20%,,10.39
890957,Lavender 20cl Aromapot Candle - single,Heaven Scent,,1x1pack,6.05,20%,,10.39
890958,Lemongrass 20cl Aromapot Candle - single,Heaven Scent,,1x1pack,5.90,20%,,10.13
890960,Mandarin 20cl Aromapot Candle - single,Heaven Scent,,1x1pack,6.05,20%,,10.39
890965,Orange & Clove 20cl Aromapot Candle - single,Heaven Scent,,1x1pack,6.20,20%,,10.64
890968,Patchouli 20cl Aromapot Candle - single,Heaven Scent,,1x1pack,6.05,20%,,10.39
890971,Rosemary & Thyme 20cl Aromapot Candle - single,Heaven Scent,,1x1pack,6.20,20%,,10.64
890977,Tea Tree & Geranium 20cl Aromapot Candle - single,Heaven Scent,,1x1pack,6.20,20%,,10.64
890980,Ylang Ylang 20cl Aromapot Candle - single,Heaven Scent,,1x1pack,6.00,20%,,10.3
890982,Atlantic Fresh 20cl Aromapot Candle - single,Heaven Scent,,1x1pack,6.00,20%,,10.3
890984,Bluebell 20cl Aromapot Candle - single,Heaven Scent,,1x1pack,6.00,20%,,10.3
890986,Buttercup Meadows 20cl Aromapot Candle - single,Heaven Scent,,1x1pack,5.80,20%,,9.96
890988,Fireside Embers 20cl Aromapot Candle - single,Heaven Scent,,1x1pack,6.50,20%,,11.16
890990,Citronella Incense Sticks,incognito,,1x10pack,3.35,20%,,5.73
890995,Java Citronella Essential Oil,incognito,organic,1x10ml,4.50,20%,450.00/l,7.68
891005,Birthday Candles 60mm x 8mm,Nutley Hall,,1x12,3.75,20%,,5.99
891007,Chunky Candles 140mm x 30mm,Nutley Hall,,1xpack,7.85,20%,,12.61
891010,Christmas Candles 120mm x 14mm,Nutley Hall,,1x12,8.65,20%,,13.84
891015,Normal Candles 160mm x 20mm,Nutley Hall,,1xpack,4.75,20%,,7.64
891020,Stubby Candles 55mm x 30mm,Nutley Hall,,1xsingle,2.85,20%,,4.56
891025,Big Candles 250mm x 20mm,Nutley Hall,,1xpack,7.25,20%,,11.65
891034,Waft of Geranium Air Freshener Spray,Waft,,6x100ml,20.65,20%,34.42/l,5.51
891036,Waft of Lavender Air Freshener Spray,Waft,,6x100ml,20.65,20%,34.42/l,5.51
891038,Waft of Lemongrass Air Freshener Spray,Waft,,6x100ml,20.65,20%,34.42/l,5.51
891039,Waft of Orange Air Freshener Spray,Waft,,6x100ml,20.65,20%,34.42/l,5.51
891042,Waft of Rose Air Freshener Spray,Waft,,6x100ml,20.65,20%,34.42/l,5.51
891305,Cedarwood & Amyris Votive 9cl Candle,Heaven Scent,,6x1pack,18.20,20%,,5.21
891310,Lavender Votive 9cl Candle,Heaven Scent,,6x1pack,17.20,20%,,4.91
891312,Lemongrass Votive 9cl Candle,Heaven Scent,,6x1pack,17.00,20%,,4.86
891315,Orange & Clove Votive 9cl Candle,Heaven Scent,,6x1pack,16.00,20%,,4.57
891325,Ylang Ylang Votive 9cl Candle,Heaven Scent,,6x1pack,17.15,20%,,4.9
891355,"Gold, Frankincense & Myrrh Votive 9cl Candle",Heaven Scent,,6x1pack,17.90,20%,,5.12
891356,Inspiration Votive 9cl Candle,Heaven Scent,,6x1pack,17.30,20%,,4.94
891358,Love & Peace Votive 9cl Candle,Heaven Scent,,6x1pack,17.05,20%,,4.87
891359,Meditation Votive 9cl Candle,Heaven Scent,,6x1pack,17.05,20%,,4.87
891370,Vanilla Votive 9cl Candle,Heaven Scent,,6x1pack,17.30,20%,,4.94
891405,Tealights 24p - unscented,Heaven Scent,,1x24pack,3.30,20%,,5.65
891434,Citrus Lemongrass Tonic - Reed Diffusers,Heaven Scent,,3x50ml,17.85,20%,119.00/l,10.21
891436,Lavender - Reed Diffusers,Heaven Scent,,3x50ml,18.00,20%,120.00/l,10.3
891438,Orange Clove Cinnamon - Reed Diffusers,Heaven Scent,,3x50ml,18.45,20%,123.00/l,10.56
891439,Spare Reeds,Heaven Scent,,10x10reeds,4.15,20%,,0.7
891440,Citrus Lemongrass Tonic - refill,Heaven Scent,,6x100ml,38.30,20%,63.83/l,10.93
891442,Lavender - refill,Heaven Scent,,6x100ml,38.70,20%,64.50/l,11.04
891446,Orange Clove Cinnamon - refill,Heaven Scent,,6x100ml,38.20,20%,63.67/l,10.9
900490,Mooncup size A - larger,Mooncup,,1x1pack,14.75,0%,,22.4
900492,Mooncup size B - smaller,Mooncup,,1x1pack,14.75,0%,,22.4
900505,Regular Tampons,Natracare,organic,12x20,27.30,0%,,3.19
900506,Regular Tampons,Natracare,organic,20x10,25.50,0%,,1.79
900507,Regular Applicator Tampons,Natracare,organic,12x16,30.75,0%,,3.59
900508,Wrapped Normal Panty Liners,Natracare,,10x18,14.60,0%,,2.09
900509,Mini Panty Liners,Natracare,,10x30,14.15,0%,,2.09
900510,Super Tampons,Natracare,organic,12x20,28.15,0%,,3.29
900511,Cotton Panty Liners - Ultra Thin,Natracare,,16x22,27.85,0%,,2.49
900512,Super Tampons,Natracare,organic,20x10,26.95,0%,,1.89
900513,Super Applicator Tampons,Natracare,organic,12x16,32.45,0%,,3.79
900514,Super-PLUS Tampons,Natracare,organic,12x20,30.75,0%,,3.59
900515,Wrapped Long Panty Liners,Natracare,,10x16,14.60,0%,,2.09
900516,Curved Panty Liners,Natracare,,16x30,22.60,0%,,2.09
900517,Night Time Maxi Pads,Natracare,,12x10,25.65,0%,,3.19
900518,Tanga-style Panty Liners,Natracare,,16x30,22.60,0%,,2.09
900525,Regular Maxi Pads,Natracare,,12x14,20.80,0%,,2.59
900530,Super Maxi Pads,Natracare,,12x12,20.80,0%,,2.59
900535,Regular Ultra Pads with Wings,Natracare,,12x14,22.60,0%,,2.69
900537,Super Ultra Pads with Wings,Natracare,,12x12,22.60,0%,,2.69
900538,Ultra Pads with Wings - Long,Natracare,,12x10,22.60,0%,,2.69
900539,Ultra Pads Super Plus,Natracare,,12x12,22.60,0%,,2.69
900540,Intimate Wipes Sachet,Natracare,organic,24x12pack,34.70,20%,,2.59
900541,Safe To Flush Moist Tissues,Natracare,,16x30pack,21.35,20%,,2.29
900542,Ultra Extra Pads - Normal,Natracare,,12x12,22.60,0%,,2.69
900545,Ultra Extra Pads - Super,Natracare,,12x10,22.60,0%,,2.69
900548,Ultra Extra Pads - Long,Natracare,,12x8,22.60,0%,,2.69
900570,Dry & Light Slim Incontinence Pads,Natracare,,6x20,17.55,0%,,4.18
900572,Dry & Light Plus Incontinence Pads,Natracare,,6x16,20.10,0%,,4.79
900580,Maternity Pads,Natracare,,10x10,21.60,0%,,3.09
900582,Nursing Pads,Natracare,,12x26,24.40,20%,,3.49
910705,Soft & Strong Toilet Tissue,Essential,,10x4roll,18.10,20%,,2.9
910715,Biodegradable Food Waste Bag 12L,Food Alive,,24x30bags,47.65,20%,,3.18
910995,EcoLeaf Toilet Tissue,Suma,,5x9roll,21.45,20%,,6.86
910998,Bulk EcoLeaf Toilet Tissue,Suma,,6x12roll,32.40,20%,,8.64
911006,EcoLeaf Toilet Tissue,Suma,,12x4roll,19.40,20%,,2.59
911011,EcoLeaf Kitchen Towels,Ecoleaf,,10x2roll,23.95,20%,,3.83
911015,Jumbo Ecoleaf Kitchen Towels,Suma,,12x1roll,19.20,20%,,2.56
912005,Black Bin Liners - 50% recycled,Suma,,12x8bags,13.50,20%,,1.8
912010,Black Bin Liners - 50% recycled,Suma,,1x200bags,26.35,20%,,42.16
912030,Black Dustbin Liners - 100% degradable plastic,d2w,,24x10bags,30.45,20%,,2.03
912069,Bottle Brush - for narrow necks,ecoLiving,,1x1pack,3.10,20%,,5.09
912070,Bamboo Charcoal Water Filters,ecoLiving,,5x4pack,19.90,20%,,6.54
912080,Compostable Sponge Cloths - Rainbow 4 pack,ecoLiving,,18x4pack,56.10,20%,,5.12
912082,Compostable Sponge Cloths - Wildlife Rescue 2 pack,ecoLiving,,14x2pack,28.90,20%,,3.39
912084,Dust Pan & Brush with magnets - 33x22x7.5cm,ecoLiving,,1x1pack,11.45,20%,,18.84
912085,Kraft Paper Food Waste Caddy Liners - 10l,ecoLiving,,1x25bag,4.65,20%,,7.44
912086,Reusable Silicone Baking Liner - 30x40cm,ecoLiving,,1x1pack,7.40,20%,,12.16
912087,Reusable Vegan Food Wraps,ecoLiving,,1x3pack,7.75,20%,,12.73
912088,Rubber Gloves - natural latex - small,ecoLiving,,14x1pack,23.85,20%,,2.8
912090,Rubber Gloves - natural latex - medium,ecoLiving,,14x1pack,23.85,20%,,2.8
912092,Rubber Gloves - natural latex - large,ecoLiving,,14x1pack,23.85,20%,,2.8
912094,Rubber Gloves - natural latex - extra large,ecoLiving,,14x1pack,23.85,20%,,2.8
912422,Two Vanilla Pods in glass tube,Vaynilla,,10x1pack,38.00,0%,,5.07
950600,Do/Sourdough/Slow bread for busy lives - book,Bread Matters,,1x1book,7.45,0%,,9.99
950602,Essential Oils For Home Use Chart,Liz Cook Charts,,1x1,3.85,20%,,6.16
950605,Mindfulness Meditation Chart,Liz Cook Charts,,1x1,3.85,20%,,6.16
950606,Natural Cleaning Solutions Chart,Liz Cook Charts,,1x1,3.85,20%,,6.16
950607,Natural First Aid Chart,Liz Cook Charts,,1x1,3.85,20%,,6.16
950610,Nutritional Chart,Liz Cook Charts,,1x1,3.85,20%,,6.16
950615,Woman's Healing Herb Chart,Liz Cook Charts,,1x1,3.85,20%,,6.16
950620,Rainbow Food Activity Chart,Liz Cook Charts,,1x1,3.85,20%,,6.16
950625,Yoga Chart - female yogi,Liz Cook Charts,,1x1,3.85,20%,,6.16
950626,Your Yoga Chart - male yogi,Liz Cook Charts,,1x1,3.85,20%,,6.16
950630,Seasonal Fruit & Veg Chart,Liz Cook Charts,,1x1,3.85,20%,,6.16
950632,Children's Colouring Plate,Liz Cook Charts,,1x1,3.85,20%,,6.16
970455,Brown Lined Heat Sealable Paper Bags - 90x60x252mm,Infinity Foods,,750,85.00,20%,,
970495,Brown Lined Heat Sealable Paper Bags - 90x65x230mm,Infinity Foods,,700,78.70,20%,,
970501,Paper Bags  - 90x50x190mm,Infinity Foods,,250,19.90,20%,,
970505,Paper Bags  - 150x215x310mm,Infinity Foods,,250,14.50,20%,,
970510,Paper Bags  - 175x290x345mm,Infinity Foods,,250,20.00,20%,,
971015,Bags 76x125x229mm (polyprop),Infinity Foods,,1000,28.10,20%,,
971020,Bags 90x150x295mm (polyprop),Infinity Foods,,1000,61.00,20%,,
971023,Bags 150x200x305mm (polyprop),Infinity Foods,,1000,64.00,20%,,
971024,Bags 175x190x345mm (polyprop),Infinity Foods,,1000,65.00,20%,,
973049,Cotton Cloths - 15x20cm,Simply Gentle,organic,12x50pack,20.90,20%,,2.91
973050,Cotton Wool Balls,Simply Gentle,organic,24x100pack,34.30,20%,,2.39
973055,Cotton Wool Buds,Simply Gentle,organic,24x200pack,34.30,20%,,2.39
973060,Cotton Wool Pads,Simply Gentle,organic,24x100pack,34.30,20%,,2.39
973065,Cotton Wool Pleats,Simply Gentle,organic,24x100gm,34.30,20%,,2.39
990203,Allspice Ground,Hambleden,organic,5x50g,14.95,0%,59.80/kg,3.99
990205,Basil,Hambleden,organic,5x13g,10.65,0%,163.85/kg,2.84
990210,Bay Leaf,Hambleden,organic,5x2g,10.65,0%,1065.00/kg,2.84
990220,Caraway Seed,Hambleden,organic,5x40g,12.80,0%,64.00/kg,3.41
990225,Cardamom Pods,Hambleden,organic,5x30g,14.95,0%,99.67/kg,3.99
990227,Cayenne - Ground,Hambleden,organic,5x45g,10.65,0%,47.33/kg,2.84
990230,Chilli Ground,Hambleden,organic,5x40g,14.95,0%,74.75/kg,3.99
990250,Cinnamon Ground,Hambleden,organic,5x35g,14.95,0%,85.43/kg,3.99
990255,Cinnamon Quills,Hambleden,organic,5x10g,10.65,0%,213.00/kg,2.84
990275,Coriander Seed,Hambleden,organic,5x25g,10.65,0%,85.20/kg,2.84
990280,Coriander Ground,Hambleden,organic,5x30g,10.65,0%,71.00/kg,2.84
990285,Cumin Seed,Hambleden,organic,5x40g,12.80,0%,64.00/kg,3.41
990290,Cumin Ground,Hambleden,organic,5x45g,12.80,0%,56.89/kg,3.41
990294,Curry Powder - Mild,Hambleden,organic,5x30g,12.80,0%,85.33/kg,3.41
990305,Fennel Seed,Hambleden,organic,5x35g,12.80,0%,73.14/kg,3.41
990315,Garam Masala,Hambleden,organic,5x40g,12.80,0%,64.00/kg,3.41
990320,Garlic Ground,Hambleden,organic,5x40g,10.65,0%,53.25/kg,2.84
990325,Ginger Ground,Hambleden,organic,5x30g,12.80,0%,85.33/kg,3.41
990330,Herbes de Provence,Hambleden,organic,5x15g,10.65,0%,142.00/kg,2.84
990340,Juniper Berry,Hambleden,organic,5x30g,12.80,0%,85.33/kg,3.41
990370,Mixed Herbs,Hambleden,organic,5x13g,10.65,0%,163.85/kg,2.84
990375,Mixed Spice,Hambleden,organic,5x45g,14.95,0%,66.44/kg,3.99
990400,Nutmeg - Whole,Hambleden,organic,5x40g,19.20,0%,96.00/kg,5.12
990402,Nutmeg - Ground,Hambleden,organic,5x50g,19.20,0%,76.80/kg,5.12
990410,Oregano,Hambleden,organic,5x13g,10.65,0%,163.85/kg,2.84
990415,Paprika Ground,Hambleden,organic,5x40g,14.95,0%,74.75/kg,3.99
990425,Peppercorns Black - in grinder,Hambleden,organic,5x40g,17.10,0%,85.50/kg,4.56
990445,Rosemary,Hambleden,organic,5x22g,10.65,0%,96.82/kg,2.84
990450,Sage,Hambleden,organic,5x12g,10.65,0%,177.50/kg,2.84
990460,Star Anise,Hambleden,organic,5x15g,12.80,0%,170.67/kg,3.41
990470,Thyme,Hambleden,organic,5x17g,10.65,0%,125.29/kg,2.84
990480,Turmeric Ground,Hambleden,organic,5x35g,12.80,0%,73.14/kg,3.41
991505,Sweet Paprika,El Avion,,10x75g,21.65,0%,28.87/kg,2.89
991507,Smoked Sweet Paprika,El Avion,,10x75g,24.80,0%,33.07/kg,3.31
991510,Smoked Hot Paprika,El Avion,,10x75g,24.80,0%,33.07/kg,3.31
991650,Turmeric - singles,Forest Whole Foods,organic,1x1kg,10.65,0%,10.65/kg,14.2
991655,Turmeric - 6p,Forest Whole Foods,organic,6x250g,29.90,0%,19.93/kg,6.64
991657,Turmeric - 6p,Forest Whole Foods,organic,6x125g,21.50,0%,28.67/kg,4.78
992200,Spices to make Mulled Red Wine - 4 sachets boxed,Green Cuisine,,6x20g,6.20,0%,51.67/kg,1.38
992406,Greek Saffron in filaments - Grade 1,Krokos Kozanis,organic,12x0.5g,52.00,0%,8666.67/kg,5.78
992408,12 Vanilla Pods in vacuum packed plastic pouch,Saffron Direct,,1x1pack,20.00,0%,,26.67
992409,Madagascan Vanilla Powder in a pouch,Saffron Direct,,6x13g,31.60,0%,405.13/kg,7.02
992411,Ground Sumac,Rift Valley Farms,,12x140g,55.50,0%,33.04/kg,6.17
993010,Basil,Organic Herb Trading,organic,1kg,11.90,0%,11.90/kg,
993012,Caraway Seed,Organic Herb Trading,organic,1kg,12.60,0%,12.60/kg,
993016,Chilli Flakes,Organic Herb Trading,organic,1kg,20.00,0%,20.00/kg,
993017,Chilli Powder - ground cayenne pepper,Organic Herb Trading,organic,1kg,34.60,0%,34.60/kg,
993020,Cinnamon Powder,Organic Herb Trading,organic,1kg,24.65,0%,24.65/kg,
993021,Chinese Five Spice Blend,Organic Herb Trading,organic,1kg,37.10,0%,37.10/kg,
993026,Coriander Seed,Organic Herb Trading,organic,1kg,12.60,0%,12.60/kg,
993027,Coriander Seed - Ground,Organic Herb Trading,organic,1kg,19.20,0%,19.20/kg,
993030,Cumin Seed,Organic Herb Trading,organic,1kg,27.15,0%,27.15/kg,
993032,Cumin Ground,Organic Herb Trading,organic,1kg,33.85,0%,33.85/kg,
993035,Fennel Seed,Organic Herb Trading,organic,1kg,19.20,0%,19.20/kg,
993036,Italian Mixed Herbs,Organic Herb Trading,organic,1kg,26.00,0%,26.00/kg,
993037,Fenugreek Seed,Organic Herb Trading,organic,1kg,12.70,0%,12.70/kg,
993038,Garlic Powder,Organic Herb Trading,organic,1kg,17.30,0%,17.30/kg,
993039,Garam Masala Powder,Organic Herb Trading,organic,1kg,45.90,0%,45.90/kg,
993040,Ginger Powder,Organic Herb Trading,organic,1kg,31.30,0%,31.30/kg,
993041,Herb Provencal,Organic Herb Trading,organic,1kg,26.65,0%,26.65/kg,
993043,Harissa Blend,Organic Herb Trading,organic,1kg,33.10,0%,33.10/kg,
993050,Mixed Herbs,Organic Herb Trading,organic,1kg,33.50,0%,33.50/kg,
993060,Mixed Spice Powder,Organic Herb Trading,organic,1kg,37.10,0%,37.10/kg,
993063,Mustard Ground Yellow,Organic Herb Trading,organic,1kg,16.80,0%,16.80/kg,
993065,Mustard Seed Brown,Organic Herb Trading,organic,1kg,25.25,0%,25.25/kg,
993066,Nigella Sativa Seed - Cumin Black,Organic Herb Trading,organic,1kg,22.10,0%,22.10/kg,
993067,Nutmeg Ground,Organic Herb Trading,organic,1kg,36.65,0%,36.65/kg,
993068,Onion Powder,Organic Herb Trading,organic,1kg,20.65,0%,20.65/kg,
993070,Oregano,Organic Herb Trading,organic,1kg,23.90,0%,23.90/kg,
993080,Paprika,Organic Herb Trading,organic,1kg,28.65,0%,28.65/kg,
993082,Smoked Paprika,Organic Herb Trading,organic,1kg,28.00,0%,28.00/kg,
993100,Peppercorns Black Whole,Organic Herb Trading,organic,1kg,30.30,0%,30.30/kg,
993101,Peppercorns Black Ground,Organic Herb Trading,organic,1kg,33.30,0%,33.30/kg,
993103,Peppercorns White Whole,Organic Herb Trading,organic,1kg,33.30,0%,33.30/kg,
993105,Peppermint,Organic Herb Trading,organic,1kg,16.70,0%,16.70/kg,
993106,Ras El Hanout Coarse Blend,Organic Herb Trading,organic,1kg,38.45,0%,38.45/kg,
993110,Rosemary cut,Organic Herb Trading,organic,1kg,13.80,0%,13.80/kg,
993120,Sage,Organic Herb Trading,organic,1kg,20.60,0%,20.60/kg,
993122,Star Anise,Organic Herb Trading,organic,1kg,38.10,0%,38.10/kg,
993125,Sumac,Organic Herb Trading,organic,1kg,19.90,0%,19.90/kg,
993130,Thyme,Organic Herb Trading,organic,1kg,19.70,0%,19.70/kg,
993140,Turmeric,Organic Herb Trading,organic,1kg,13.85,0%,13.85/kg,
995510,Allspice (Pimento) Whole,Infinity Foods,,1kg,15.30,0%,15.30/kg,
995515,Allspice (Pimento) Ground,Infinity Foods,,1kg,16.30,0%,16.30/kg,
995523,Aniseed Star,Infinity Foods,,500g,16.30,0%,32.60/kg,
995525,Arrowroot,Infinity Foods,,1kg,4.60,0%,4.60/kg,
995530,Basil,Infinity Foods,,1kg,6.60,0%,6.60/kg,
995535,Bay Leaves,Infinity Foods,,1kg,10.60,0%,10.60/kg,
995545,Caraway Seed,Infinity Foods,,1kg,7.25,0%,7.25/kg,
995550,Cayenne Pepper,Infinity Foods,,1kg,7.30,0%,7.30/kg,
995555,Cardamom Pods,Infinity Foods,,500g,28.65,0%,57.30/kg,
995560,Cardamom Ground,Infinity Foods,,500g,24.65,0%,49.30/kg,
995565,Celery Seed,Infinity Foods,,1kg,5.15,0%,5.15/kg,
995570,Celery Salt,Infinity Foods,,1kg,3.80,0%,3.80/kg,
995575,Chillies Whole,Infinity Foods,,1kg,8.65,0%,8.65/kg,
995580,Chillies Ground,Infinity Foods,,1kg,7.00,0%,7.00/kg,
995585,Chinese Five Spice,Infinity Foods,,500g,4.00,0%,8.00/kg,
995590,Chives,Infinity Foods,,500g,11.95,0%,23.90/kg,
995593,"Cinnamon Quills 3""",Infinity Foods,,500g,22.60,0%,45.20/kg,
995600,Cinnamon Ground,Infinity Foods,,1kg,7.80,0%,7.80/kg,
995605,Cloves Whole,Infinity Foods,,500g,11.90,0%,23.80/kg,
995610,Cloves Ground,Infinity Foods,,500g,10.35,0%,20.70/kg,
995615,Coriander Seed,Infinity Foods,,1kg,3.85,0%,3.85/kg,
995620,Coriander Ground,Infinity Foods,,1kg,3.90,0%,3.90/kg,
995625,Cumin Seed,Infinity Foods,,1kg,13.30,0%,13.30/kg,
995630,Cumin Ground,Infinity Foods,,1kg,10.60,0%,10.60/kg,
995635,Curry Medium,Infinity Foods,,1kg,5.30,0%,5.30/kg,
995645,Curry Hot,Infinity Foods,,1kg,5.30,0%,5.30/kg,
995650,Dill Seed,Infinity Foods,,1kg,6.20,0%,6.20/kg,
995655,Dill Weed,Infinity Foods,,500g,10.60,0%,21.20/kg,
995660,Fennel Seed,Infinity Foods,,1kg,7.90,0%,7.90/kg,
995675,Fenugreek Seed,Infinity Foods,,1kg,3.95,0%,3.95/kg,
995680,Fenugreek Ground,Infinity Foods,,1kg,3.95,0%,3.95/kg,
995685,Garam Masala,Infinity Foods,,1kg,10.60,0%,10.60/kg,
995690,Garlic Powder,Infinity Foods,,1kg,6.60,0%,6.60/kg,
995695,Garlic Salt,Infinity Foods,,1kg,5.65,0%,5.65/kg,
995705,Ginger Ground,Infinity Foods,,1kg,7.90,0%,7.90/kg,
995710,Herb Provencal,Infinity Foods,,1kg,11.90,0%,11.90/kg,
995717,Lemongrass,Infinity Foods,,1kg,15.35,0%,15.35/kg,
995725,Mace Ground,Infinity Foods,,500g,23.35,0%,46.70/kg,
995730,Marjoram,Infinity Foods,,1kg,7.95,0%,7.95/kg,
995735,Mint,Infinity Foods,,1kg,6.80,0%,6.80/kg,
995740,Mixed Herbs,Infinity Foods,,1kg,8.30,0%,8.30/kg,
995745,Mixed Spice,Infinity Foods,,1kg,7.65,0%,7.65/kg,
995750,Mustard Seed Black,Infinity Foods,,1kg,3.65,0%,3.65/kg,
995755,Mustard Seed Yellow,Infinity Foods,,1kg,3.90,0%,3.90/kg,
995760,Mustard Ground,Infinity Foods,,1kg,6.60,0%,6.60/kg,
995765,Nutmeg Whole,Infinity Foods,,1kg,26.60,0%,26.60/kg,
995770,Nutmeg Ground,Infinity Foods,,1kg,18.60,0%,18.60/kg,
995772,Onion Powder,Infinity Foods,,1kg,6.20,0%,6.20/kg,
995775,Oregano,Infinity Foods,,1kg,10.60,0%,10.60/kg,
995782,Smoked Paprika - sweet & mild,Infinity Foods,,1kg,7.50,0%,7.50/kg,
995785,Paprika Spanish,Infinity Foods,,1kg,5.10,0%,5.10/kg,
995790,Parsley,Infinity Foods,,1kg,13.25,0%,13.25/kg,
995795,Peppercorns Black,Infinity Foods,,1kg,13.30,0%,13.30/kg,
995805,Pepper Black Ground,Infinity Foods,,1kg,12.30,0%,12.30/kg,
995810,Peppercorns White,Infinity Foods,,1kg,19.90,0%,19.90/kg,
995815,Pepper White Ground,Infinity Foods,,1kg,18.60,0%,18.60/kg,
995823,"Peppercorns - Black, White, Green & Pink",Infinity Foods,,500g,10.60,0%,21.20/kg,
995825,Pickling Spice,Infinity Foods,,1kg,7.55,0%,7.55/kg,
995830,Poppy Seed - Blue,Infinity Foods,,1kg,6.45,0%,6.45/kg,
995835,Poppy Seed - Blue,Infinity Foods,,3kg,18.60,0%,6.20/kg,
995840,Rosemary,Infinity Foods,,1kg,6.60,0%,6.60/kg,
995845,Saffron,Crane Brand,,12x1g,29.25,0%,2437.50/kg,3.25
995855,Sage,Infinity Foods,,1kg,10.60,0%,10.60/kg,
995870,Tarragon,Infinity Foods,,500g,18.20,0%,36.40/kg,
995875,Thyme,Infinity Foods,,1kg,9.40,0%,9.40/kg,
995880,Turmeric - Ground,Infinity Foods,,1kg,5.25,0%,5.25/kg,
996015,Chamomile Matricaria,Infinity Foods,,500g,14.60,0%,29.20/kg,
996035,Dandelion Leaf,Infinity Foods,,500g,14.00,20%,28.00/kg,
996040,Elderflowers,Infinity Foods,,500g,17.25,0%,34.50/kg,
996050,Hibiscus Fine,Infinity Foods,,500g,7.90,0%,15.80/kg,
996060,Juniper Berries,Infinity Foods,,1kg,17.25,0%,17.25/kg,
996062,Kelp Powder,Infinity Foods,,1kg,23.95,20%,23.95/kg,
996065,Lavender Flowers,Infinity Foods,,500g,13.30,20%,26.60/kg,
996070,Lemon Balm,Infinity Foods,,500g,10.60,0%,21.20/kg,
996075,Lemon Verbena Superior,Infinity Foods,,500g,13.25,0%,26.50/kg,
996080,Liquorice Root Sticks,Infinity Foods,,1kg,17.25,20%,17.25/kg,
996085,Lime Flowers,Infinity Foods,,500g,25.25,0%,50.50/kg,
996100,Nettle - Cut,Infinity Foods,,500g,7.40,20%,14.80/kg,
996110,Peppermint,Infinity Foods,,1kg,11.95,0%,11.95/kg,
996115,Raspberry Leaf,Infinity Foods,,500g,10.10,20%,20.20/kg,
996120,Rosehip Fine Cut,Infinity Foods,,500g,11.65,20%,23.30/kg,
996122,Senna Pods,Infinity Foods,,1kg,10.10,20%,10.10/kg,
