Product code,order column 1,concatprodsize as text,organic,product description,RRP rounded to 2,brand,Change Marker,Case price,Vat Marker,Vat per case,Barcode inner,units case,pk size,unit,Vat rating,Active as a number,Barcode outer
1001,,6x500g,organic,Arborio Rice - white - Italy,3.46,Infinity Foods,,15.55,,0,5028869010010,6,500,g,0,1,5028869010010
1002,,6x500g,organic,Black Rice - Italy,3.49,Infinity Foods,,15.7,,0,5028869010027,6,500,g,0,1,5028869010027
1003,,6x500g,organic,Amaranth Seed,2.73,Infinity Foods,,12.3,,0,5028869010034,6,500,g,0,1,5028869010034
1005,,6x500g,organic,Brown Rice Short Grain - Italy,2.09,Infinity Foods,,9.4,,0,5028869010058,6,500,g,0,1,5028869010058
1010,,6x1kg,organic,Brown Rice Short Grain - Italy,3.86,Infinity Foods,,17.35,,0,5028869010102,6,1,kg,0,1,5028869010102
1012,,6x500g,organic,Brown Basmati Rice,2.29,Infinity Foods,,10.3,,0,5028869010126,6,500,g,0,1,5028869010126
1013,,6x1kg,organic,Brown Basmati Rice,4.28,Infinity Foods,,19.2,,0,5028869010133,6,1,kg,0,1,5028869010133
1015,,6x2kg,organic,Brown Rice Short Grain - Italy,7.56,Infinity Foods,,33.95,,0,5028869010157,6,2,kg,0,1,5028869010157
1020,,6x500g,organic,Brown Rice Long Grain - Italy,2.12,Infinity Foods,,9.55,,0,5028869010201,6,500,g,0,1,5028869010201
1025,,6x1kg,organic,Brown Rice Long Grain - Italy,3.93,Infinity Foods,,17.7,,0,5028869010256,6,1,kg,0,1,5028869010256
1030,,6x2kg,organic,Brown Rice Long Grain - Italy,7.68,Infinity Foods,,34.55,,0,5028869010300,6,2,kg,0,1,5028869010300
1035,,6x500g,organic,Buckwheat Groats - certified gluten-free,2.09,Infinity Foods,,9.4,,0,5028869010355,6,500,g,0,1,5028869010355
1045,,6x500g,organic,Bulghur,2.2,Infinity Foods,,9.9,,0,5028869010454,6,500,g,0,1,5028869010454
1050,,6x500g,organic,Camargue Red Rice - France,3,Infinity Foods,,13.5,,0,5028869010508,6,500,g,0,1,5028869010508
1051,,6x400g,organic,Fregola - giant couscous - white,2.28,Infinity Foods,,10.2,,0,5028869010515,6,400,g,0,1,5028869010515
1057,,6x450g,organic,White Couscous - Italy,2,Infinity Foods,,9,,0,5028869010577,6,450,g,0,1,5028869010577
1060,,6x450g,organic,Wholemeal Couscous - Italy,1.8,Infinity Foods,,8.1,,0,5028869010607,6,450,g,0,1,5028869010607
1073,,6x500g,organic,Kasha - Roasted Buckwheat - certified gluten-free,2.49,Infinity Foods,,11.2,,0,5028869010737,6,500,g,0,1,5028869010737
1075,,6x500g,organic,Millet,2.01,Infinity Foods,,9.05,,0,5028869010751,6,500,g,0,1,5028869010751
1090,,6x500g,organic,Oat Groats,1.32,Infinity Foods,,5.95,,0,5028869010904,6,500,g,0,1,5028869010904
1092,,6x450g,organic,Orzo - rice shape from durum wheat - white,2.3,Infinity Foods,,10.35,,0,5028869010928,6,450,g,0,1,5028869010928
1105,,6x500g,organic,Popping Corn,1.96,Infinity Foods,,8.8,,0,5028869011055,6,500,g,0,1,5028869011055
1112,,6x500g,organic,Pearl Barley,1.56,Infinity Foods,,7,,0,5028869011123,6,500,g,0,1,5028869011123
1115,,6x500g,organic,Pot Barley,1.51,Infinity Foods,,6.8,,0,5028869011154,6,500,g,0,1,5028869011154
1125,,6x450g,organic,British White Quinoa Grain - gluten-free,3.93,Infinity Foods,,17.7,,0,5028869011253,6,450,g,0,1,5028869011253
1127,,6x450g,organic,Quinoa Grain,3.04,Infinity Foods,,13.7,,0,5028869011277,6,450,g,0,1,5028869011277
1128,,6x1kg,organic,Quinoa Grain,5.96,Infinity Foods,,26.8,,0,5028869011284,6,1,kg,0,1,5028869011284
1130,,6x500g,organic,Rye Grain,1.37,Infinity Foods,,6.15,,0,5028869011307,6,500,g,0,1,5028869011307
1136,,6x500g,organic,Sushi Rice - white - Italy,2.46,Infinity Foods,,11.05,,0,5028869011369,6,500,g,0,1,5028869011369
1138,,6x500g,organic,Spelt Grain,1.88,Infinity Foods,,8.45,,0,5028869011383,6,500,g,0,1,5028869011383
1150,,6x500g,organic,Wheat Grain,1.73,Infinity Foods,,7.8,,0,5028869011505,6,500,g,0,1,5028869011505
1155,,6x450g,organic,Red Quinoa Grain,3.31,Infinity Foods,,14.9,,0,5028869011550,6,450,g,0,1,5028869011550
1157,,6x450g,organic,Black Quinoa Grain,3.56,Infinity Foods,,16,,0,5028869011574,6,450,g,0,1,5028869011574
1159,,6x450g,organic,Tricolour Quinoa Grain,3.31,Infinity Foods,,14.9,,0,5028869011598,6,450,g,0,1,5028869011598
1160,,6x1kg,organic,Tricolour Quinoa Grain,6.54,Infinity Foods,,29.4,,0,5028869011604,6,1,kg,0,1,5028869011604
1165,,6x500g,organic,White Basmati Rice - Indian,2.8,Infinity Foods,,12.6,,0,5028869011659,6,500,g,0,1,5028869011659
1167,,6x1kg,organic,White Basmati Rice - Indian,4.93,Infinity Foods,,22.2,,0,5028869011673,6,1,kg,0,1,5028869011673
1180,,6x250g,organic,Wild Rice,7.3,Infinity Foods,,32.7,,0,5028869011802,6,250,g,0,1,5028869011802
1185,,6x500g,organic,Wild Rice Mix,3.94,Infinity Foods,,17.75,,0,5028869011857,6,500,g,0,1,5028869011857
1190,,6x500g,organic,Brown Jasmine Rice,2.34,Infinity Foods,,10.5,,0,5028869011901,6,500,g,0,1,5028869011901
1195,,6x500g,organic,White Jasmine Rice,2.34,Infinity Foods,,10.5,,0,5028869011956,6,500,g,0,1,5028869011956
2005,,6x500g,organic,Barley Flakes,1.58,Infinity Foods,,7.1,,0,5028869020057,6,500,g,0,1,5028869020057
2010,,6x500g,organic,Buckwheat Flakes - gluten-free,3.23,Infinity Foods,,14.55,,0,5028869020101,6,500,g,0,1,5028869020101
2013,,6x500g,organic,Millet Flakes - gluten-free,2.9,Infinity Foods,,13.05,,0,5028869020132,6,500,g,0,1,5028869020132
2015,,6x500g,organic,Jumbo Oatflakes,1.39,Infinity Foods,,6.25,,0,5028869020156,6,500,g,0,1,5028869020156
2020,,6x1kg,organic,Jumbo Oatflakes,2.66,Infinity Foods,,11.95,,0,5028869020200,6,1,kg,0,1,5028869020200
2030,,6x500g,organic,Rolled Oatflakes,1.39,Infinity Foods,,6.25,,0,5028869020309,6,500,g,0,1,5028869020309
2035,,6x1kg,organic,Rolled Oatflakes,2.66,Infinity Foods,,11.95,,0,5028869020354,6,1,kg,0,1,5028869020354
2037,,6x500g,organic,Spelt Flakes,2.18,Infinity Foods,,9.8,,0,5028869020378,6,500,g,0,1,5028869020378
2040,,6x500g,organic,Quinoa Flakes - gluten-free,5.05,Infinity Foods,,22.65,,0,5028869020408,6,500,g,0,1,5028869020408
2043,,6x500g,organic,Brown Rice Flakes - gluten-free,3.07,Infinity Foods,,13.8,,0,5028869020439,6,500,g,0,1,5028869020439
2045,,6x500g,organic,Rye Flakes,1.63,Infinity Foods,,7.35,,0,5028869020453,6,500,g,0,1,5028869020453
2055,,6x500g,organic,Wheat Flakes,1.58,Infinity Foods,,7.1,,0,5028869020552,6,500,g,0,1,5028869020552
2065,,6x250g,organic,Toasted Wheat Flakes,1.56,Infinity Foods,,7,,0,5028869020651,6,250,g,0,1,5028869020651
2090,,6x500g,organic,Gluten-free Rolled Oatflakes (Porridge Oats),2.3,Infinity Foods,,10.35,,0,5028869020903,6,500,g,0,1,5028869020903
2095,,6x500g,organic,Gluten-free Jumbo Oatflakes,2.3,Infinity Foods,,10.35,,0,5028869020958,6,500,g,0,1,5028869020958
2100,,6x1kg,organic,Gluten-free Rolled Oatflakes (Porridge Oats),3.59,Infinity Foods,,16.15,,0,5028869021009,6,1,kg,0,1,5028869021009
3010,,6x250g,organic,Wheat Bran,1.25,Infinity Foods,,5.6,,0,5028869030100,6,250,g,0,1,5028869030100
3015,,6x500g,organic,Brown Rice Flour,3,Infinity Foods,,13.5,,0,5028869030155,6,500,g,0,1,5028869030155
3020,,6x500g,organic,Buckwheat Flour,3.34,Infinity Foods,,15,,0,5028869030209,6,500,g,0,1,5028869030209
3022,,6x500g,organic,Chickpea Flour,3.56,Infinity Foods,,16,,0,5028869030223,6,500,g,0,1,5028869030223
3023,,6x500g,organic,Coconut Flour,2.78,Infinity Foods,,12.5,,0,5028869030230,6,500,g,0,1,5028869030230
3025,,6x500g,organic,Corn Flour (yellow maize flour),2.67,Infinity Foods,,12,,0,5028869030254,6,500,g,0,1,5028869030254
3038,,6x500g,organic,Oat Bran,1.71,Infinity Foods,,7.7,,0,5028869030384,6,500,g,0,1,5028869030384
3040,,6x500g,organic,Fine Oatmeal,1.54,Infinity Foods,,6.95,,0,5028869030407,6,500,g,0,1,5028869030407
3045,,6x500g,organic,Medium Oatmeal,1.54,Infinity Foods,,6.95,,0,5028869030452,6,500,g,0,1,5028869030452
3050,,6x500g,organic,Coarse Oatmeal (Pinhead),1.54,Infinity Foods,,6.95,,0,5028869030506,6,500,g,0,1,5028869030506
3080,,6x500g,organic,Tapioca Flour,2.79,Infinity Foods,,12.5,,0,5028869030803,6,500,g,0,1,5028869030803
4030,,6x500g,organic,Gluten-free Muesli - Original,4.33,Infinity Foods,,19.5,,0,5028869040307,6,500,g,0,1,5028869040307
4031,,6x500g,organic,Fig & Walnut Granola Muesli,3.5,Infinity Foods,,15.7,,0,5028869040314,6,500,g,0,1,5028869040314
4032,,6x1kg,organic,Fig & Walnut Granola Muesli,6.41,Infinity Foods,,28.85,,0,5028869040321,6,1,kg,0,1,50288690403201
4033,,6x500g,organic,Bran Flakes,3.86,Infinity Foods,,17.35,,0,5028869040338,6,500,g,0,1,5028869040338
4035,,6x1kg,organic,Gluten-free Muesli - Original,8.54,Infinity Foods,,38.4,,0,5028869040352,6,1,kg,0,1,5028869040352
4036,,6x500g,organic,Cranberry & Pecan Muesli,3.73,Infinity Foods,,16.8,,0,5028869040369,6,500,g,0,1,5028869040369
4039,,6x1kg,organic,Cranberry & Pecan Muesli,6.89,Infinity Foods,,31,,0,5028869040390,6,1,kg,0,1,5028869040390
4040,,6x325g,organic,Fruit and Fibre,3.2,Infinity Foods,,14.4,,0,5028869040406,6,325,g,0,1,5028869040406
4041,,6x250g,organic,Bran Sticks,1.96,Infinity Foods,,8.8,,0,5028869040413,6,250,g,0,1,5028869040413
4042,,6x500g,organic,Vitality Muesli,3.47,Infinity Foods,,15.6,,0,5028869040420,6,500,g,0,1,5028869040420
4043,,6x1kg,organic,Vitality Muesli,6.36,Infinity Foods,,28.6,,0,5028869040437,6,1,kg,0,1,5028869040437
4045,,6x500g,organic,Super Muesli,3.27,Infinity Foods,,14.7,,0,5028869040451,6,500,g,0,1,5028869040451
4050,,6x1kg,organic,Super Muesli,5.97,Infinity Foods,,26.85,,0,5028869040505,6,1,kg,0,1,5028869040505
4055,,6x1.4kg,organic,Super Muesli,8.14,Infinity Foods,,36.65,,0,5028869040550,6,1.4,kg,0,1,5028869040550
4057,,6x500g,organic,Deluxe Muesli,2.67,Infinity Foods,,12,,0,5028869040574,6,500,g,0,1,5028869040574
4060,,6x1kg,organic,Deluxe Muesli,4.76,Infinity Foods,,21.4,,0,5028869040604,6,1,kg,0,1,5028869040604
4062,,6x1.4kg,organic,Deluxe Muesli,6.45,Infinity Foods,,29,,0,5028869040628,6,1.4,kg,0,1,5028869040628
4070,,6x1kg,organic,Muesli Base,2.94,Infinity Foods,,13.25,,0,5028869040703,6,1,kg,0,1,5028869040703
4085,,6x250g,organic,Quinoa Puffs,4.25,Infinity Foods,,19.1,,0,5028869040857,6,250,g,0,1,5028869040857
5005,,6x500g,organic,Aduki Beans,2.72,Infinity Foods,,12.25,,0,5028869050054,6,500,g,0,1,5028869050054
5015,,6x500g,organic,Beluga Lentils,3.47,Infinity Foods,,15.6,,0,5028869050153,6,500,g,0,1,5028869050153
5020,,6x500g,organic,Black Turtle Beans,2.27,Infinity Foods,,10.2,,0,5028869050207,6,500,g,0,1,5028869050207
5022,,6x500g,organic,Brown Lentils,2.29,Infinity Foods,,10.3,,0,5028869050221,6,500,g,0,1,5028869050221
5023,,6x500g,organic,Cannellini Beans,2.84,Infinity Foods,,12.8,,0,5028869050238,6,500,g,0,1,5028869050238
5025,,6x500g,organic,Chickpeas - Italy,2.48,Infinity Foods,,11.15,,0,5028869050252,6,500,g,0,1,5028869050252
5026,,6x500g,organic,Chana Dal - split hulled chickpeas,3.56,Infinity Foods,,16,,0,5028869050269,6,500,g,0,1,5028869050269
5027,,6x500g,organic,Butter Beans,4.36,Infinity Foods,,19.6,,0,5028869050276,6,500,g,0,1,5028869050276
5035,,6x500g,organic,Green Lentils,2.58,Infinity Foods,,11.6,,0,5028869050351,6,500,g,0,1,5028869050351
5045,,6x500g,organic,Green Split Peas - Italy,2.27,Infinity Foods,,10.2,,0,5028869050450,6,500,g,0,1,5028869050450
5055,,6x500g,organic,Haricot Beans,2.42,Infinity Foods,,10.9,,0,5028869050559,6,500,g,0,1,5028869050559
5065,,6x500g,organic,Mung Beans,3.4,Infinity Foods,,15.25,,0,5028869050658,6,500,g,0,1,5028869050658
5068,,6x500g,organic,Mung Dal - split hulled mung beans,3.16,Infinity Foods,,14.2,,0,5028869050689,6,500,g,0,1,5028869050689
5075,,6x500g,organic,Pinto Beans,2.49,Infinity Foods,,11.2,,0,5028869050757,6,500,g,0,1,5028869050757
5085,,6x500g,organic,French Type Lentils,3.13,Infinity Foods,,14.1,,0,5028869050856,6,500,g,0,1,5028869050856
5095,,6x500g,organic,Red Kidney Beans,3.05,Infinity Foods,,13.65,,0,5028869050955,6,500,g,0,1,5028869050955
5105,,6x500g,organic,Red Split Lentils,2.19,Infinity Foods,,9.85,,0,5028869051051,6,500,g,0,1,5028869051051
5110,,6x1kg,organic,Red Split Lentils,4.07,Infinity Foods,,18.25,,0,5028869051105,6,1,kg,0,1,5028869051105
5115,,6x500g,organic,Soya Beans,2.01,Infinity Foods,,9,,0,5028869051150,6,500,g,0,1,5028869051150
5130,,6x500g,organic,Yellow Split Peas,2.08,Infinity Foods,,9.35,,0,5028869051303,6,500,g,0,1,5028869051303
6011,,6x125g,organic,Flaked Almonds,3.1,Infinity Foods,s,13.95,,0,5028869060114,6,125,g,0,1,5028869060114
6012,,6x250g,organic,Flaked Almonds,5.53,Infinity Foods,s,24.8,,0,5028869060121,6,250,g,0,1,5028869060121
6014,,6x250g,organic,Ground Almonds,5.32,Infinity Foods,s,23.9,,0,5028869060145,6,250,g,0,1,5028869060145
6015,,6x125g,organic,Almonds,2.93,Infinity Foods,s,13.2,,0,5028869060152,6,125,g,0,1,5028869060152
6016,,6x500g,organic,Ground Almonds,10,Infinity Foods,s,45,,0,5028869060169,6,500,g,0,1,5028869060169
6017,,6x125g,organic,Blanched Almonds,3.07,Infinity Foods,s,13.8,,0,5028869060176,6,125,g,0,1,5028869060176
6018,,6x250g,organic,Blanched Almonds,5.46,Infinity Foods,s,24.5,,0,5028869060183,6,250,g,0,1,5028869060183
6020,,6x250g,organic,Almonds,5.18,Infinity Foods,s,23.3,,0,5028869060206,6,250,g,0,1,5028869060206
6025,,6x500g,organic,Almonds,9.69,Infinity Foods,s,43.55,,0,5028869060251,6,500,g,0,1,5028869060251
6026,,1x1kg,organic,Almonds - now sold in single packs,20.47,Infinity Foods,s,15.35,,0,5028869060268,1,1,kg,0,1,5028869060268
6031,,6x125g,organic,Brazil Nuts,3.06,Infinity Foods,,13.75,,0,5028869060312,6,125,g,0,1,5028869060312
6032,,6x250g,organic,Brazil Nuts,5.43,Infinity Foods,,24.45,,0,5028869060329,6,250,g,0,1,5028869060329
6033,,6x500g,organic,Brazil Nuts,10.18,Infinity Foods,,45.8,,0,5028869060336,6,500,g,0,1,5028869060336
6035,,6x250g,organic,Coconut Desiccated,2.17,Infinity Foods,,9.75,,0,5028869060350,6,250,g,0,1,5028869060350
6036,,6x250g,organic,Brazil Nuts - Broken Pieces,4.99,Infinity Foods,,22.45,,0,5028869060367,6,250,g,0,1,5028869060367
6037,,6x250g,organic,Coconut Chips,2.41,Infinity Foods,,10.85,,0,5028869060374,6,250,g,0,1,5028869060374
6039,,6x250g,organic,Toasted Coconut Chips,2.52,Infinity Foods,,11.35,,0,5028869060398,6,250,g,0,1,5028869060398
6040,,6x500g,organic,Coconut Desiccated,3.64,Infinity Foods,,16.4,,0,5028869060404,6,500,g,0,1,5028869060404
6041,,6x125g,organic,Cashews Whole,2.27,Infinity Foods,,10.2,,0,5028869060411,6,125,g,0,1,5028869060411
6042,,6x250g,organic,Cashews Whole,3.85,Infinity Foods,,17.3,,0,5028869060428,6,250,g,0,1,5028869060428
6043,,6x500g,organic,Cashews Whole,7.01,Infinity Foods,,31.55,,0,5028869060435,6,500,g,0,1,5028869060435
6044,,6x125g,organic,Cashews & Raisins,1.92,Infinity Foods,,8.65,,0,5028869060442,6,125,g,0,1,5028869060442
6045,,6x125g,organic,Hazelnuts,3.06,Infinity Foods,,13.75,,0,5028869060459,6,125,g,0,1,5028869060459
6047,,6x250g,organic,Fruit & Nut Mix,3.91,Infinity Foods,,17.6,,0,5028869060473,6,250,g,0,1,5028869060473
6048,,6x250g,organic,Hi Energy Trail Mix,3.29,Infinity Foods,,14.55,,0,5028869060480,6,250,g,0,1,5028869060480
6049,,6x125g,organic,Hi Energy Trail Mix,1.98,Infinity Foods,,8.8,,0,5028869060497,6,125,g,0,1,5028869060497
6050,,6x250g,organic,Hazelnuts,5.42,Infinity Foods,,24.4,,0,5028869060503,6,250,g,0,1,5028869060503
6051,,1x1kg,organic,Cashews Whole - now sold in single packs,13.34,Infinity Foods,,10,,0,5028869060510,1,1,kg,0,1,5028869060510
6052,,6x250g,organic,Chia Seeds,2.47,Infinity Foods,,11.1,,0,5028869060527,6,250,g,0,1,5028869060527
6053,,6x500g,organic,Chia Seeds,4.24,Infinity Foods,,19.1,,0,5028869060534,6,500,g,0,1,5028869060534
6054,,6x125g,organic,Hulled Hemp Seeds,2.26,Infinity Foods,,10.15,,0,5028869060541,6,125,g,0,1,5028869060541
6055,,6x500g,organic,Hazelnuts,10.11,Infinity Foods,,45.5,,0,5028869060558,6,500,g,0,1,5028869060558
6056,,6x125g,organic,Roast Whole Hazelnuts,4.35,Infinity Foods,,16.3,V,3.26,5028869060565,6,125,g,2,1,5028869060565
6057,,6x250g,organic,Hulled Hemp Seeds,3.83,Infinity Foods,,17.2,,0,5028869060572,6,250,g,0,1,5028869060572
6058,,6x250g,organic,Hemp Seeds - whole,2.58,Infinity Foods,,11.6,,0,5028869060589,6,250,g,0,1,5028869060589
6063,,6x250g,organic,Cashews Large Pieces,3.27,Infinity Foods,,14.7,,0,5028869060633,6,250,g,0,1,5028869060633
6064,,6x500g,organic,Cashews Large Pieces,5.84,Infinity Foods,,26.3,,0,5028869060640,6,500,g,0,1,5028869060640
6070,,6x250g,organic,Linseed Brown,1.29,Infinity Foods,,5.8,,0,5028869060701,6,250,g,0,1,5028869060701
6073,,6x125g,organic,Macadamia Nuts,3.84,Infinity Foods,,17.3,,0,5028869060732,6,125,g,0,1,5028869060732
6074,,6x250g,organic,Macadamia Nuts,7.01,Infinity Foods,,31.55,,0,5028869060749,6,250,g,0,1,5028869060749
6075,,6x450g,organic,Linseed Brown,1.78,Infinity Foods,,8,,0,5028869060756,6,450,g,0,1,5028869060756
6077,,6x250g,organic,Linseed Gold,1.3,Infinity Foods,,5.85,,0,5028869060770,6,250,g,0,1,5028869060770
6078,,6x450g,organic,Linseed Gold,1.97,Infinity Foods,,8.85,,0,5028869060787,6,450,g,0,1,5028869060787
6079,,6x1kg,organic,Linseed Gold,3.7,Infinity Foods,,16.65,,0,5028869060794,6,1,kg,0,1,5028869060794
6080,,6x250g,organic,Nut Mix,5.01,Infinity Foods,,22.5,,0,5028869060800,6,250,g,0,1,5028869060800
6082,,6x500g,organic,Nut Mix,9.33,Infinity Foods,,41.95,,0,5028869060824,6,500,g,0,1,5028869060824
6084,,6x250g,organic,Omega Four Seed Mix,2.06,Infinity Foods,,9.15,,0,5028869060848,6,250,g,0,1,5028869060848
6085,,6x250g,organic,Peanuts,1.85,Infinity Foods,,8.3,,0,5028869060855,6,250,g,0,1,5028869060855
6087,,6x500g,organic,Omega Four Seed Mix,3.39,Infinity Foods,,15.25,,0,5028869060879,6,500,g,0,1,5028869060879
6090,,6x500g,organic,Peanuts,3.01,Infinity Foods,,13.55,,0,5028869060909,6,500,g,0,1,5028869060909
6092,,6x125g,organic,Pecans - halves,3.74,Infinity Foods,,16.85,,0,5028869060923,6,125,g,0,1,5028869060923
6093,,6x250g,organic,Pecans - halves,6.8,Infinity Foods,,30.6,,0,5028869060930,6,250,g,0,1,5028869060930
6094,,6x125g,organic,Pecan Pieces,3.24,Infinity Foods,,14.6,,0,5028869060947,6,125,g,0,1,5028869060947
6095,,6x125g,organic,Pine Kernels,6.64,Infinity Foods,s,29.75,,0,5028869060954,6,125,g,0,1,5028869060954
6096,,6x250g,organic,Pecan Pieces,6,Infinity Foods,,27,,0,5028869060961,6,250,g,0,1,5028869060961
6097,,6x250g,organic,Pine Kernels,12.54,Infinity Foods,s,56.45,,0,5028869060978,6,250,g,0,1,5028869060978
6098,,6x125g,organic,Poppy Seeds,1.54,Infinity Foods,,6.95,,0,5028869060985,6,125,g,0,1,5028869060985
6099,,6x250g,organic,Poppy Seeds,2.75,Infinity Foods,,12.35,,0,5028869060992,6,250,g,0,1,5028869060992
6100,,6x125g,organic,Pumpkin Seeds - AA grade,1.62,Infinity Foods,,7.3,,0,5028869061005,6,125,g,0,1,5028869061005
6101,,6x125g,organic,Raw Pistachio Kernels,6.29,Infinity Foods,,28.25,,0,5028869061012,6,125,g,0,1,5028869061012
6102,,6x250g,organic,Raw Pistachio Kernels,11.87,Infinity Foods,,53.4,,0,5028869061029,6,250,g,0,1,5028869061029
6105,,6x250g,organic,Pumpkin Seeds - AA grade,2.57,Infinity Foods,,11.55,,0,5028869061050,6,250,g,0,1,5028869061050
6110,,6x500g,organic,Pumpkin Seeds - AA grade,4.44,Infinity Foods,,20,,0,5028869061104,6,500,g,0,1,5028869061104
6112,,6x1kg,organic,Pumpkin Seeds - AA grade,8.43,Infinity Foods,,37.95,,0,5028869061128,6,1,kg,0,1,5028869061128
6113,,6x250g,organic,"Three Seed Mix - sunflower, pumpkin, pine",2.63,Infinity Foods,,11.85,,0,5028869061135,6,250,g,0,1,5028869061135
6115,,6x250g,organic,Hulled Sesame Seeds - white,1.96,Infinity Foods,,8.8,,0,5028869061159,6,250,g,0,1,5028869061159
6121,,6x250g,organic,Austrian Pumpkin Seeds,3.87,Infinity Foods,,17.4,,0,5028869061210,6,250,g,0,1,5028869061210
6122,,6x500g,organic,Austrian Pumpkin Seeds,7.06,Infinity Foods,,31.75,,0,5028869061227,6,500,g,0,1,5028869061227
6125,,6x250g,organic,Sesame Seeds - whole - brown,1.76,Infinity Foods,,7.9,,0,5028869061258,6,250,g,0,1,5028869061258
6127,,6x400g,organic,Sesame Seeds - whole - brown,2.4,Infinity Foods,,10.8,,0,5028869061272,6,400,g,0,1,5028869061272
6128,,6x250g,organic,Black Sesame Seeds - whole,2.24,Infinity Foods,,10.05,,0,5028869061289,6,250,g,0,1,5028869061289
6130,,6x250g,organic,Sunflower Seed - kernels,1.49,Infinity Foods,,6.7,,0,5028869061302,6,250,g,0,1,5028869061302
6135,,6x500g,organic,Sunflower Seed - kernels,2.29,Infinity Foods,,10.3,,0,5028869061357,6,500,g,0,1,5028869061357
6140,,6x1kg,organic,Sunflower Seed - kernels,4.13,Infinity Foods,,18.55,,0,5028869061401,6,1,kg,0,1,5028869061401
6143,,6x250g,organic,Trail Mix,2.61,Infinity Foods,,11.75,,0,5028869061432,6,250,g,0,1,5028869061432
6145,,6x125g,organic,Walnut Light Pieces,2.08,Infinity Foods,,9.35,,0,5028869061456,6,125,g,0,1,5028869061456
6150,,6x250g,organic,Walnut Light Pieces,3.47,Infinity Foods,,15.6,,0,5028869061500,6,250,g,0,1,5028869061500
6155,,6x500g,organic,Walnut Light Pieces,6.24,Infinity Foods,,28.1,,0,5028869061555,6,500,g,0,1,5028869061555
6160,,6x125g,organic,Walnut Halves - Light,2.3,Infinity Foods,,10.35,,0,5028869061609,6,125,g,0,1,5028869061609
6165,,6x250g,organic,Walnut Halves - Light,3.93,Infinity Foods,,17.65,,0,5028869061654,6,250,g,0,1,5028869061654
6167,,6x500g,organic,Walnut Halves - Light,7.17,Infinity Foods,,32.25,,0,5028869061678,6,500,g,0,1,5028869061678
6515,,6x125g,,Almonds,1.97,Infinity Foods,,8.85,,0,5028869065157,6,125,g,0,1,5028869065157
6520,,6x250g,,Almonds,3.26,Infinity Foods,,14.65,,0,5028869065201,6,250,g,0,1,5028869065201
6525,,6x500g,,Almonds,5.83,Infinity Foods,,26.25,,0,5028869065256,6,500,g,0,1,5028869065256
6620,,6x250g,,Cashews - large pieces,2.83,Infinity Foods,,12.7,,0,5028869066208,6,250,g,0,1,5028869066208
6625,,6x500g,,Cashews - large pieces,4.97,Infinity Foods,,22.35,,0,5028869066253,6,500,g,0,1,5028869066253
6635,,6x125g,,Cashews Whole,2.01,Infinity Foods,,9.05,,0,5028869066352,6,125,g,0,1,5028869066352
6640,,6x250g,,Cashews Whole,3.34,Infinity Foods,,15.05,,0,5028869066406,6,250,g,0,1,5028869066406
6643,,6x500g,,Cashews Whole,6.01,Infinity Foods,,27,,0,5028869066437,6,500,g,0,1,5028869066437
6705,,6x250g,,Chia Seeds,1.79,Infinity Foods,,8.05,,0,5028869067052,6,250,g,0,1,5028869067052
6710,,6x500g,,Chia Seeds,2.9,Infinity Foods,,13.05,,0,5028869067106,6,500,g,0,1,5028869067106
6828,,6x125g,,Macadamia Nuts - raw,2.82,Infinity Foods,,12.7,,0,5028869068288,6,125,g,0,1,5028869068288
6830,,6x125g,,Pecans Halves,3.27,Infinity Foods,,14.7,,0,5028869068301,6,125,g,0,1,5028869068301
6835,,6x250g,,Pecans Halves,5.84,Infinity Foods,,26.3,,0,5028869068356,6,250,g,0,1,5028869068356
6860,,6x125g,,Pistachios - roasted & salted,3.09,Infinity Foods,,13.9,,0,5028869068608,6,125,g,0,1,5028869068608
6865,,6x250g,,Pistachios - roasted & salted,5.5,Infinity Foods,,24.75,,0,5028869068653,6,250,g,0,1,5028869068653
6875,,6x125g,,Pistachio Kernels - raw,5.02,Infinity Foods,,22.6,,0,5028869068752,6,125,g,0,1,5028869068752
6877,,6x250g,,Pistachio Kernels - raw,9.38,Infinity Foods,,42.15,,0,5028869068776,6,250,g,0,1,5028869068776
6885,,6x250g,,Pumpkin Seeds - AA grade,2.02,Infinity Foods,,9.1,,0,5028869068851,6,250,g,0,1,5028869068851
6890,,6x500g,,Pumpkin Seeds - AA grade,3.36,Infinity Foods,,15.1,,0,5028869068905,6,500,g,0,1,5028869068905
6915,,6x250g,,Sunflower Seeds,1.28,Infinity Foods,,5.75,,0,5028869069155,6,250,g,0,1,5028869069155
6920,,6x500g,,Sunflower Seeds,1.88,Infinity Foods,,8.45,,0,5028869069209,6,500,g,0,1,5028869069209
7010,,6x350g,organic,Apricots Whole,6.33,Infinity Foods,,28.5,,0,5028869070106,6,350,g,0,1,5028869070106
7015,,6x500g,organic,Apricots Whole,8.67,Infinity Foods,,39,,0,5028869070151,6,500,g,0,1,5028869070151
7016,,6x125g,organic,Sour Cherries - pitted,3.81,Infinity Foods,,17.15,,0,5028869070168,6,125,g,0,1,5028869070168
7017,,6x125g,organic,Cranberries with Apple Juice,3.04,Infinity Foods,,13.7,,0,5028869070175,6,125,g,0,1,5028869070175
7018,,6x250g,organic,Cranberries with Apple Juice,5.2,Infinity Foods,,23.35,,0,5028869070182,6,250,g,0,1,5028869070182
7019,,6x250g,organic,Sour Cherries - pitted,6.71,Infinity Foods,,30.2,,0,5028869070199,6,250,g,0,1,5028869070199
7020,,1x1kg,organic,Apricots Whole - now sold in single packs,16.42,Infinity Foods,,12.3,,0,5028869070205,1,1,kg,0,1,5028869070205
7022,,6x250g,organic,Chopped Apricots,4.14,Infinity Foods,,18.65,,0,5028869070229,6,250,g,0,1,5028869070229
7024,,6x125g,organic,Banana Chips,2,Infinity Foods,,7.5,V,1.5,5028869070243,6,125,g,2,1,5028869070243
7025,,6x250g,organic,Currants,3.36,Infinity Foods,,15.1,,0,5028869070250,6,250,g,0,1,5028869070250
7030,,6x500g,organic,Currants,5.81,Infinity Foods,,26.15,,0,5028869070304,6,500,g,0,1,5028869070304
7032,,6x250g,organic,Dates Select - Pitted,1.8,Infinity Foods,,8.1,,0,5028869070328,6,250,g,0,1,5028869070328
7033,,6x500g,organic,Dates Select - Pitted,2.7,Infinity Foods,,12.15,,0,5028869070335,6,500,g,0,1,5028869070335
7035,,6x250g,organic,Dates - pitted,2.37,Infinity Foods,,10.6,,0,5028869070359,6,250,g,0,1,5028869070359
7040,,6x500g,organic,Dates - pitted,3.81,Infinity Foods,,17.15,,0,5028869070403,6,500,g,0,1,5028869070403
7045,,6x1kg,organic,Dates - pitted,6.74,Infinity Foods,,30.25,,0,5028869070458,6,1,kg,0,1,5028869070458
7050,,6x350g,organic,Figs,5.39,Infinity Foods,,24.25,,0,5028869070502,6,350,g,0,1,5028869070502
7055,,6x500g,organic,Figs,7.3,Infinity Foods,,32.85,,0,5028869070557,6,500,g,0,1,5028869070557
7060,,1x1kg,organic,Figs - now sold in single packs,13.7,Infinity Foods,,10.25,,0,5028869070601,1,1,kg,0,1,5028869070601
7062,,6x250g,organic,Mixed Vine Fruit,2.78,Infinity Foods,,12.5,,0,5028869070625,6,250,g,0,1,5028869070625
7063,,6x500g,organic,Mixed Vine Fruit,4.68,Infinity Foods,,21.05,,0,5028869070632,6,500,g,0,1,5028869070632
7064,,6x125g,organic,Goji Berries,2.66,Infinity Foods,,11.95,,0,5028869070649,6,125,g,0,1,5028869070649
7065,,6x250g,organic,Goji Berries,4.4,Infinity Foods,,19.8,,0,5028869070656,6,250,g,0,1,5028869070656
7069,,6x250g,organic,Golden Berries,7.42,Infinity Foods,,33.35,,0,5028869070694,6,250,g,0,1,5028869070694
7072,,6x125g,organic,Mulberries - white,3.25,Infinity Foods,,14.55,,0,5028869070724,6,125,g,0,1,5028869070724
7073,,6x250g,organic,Mulberries - white,5.57,Infinity Foods,,25.05,,0,5028869070731,6,250,g,0,1,5028869070731
7076,,6x250g,organic,Mango Pieces,4.57,Infinity Foods,,20.55,,0,5028869070762,6,250,g,0,1,5028869070762
7077,,6x125g,organic,Ginger Crystallised,2.33,Infinity Foods,,8.75,V,1.75,5028869070779,6,125,g,2,1,5028869070779
7080,,6x250g,organic,Pitted Prunes,4.77,Infinity Foods,,21.45,,0,5028869070809,6,250,g,0,1,5028869070809
7085,,6x500g,organic,Pitted Prunes,8.64,Infinity Foods,,38.9,,0,5028869070854,6,500,g,0,1,5028869070854
7095,,6x250g,organic,Raisins,2.49,Infinity Foods,,11.2,,0,5028869070953,6,250,g,0,1,5028869070953
7100,,6x500g,organic,Raisins,4.07,Infinity Foods,,18.3,,0,5028869071004,6,500,g,0,1,5028869071004
7105,,6x1kg,organic,Raisins,7.23,Infinity Foods,,32.55,,0,5028869071059,6,1,kg,0,1,5028869071059
7110,,6x250g,organic,Sultanas,2.47,Infinity Foods,,11.1,,0,5028869071103,6,250,g,0,1,5028869071103
7115,,6x500g,organic,Sultanas,4.02,Infinity Foods,,18.1,,0,5028869071158,6,500,g,0,1,5028869071158
7120,,6x1kg,organic,Sultanas,7.14,Infinity Foods,,32.15,,0,5028869071202,6,1,kg,0,1,5028869071202
7530,,6x250g,,Apricots Whole Yellow - SO2,3.97,Infinity Foods,,17.85,,0,5028869075309,6,250,g,0,1,5028869075309
7535,,6x500g,,Apricots Whole Yellow - SO2,7.03,Infinity Foods,,31.65,,0,5028869075354,6,500,g,0,1,5028869075354
7612,,6x250g,,Dates Pitted,1.49,Infinity Foods,,6.7,,0,5028869076122,6,250,g,0,1,5028869076122
7613,,6x500g,,Dates Pitted,2.08,Infinity Foods,,9.35,,0,5028869076139,6,500,g,0,1,5028869076139
7655,,6x125g,,Ginger crystallised & caster sugar,2,Infinity Foods,,7.5,V,1.5,5028869076559,6,125,g,2,1,5028869076559
7665,,6x125g,,Goji Berries,2.52,Infinity Foods,,11.35,,0,5028869076658,6,125,g,0,1,5028869076658
7670,,6x250g,,Goji Berries,4.13,Infinity Foods,,18.6,,0,5028869076702,6,250,g,0,1,5028869076702
7730,,6x250g,,Prunes Pitted,2.23,Infinity Foods,,10.05,,0,5028869077303,6,250,g,0,1,5028869077303
7735,,6x500g,,Prunes Pitted,3.57,Infinity Foods,,16.05,,0,5028869077358,6,500,g,0,1,5028869077358
8050,,6x125g,,Japanese Rice Crackers,2.29,Infinity Foods,,8.6,V,1.72,5028869080501,6,125,g,2,1,5028869080501
8055,,6x250g,,Japanese Rice Crackers,3.75,Infinity Foods,,14.05,V,2.81,5028869080556,6,250,g,2,1,5028869080556
8075,,6x250g,organic,Cacao Nibs - raw,4.91,Infinity Foods,,22.1,,0,5028869080754,6,250,g,0,1,5028869080754
8080,,6x125g,organic,Cacao Nibs - raw,2.84,Infinity Foods,,12.8,,0,5028869080808,6,125,g,0,1,5028869080808
8106,,6x125g,,Bombay Mix,1.52,Infinity Foods,,6.85,,0,5028869081065,6,125,g,0,1,5028869081065
8111,,6x325g,,Bombay Mix,2.81,Infinity Foods,,12.65,,0,5028869081119,6,325,g,0,1,5028869081119
8180,,6x60g,,BBQ Almonds,1.59,Infinity Foods,,5.95,V,1.19,5028869081805,6,60,g,2,1,5028869081805
8200,,6x55g,,Caramelised Cashews,1.82,Infinity Foods,,6.8,V,1.36,5028869082000,6,55,g,2,1,5028869082000
8202,,6x55g,,Cinnamon & Maple Caramelised Almonds,1.98,Infinity Foods,s,7.4,V,1.48,5028869082024,6,55,g,2,1,5028869082024
8204,,6x55g,,Cinnamon & Maple Caramelised Cashews,1.89,Infinity Foods,,7.1,V,1.42,5028869082048,6,55,g,2,1,5028869082048
8207,,6x65g,organic,Nut Mix,1.84,Infinity Foods,,8.3,,0,5028869082079,6,65,g,0,1,5028869082079
8210,,6x60g,,Pistachio Nuts - roasted & salted,1.88,Infinity Foods,,8.45,,0,5028869082109,6,60,g,0,1,5028869082109
8216,,6x60g,,Roasted & Salted Almonds,1.47,Infinity Foods,,5.5,V,1.1,5028869082161,6,60,g,2,1,5028869082161
8220,,6x55g,,Hot Chilli Cashews,1.63,Infinity Foods,,6.1,V,1.22,5028869082208,6,55,g,2,1,5028869082208
8225,,6x55g,,Seasalt & Black Pepper Cashews,1.91,Infinity Foods,,7.15,V,1.43,5028869082253,6,55,g,2,1,5028869082253
8227,,6x55g,,Roasted & Salted Cashew Nuts,1.52,Infinity Foods,,5.7,V,1.14,5028869082277,6,55,g,2,1,5028869082277
8755,,6x250g,organic,Sun-dried Tomato Halves,3.46,Infinity Foods,s,15.55,,0,5028869087555,6,250,g,0,1,5028869087555
9005,,6x200g,organic,Dark Chocolate (73%) Buttons,9.32,Infinity Foods,,34.95,V,6.99,5028869090050,6,200,g,2,1,5028869090050
9010,,6x200g,organic,Milk Chocolate Buttons,8.44,Infinity Foods,,31.65,V,6.33,5028869090104,6,200,g,2,1,5028869090104
9015,,6x200g,organic,White Chocolate Buttons,8.75,Infinity Foods,,32.8,V,6.56,5028869090159,6,200,g,2,1,5028869090159
9020,,6x200g,organic,"Mixed (Dark, Milk & White) Chocolate Buttons",8.76,Infinity Foods,,32.85,V,6.57,5028869090203,6,200,g,2,1,5028869090203
9093,,6x300g,organic,Cooking Chocolate - 73% very dark,10.22,Infinity Foods,,46,,0,5028869090937,6,300,g,0,1,5028869090937
9094,,6x300g,organic,Cooking Chocolate - milk,9.13,Infinity Foods,,41.1,,0,5028869090944,6,300,g,0,1,5028869090944
9102,,0,,"Metal Clip Strip (11 clips) foc when you buy 4 cases of Infinity Snack bags, quote code",,Infinity Foods,,,,0,,,0,,0,1,
9130,,6x70g,organic,Fruit & Nut Mix,1.58,Infinity Foods,,7.1,,0,5028869091309,6,70,g,0,1,5028869091309
9200,,6x20g,organic,Ground Allspice     [110828],1.9,Infinity Foods,,8.55,,0,5028869092009,6,20,g,0,1,5028869092009
9201,,6x15g,organic,Star Anise     [110828],1.66,Infinity Foods,,7.45,,0,5028869092016,6,15,g,0,1,5028869092016
9202,,6x20g,organic,Basil     [180928],1.43,Infinity Foods,,6.45,,0,5028869092023,6,20,g,0,1,5028869092023
9203,,6x4g,organic,Bay Leaves     [180928],1.43,Infinity Foods,,6.45,,0,5028869092030,6,4,g,0,1,5028869092030
9204,,6x30g,organic,Caraway Seed     [180928],1.66,Infinity Foods,,7.45,,0,5028869092047,6,30,g,0,1,5028869092047
9205,,6x10g,organic,Cardamom Pods     [161028],1.9,Infinity Foods,,8.55,,0,5028869092054,6,10,g,0,1,5028869092054
9206,,6x35g,organic,Cayenne Pepper     [280828],1.9,Infinity Foods,,8.55,,0,5028869092061,6,35,g,0,1,5028869092061
9208,,6x15g,organic,Cinnamon Sticks     [110828],2.2,Infinity Foods,,9.9,,0,5028869092085,6,15,g,0,1,5028869092085
9209,,6x30g,organic,Cinnamon Ground     [180928],1.66,Infinity Foods,,7.45,,0,5028869092092,6,30,g,0,1,5028869092092
9210,,6x25g,organic,Chilli Powder     [280828],1.66,Infinity Foods,,7.45,,0,5028869092108,6,25,g,0,1,5028869092108
9211,,6x20g,organic,Whole Cloves     [110828],1.66,Infinity Foods,,7.45,,0,5028869092115,6,20,g,0,1,5028869092115
9212,,6x40g,organic,Coriander Seed     [180728],1.43,Infinity Foods,,6.45,,0,5028869092122,6,40,g,0,1,5028869092122
9213,,6x40g,organic,Ground Coriander     [280828],1.43,Infinity Foods,,6.45,,0,5028869092139,6,40,g,0,1,5028869092139
9214,,6x25g,organic,Crushed Chillis     [110828],1.9,Infinity Foods,,8.55,,0,5028869092146,6,25,g,0,1,
9215,,6x25g,organic,Cumin Seed     [110828],1.9,Infinity Foods,,8.55,,0,5028869092153,6,25,g,0,1,5028869092153
9216,,6x25g,organic,Ground Cumin     [280828],1.9,Infinity Foods,,8.55,,0,5028869092160,6,25,g,0,1,5028869092160
9217,,6x5g,organic,Curry Leaves     [110828],1.43,Infinity Foods,,6.45,,0,5028869092177,6,5,g,0,1,5028869092177
9218,,6x30g,organic,Curry Powder     [110828],1.66,Infinity Foods,,7.45,,0,5028869092184,6,30,g,0,1,5028869092184
9220,,6x40g,organic,Fennel Seed     [180728],1.43,Infinity Foods,,6.45,,0,5028869092207,6,40,g,0,1,5028869092207
9221,,6x40g,organic,Fenugreek Seed     [110828],1.66,Infinity Foods,,7.45,,0,5028869092214,6,40,g,0,1,5028869092214
9222,,6x25g,organic,Garam Masala     [180728],1.66,Infinity Foods,,7.45,,0,5028869092221,6,25,g,0,1,5028869092221
9223,,6x25g,organic,Garlic Granules     [280828],1.66,Infinity Foods,,7.45,,0,5028869092238,6,25,g,0,1,5028869092238
9224,,6x30g,organic,Ground Ginger     [280828],1.66,Infinity Foods,,7.45,,0,5028869092245,6,30,g,0,1,5028869092245
9225,,6x20g,organic,Herbes de Provence,1.43,Infinity Foods,,6.45,,0,5028869092252,6,20,g,0,1,5028869092252
9226,,6x30g,organic,Juniper Berries     [230428],1.9,Infinity Foods,,8.55,,0,5028869092269,6,30,g,0,1,5028869092269
9227,,6x10g,organic,Marjoram     [110828],1.43,Infinity Foods,,6.45,,0,5028869092276,6,10,g,0,1,5028869092276
9228,,6x20g,organic,Mint (Spearmint)     [280828],1.43,Infinity Foods,,6.45,,0,5028869092283,6,20,g,0,1,5028869092283
9229,,6x20g,organic,Mixed Herbs,1.43,Infinity Foods,,6.45,,0,5028869092290,6,20,g,0,1,5028869092290
9230,,6x25g,organic,Mixed Spice     [161028],1.66,Infinity Foods,,7.45,,0,5028869092306,6,25,g,0,1,5028869092306
9231,,6x50g,organic,Black Mustard Seed     [180728],1.66,Infinity Foods,,7.45,,0,5028869092313,6,50,g,0,1,5028869092313
9232,,6x50g,organic,Yellow Mustard Seed     [190628],1.66,Infinity Foods,,7.45,,0,5028869092320,6,50,g,0,1,5028869092320
9233,,6x20g,organic,Whole Nutmeg     [190628],2.2,Infinity Foods,,9.9,,0,5028869092337,6,20,g,0,1,5028869092337
9234,,6x20g,organic,Ground Nutmeg     [280828],2.2,Infinity Foods,,9.9,,0,5028869092344,6,20,g,0,1,5028869092344
9235,,6x20g,organic,Oregano     [110828],1.66,Infinity Foods,,7.45,,0,5028869092351,6,20,g,0,1,5028869092351
9236,,6x25g,organic,Black Onion Seed (Nigella Seed)     [180728],1.43,Infinity Foods,,6.45,,0,5028869092368,6,25,g,0,1,5028869092368
9237,,6x25g,organic,Paprika     [180928],1.66,Infinity Foods,,7.45,,0,5028869092375,6,25,g,0,1,5028869092375
9238,,6x15g,organic,Parsley     [180928],1.43,Infinity Foods,,6.45,,0,5028869092382,6,15,g,0,1,5028869092382
9239,,6x25g,organic,Ground Black Pepper     [110828],1.9,Infinity Foods,,8.55,,0,5028869092399,6,25,g,0,1,5028869092399
9240,,6x25g,organic,Black Peppercorns     [161028],1.9,Infinity Foods,,8.55,,0,5028869092405,6,25,g,0,1,5028869092405
9241,,6x25g,organic,White Peppercorns     [100628],1.9,Infinity Foods,,8.55,,0,5028869092412,6,25,g,0,1,5028869092412
9243,,6x20g,organic,Rosemary     [180728],1.43,Infinity Foods,,6.45,,0,5028869092436,6,20,g,0,1,5028869092436
9244,,6x25g,organic,Sage     [190628],1.43,Infinity Foods,,6.45,,0,5028869092443,6,25,g,0,1,5028869092443
9245,,6x10g,organic,Tarragon     [100628],1.9,Infinity Foods,,8.55,,0,5028869092450,6,10,g,0,1,5028869092450
9246,,6x25g,organic,Thyme     [161028],1.66,Infinity Foods,,7.45,,0,5028869092467,6,25,g,0,1,5028869092467
9247,,6x30g,organic,Ground Turmeric     [180928],1.43,Infinity Foods,,6.45,,0,5028869092474,6,30,g,0,1,5028869092474
9249,,6x25g,organic,Smoked Paprika     [180728],1.66,Infinity Foods,,7.45,,0,5028869092498,6,25,g,0,1,
10475,,25kg,organic,Amaranth Seed,,Infinity Bulk,,79,,0,,,25,kg,0,1,
10477,,5kg,organic,Amaranth Seed,,Infinity Foods,,17.65,,0,5028869104771,,5,kg,0,1,5028869104771
10490,,20kg,organic,Arborio Rice - white - Italy,,Infinity Bulk,,85,,0,,,20,kg,0,1,
10495,,5kg,organic,Arborio Rice - white - Italy,,Infinity Foods,,23.05,,0,5028869104955,,5,kg,0,1,5028869104955
10505,,20kg,organic,Brown Rice Short Grain - Italy,,Infinity Bulk,,49,,0,,,20,kg,0,1,
10507,,20kg,organic,Black Rice - Italy,,Infinity Bulk,,86,,0,5028869105075,,20,kg,0,1,
10508,,2.5kg,organic,Black Rice - Italy,,Infinity Foods,,12.6,,0,5028869105082,,2.5,kg,0,1,5028869105082
10510,,5kg,organic,Brown Rice Short Grain - Italy,,Infinity Foods,,14.1,,0,5028869105105,,5,kg,0,1,5028869105105
10512,,25kg,organic,Brown Basmati Rice,,Infinity Bulk,,69,,0,,,25,kg,0,1,
10513,,5kg,organic,Brown Basmati Rice,,Infinity Foods,,15.3,,0,5028869105136,,5,kg,0,1,5028869105136
10515,,20kg,organic,Brown Rice Long Grain - Italy,,Infinity Bulk,,50,,0,,,20,kg,0,1,
10520,,5kg,organic,Brown Rice Long Grain - Italy,,Infinity Foods,,14.35,,0,5028869105204,,5,kg,0,1,5028869105204
10525,,25kg,organic,Buckwheat Groats - gluten-free,,Infinity Bulk,,55,,0,,,25,kg,0,1,
10530,,5kg,organic,Buckwheat Groats - gluten-free,,Infinity Foods,,12.85,,0,5028869105303,,5,kg,0,1,5028869105303
10535,,25kg,organic,Bulghur,,Infinity Bulk,,59,,0,,,25,kg,0,1,
10538,,18kg,organic,Fregola - giant couscous - white,,Infinity Bulk,,55.65,,0,,,18,kg,0,1,
10539,,5kg,organic,Fregola - giant couscous - white,,Infinity Foods,,17,,0,5028869105396,,5,kg,0,1,5028869105396
10540,,5kg,organic,Bulghur,,Infinity Foods,,13.65,,0,5028869105402,,5,kg,0,1,5028869105402
10541,,25kg,organic,White Couscous - Italy,,Infinity Bulk,,57,,0,,,25,kg,0,1,
10542,,25kg,organic,Camargue Red Rice - France,,Infinity Bulk,,89,,0,,,25,kg,0,1,
10543,,5kg,organic,Camargue Red Rice - France,,Infinity Foods,,19.6,,0,5028869105433,,5,kg,0,1,5028869105433
10544,,5kg,organic,White Couscous - Italy,,Infinity Foods,,13.2,,0,5028869105440,,5,kg,0,1,5028869105440
10545,,25kg,organic,Wholemeal Couscous - Italy,,Infinity Bulk,,56,,0,,,25,kg,0,1,
10550,,5kg,organic,Wholemeal Couscous - Italy,,Infinity Foods,,13,,0,5028869105501,,5,kg,0,1,5028869105501
10555,,25kg,organic,Millet,,Infinity Bulk,,52,,0,,,25,kg,0,1,
10560,,5kg,organic,Millet,,Infinity Foods,,12.25,,0,5028869105600,,5,kg,0,1,5028869105600
10562,,25kg,organic,Kasha - Roasted Buckwheat - gluten-free,,Infinity Bulk,,70,,0,,,25,kg,0,1,
10565,,25kg,organic,Oat Groats,,Infinity Bulk,,32.5,,0,,,25,kg,0,1,
10570,,5kg,organic,Oat Groats,,Infinity Foods,,8,,0,5028869105709,,5,kg,0,1,5028869105709
10572,,25kg,organic,Orzo - rice shape from durum wheat - white,,Infinity Bulk,,70,,0,,,25,kg,0,1,
10573,,5kg,organic,Orzo - rice shape from durum wheat - white,,Infinity Foods,,15.8,,0,5028869105730,,5,kg,0,1,5028869105730
10575,,25kg,organic,Popping Corn,,Infinity Bulk,,50,,0,,,25,kg,0,1,
10580,,5kg,organic,Popping Corn,,Infinity Foods,,11.8,,0,5028869105808,,5,kg,0,1,5028869105808
10582,,20kg,organic,Pearl Barley,,Infinity Bulk,,28,,0,,,20,kg,0,1,
10583,,5kg,organic,Pearl Barley,,Infinity Foods,,8.85,,0,5028869105839,,5,kg,0,1,5028869105839
10585,,20kg,organic,Pot Barley,,Infinity Bulk,,26.5,,0,,,20,kg,0,1,
10588,,25kg,organic,British White Quinoa Grain - gluten-free,,Infinity Bulk,,135.85,,0,,,25,kg,0,1,
10589,,5kg,organic,British White Quinoa Grain - gluten-free,,Infinity Foods,,29,,0,5028869105891,,5,kg,0,1,5028869105891
10590,,5kg,organic,Pot Barley,,Infinity Foods,,8.5,,0,5028869105907,,5,kg,0,1,5028869105907
10592,,25kg,organic,Quinoa Grain,,Infinity Bulk,,99,,0,,,25,kg,0,1,
10593,,5kg,organic,Quinoa Grain,,Infinity Foods,,21.6,,0,5028869105938,,5,kg,0,1,5028869105938
10595,,25kg,organic,Rye Grain,,Infinity Bulk,,28.2,,0,5011766110914,,25,kg,0,1,50117661109142
10600,,5kg,organic,Rye Grain,,Infinity Foods,,7.45,,0,5028869106003,,5,kg,0,1,5028869106003
10602,,25kg,organic,Spelt Grain,,Infinity Bulk,,47,,0,5028869106027,,25,kg,0,1,
10603,,5kg,organic,Spelt Grain,,Infinity Foods,,11.2,,0,5028869106034,,5,kg,0,1,5028869106034
10608,,20kg,organic,Sushi Rice - white - Italy,,Infinity Bulk,,55,,0,,,20,kg,0,1,
10609,,5kg,organic,Sushi Rice - white - Italy,,Infinity Foods,,15.6,,0,5028869106096,,5,kg,0,1,5028869106096
10615,,25kg,organic,Wheat Grain,,Infinity Bulk,,40,,0,5060099990106,,25,kg,0,1,
10620,,5kg,organic,Wheat Grain,,Infinity Foods,,9.8,,0,5028869106201,,5,kg,0,1,5028869106201
10625,,25kg,organic,White Basmati Rice - Indian,,Infinity Bulk,,80,,0,,,25,kg,0,1,
10627,,5kg,organic,White Basmati Rice - Indian,,Infinity Foods,,17.85,,0,5028869106270,,5,kg,0,1,5028869106270
10645,,25kg,organic,Wild Rice,,Infinity Bulk,,490,,0,,,25,kg,0,1,
10650,,2.5kg,organic,Wild Rice,,Infinity Foods,,50.8,,0,5028869106508,,2.5,kg,0,1,5028869106508
10657,,25kg,organic,Wild Rice Mix,,Infinity Foods,,120.25,,0,5028869106577,,25,kg,0,1,
10660,,2.5kg,organic,Wild Rice Mix,,Infinity Foods,,13.85,,0,5028869106607,,2.5,kg,0,1,5028869106607
10675,,25kg,organic,Brown Jasmine Rice,,Infinity Bulk,,64,,0,,,25,kg,0,1,
10680,,5kg,organic,Brown Jasmine Rice,,Infinity Foods,,14.6,,0,5028869106805,,5,kg,0,1,5028869106805
10684,,25kg,organic,Red Quinoa Grain,,Infinity Bulk,,110,,0,,,25,kg,0,1,
10685,,25kg,organic,White Jasmine Rice,,Infinity Bulk,,64,,0,,,25,kg,0,1,
10686,,5kg,organic,Red Quinoa Grain,,Infinity Foods,,23.8,,0,5028869106867,,5,kg,0,1,5028869106867
10687,,25kg,organic,Black Quinoa Grain,,Infinity Bulk,,120,,0,,,25,kg,0,1,
10690,,5kg,organic,White Jasmine Rice,,Infinity Foods,,14.65,,0,5028869106904,,5,kg,0,1,5028869106904
10691,,2.5kg,organic,Black Quinoa Grain,,Infinity Foods,,13.85,,0,5028869106911,,2.5,kg,0,1,5028869106911
10692,,25kg,organic,Tricolour Quinoa Grain,,Infinity Bulk,,110,,0,5028869106928,,25,kg,0,1,5028869106928
10693,,5kg,organic,Tricolour Quinoa Grain,,Infinity Foods,,23.8,,0,5028869106935,,5,kg,0,1,5028869106935
10716,,6x500g,organic,Arborio Risotto Rice,4.8,Seggiano,,21.6,,0,5033742000729,6,500,g,0,1,10812603020906
10718,,6x500g,organic,Carnaroli Risotto Rice,4.8,Seggiano,,21.6,,0,5033742000712,6,500,g,0,1,10812603020913
10719,,6x500g,organic,Black Nerone Rice,4.53,Seggiano,,20.4,,0,5033742000699,6,500,g,0,1,10812603020920
10805,,12x500g,organic,Sushi Rice - white,3.59,Clearspring,,32.3,,0,5021554986362,12,500,g,0,1,5021554986379
10807,,12x500g,organic,Sushi Rice - brown,3.59,Clearspring,,32.3,,0,5021554986171,12,500,g,0,1,5021554986188
10808,,6x500g,organic,Thai Hom Mali - Brown Jasmine Rice,3.03,Clearspring,r,13.65,,0,5021554006046,6,500,g,0,1,5021554006053
10809,,6x500g,organic,Thai Hom Mali - Aromatic Jasmine Rice,3.03,Clearspring,r,13.65,,0,5021554006022,6,500,g,0,1,5021554006039
10810,,6x500g,organic,Thai Sticky Rice - semi-wholegrain,3.03,Clearspring,r,13.65,,0,5021554006060,6,500,g,0,1,5021554006077
10875,,1x5kg,organic,Barley Grain - for sprouting,13.6,Aconbury Sprouts,,10.2,,0,10875,1,5,kg,0,1,
10885,,1x5kg,organic,Wheat Grain - for sprouting,13.58,Aconbury Sprouts,,10.2,,0,,1,5,kg,0,1,
10950,,6x350g,organic,Fonio - Ancient Grain,4.99,Biona,,22.45,,0,5032722318588,6,350,g,0,1,5032722655973
10953,,6x500g,organic,Black Pearl Rice - formerly black venus,3.81,Biona,r,17.15,,0,5032722313118,6,500,g,0,1,5032722650374
10955,,6x500g,organic,Camargue Red Rice,3.9,Biona,r,17.55,,0,5032722318748,6,500,g,0,1,5032722656130
10956,,6x1kg,organic,Italian Long Grain White Rice,5.89,Biona,,26.5,,0,5032722319547,6,1,kg,0,1,5032722656956
10957,,6x500g,organic,Italian Long Grain White Rice,3.49,Biona,,15.7,,0,5032722319530,6,500,g,0,1,5032722656949
10963,,6x400g,organic,Sushi Rice - White,2.54,Biona,r,11.45,,0,5032722315952,6,400,g,0,1,5032722653351
10965,,6x500g,organic,Risotto Rice - Brown,3.22,Biona,r,14.5,,0,5032722600164,6,500,g,0,1,5032722656314
10966,,6x500g,organic,Black & White Risotto Mix (Venus & Arborio Rices),3.39,Biona,r,15.25,,0,5032722313705,6,500,g,0,1,5032722650985
10967,,6x500g,organic,Thai Jasmine Rice - Brown,3.89,Biona,,17.5,,0,4006040105183,6,500,g,0,1,5032722656147
10968,,6x500g,organic,Thai Jasmine Rice - White,3.99,Biona,,17.95,,0,4006040105398,6,500,g,0,1,5032722656154
10970,,6x500g,organic,White Pudding Rice,2.8,Biona,r,12.6,,0,5032722318915,6,500,g,0,1,5032722656307
10972,,6x500g,organic,Wild Rice Mix,3.99,Biona,r,17.95,,0,5032722318779,6,500,g,0,1,5032722656161
11025,,25kg,,Brown Basmati Rice,,Infinity Bulk,,61,,0,,,25,kg,0,1,
11030,,5kg,,Brown Basmati Rice,,Infinity Foods,,14.05,,0,5028869110307,,5,kg,0,1,5028869110307
11070,,25kg,,Cous Cous - white,,Infinity Bulk,,44,,0,,,25,kg,0,1,
11075,,5kg,,Cous Cous - white,,Infinity Foods,,10.65,,0,5028869110758,,5,kg,0,1,5028869110758
11078,,25kg,,British White Quinoa Grain - gluten-free,,Infinity Bulk,,77,,0,,,25,kg,0,1,
11080,,5kg,,British White Quinoa Grain,,Infinity Foods,,17.25,,0,5028869110802,,5,kg,0,1,
11103,,5kg,,Giant Cous Cous - Maftoul,,Zaytoun,,38.2,,0,5060201150343,,5,kg,0,1,
11105,,6x200g,,Giant Cous Cous - Maftoul,3.34,Zaytoun,,15,,0,5060201150008,6,200,g,0,1,5060201150718
11108,,5kg,,Green Wheat Freekeh - Smoky,,Zaytoun,,38.25,,0,530010919,,5,kg,0,1,
11110,,6x200g,,Green Wheat Freekeh - Smoky,3.34,Zaytoun,,15,,0,5060201150435,6,200,g,0,1,5060201150442
20500,,10kg,organic,Chocolate Stars - gluten-free,,Freee from Doves Farm,,60,,0,5011766578189,,10,kg,0,1,
20505,,20kg,organic,Barley Flakes,,Infinity Bulk,,27.5,,0,,,20,kg,0,1,
20507,,5kg,organic,Buckwheat Flakes - gluten free,,Infinity Bulk,,18.35,,0,5028869205072,,5,kg,0,1,
20508,,7kg,organic,Cornflakes Crunchy,,Infinity Bulk,,33,,0,,,7,kg,,1,
20509,,25kg,organic,Buckwheat Flakes - gluten-free,,Infinity Bulk,,87.5,,0,,,25,kg,0,1,
20510,,5kg,organic,Barley Flakes,,Infinity Foods,,8.75,,0,5028869205102,,5,kg,0,1,5028869205102
20512,,20kg,organic,Millet Flakes - gluten-free,,Infinity Bulk,,60,,0,,,20,kg,0,1,
20513,,5kg,organic,Millet Flakes - gluten-free,,Infinity Foods,,16.85,,0,5028869205133,,5,kg,0,1,5028869205133
20515,,25kg,organic,Jumbo Oatflakes,,Infinity Bulk,,35,,0,,,25,kg,0,1,
20520,,5kg,organic,Jumbo Oatflakes,,Infinity Foods,,8.5,,0,5028869205201,,5,kg,0,1,5028869205201
20522,,25kg,organic,Spelt Flakes,,Infinity Bulk,,55,,0,,,25,kg,0,1,
20525,,25kg,organic,Rolled Oatflakes,,Infinity Bulk,,35,,0,,,25,kg,0,1,
20526,,25kg,organic,Quinoa Flakes - gluten-free,,Infinity Bulk,,155,,0,,,25,kg,0,1,
20527,,5kg,organic,Quinoa Flakes,,Infinity Foods,,32.85,,0,5028869205270,,5,kg,0,1,5028869205270
20530,,5kg,organic,Rolled Oatflakes,,Infinity Foods,,8.5,,0,5028869205300,,5,kg,0,1,5028869205300
20532,,20kg,organic,Brown Rice Flakes - gluten-free,,Infinity Bulk,,65,,0,,,20,kg,0,1,
20533,,5kg,organic,Brown Rice Flakes,,Infinity Foods,,18.05,,0,5028869205331,,5,kg,0,1,5028869205331
20535,,20kg,organic,Rye Flakes,,Infinity Bulk,,27.5,,0,,,20,kg,0,1,
20545,,20kg,organic,Wheat Flakes,,Infinity Bulk,,26,,0,,,20,kg,0,1,
20575,,20kg,organic,Gluten-free Jumbo Oatflakes,,Infinity Bulk,,42,,0,,,20,kg,0,1,
20577,,5kg,organic,Gluten-free Jumbo Oatflakes,,Infinity Foods,,12.35,,0,5028869205775,,5,kg,0,1,5028869205775
20585,,20kg,organic,Gluten-free Rolled Oatflakes,,Infinity Bulk,,42,,0,,,20,kg,0,1,
20587,,5kg,organic,Gluten-free Rolled Oatflakes,,Infinity Foods,,12.35,,0,5028869205874,,5,kg,0,1,5028869205874
20654,,5kg,organic,Porridge Oats - bag with handle,,Pimhill,,11.4,,0,5060099990144,,5,kg,0,1,5060099990144
20655,,12x850g,organic,Porridge Oats - bags,2.88,Pimhill,,25.95,,0,5060099990380,12,850,g,0,1,5060099990427
20658,,5kg,organic,Jumbo Oats - bag with handle,,Pimhill,,11.4,,0,5060099990205,,5,kg,0,1,5060099990205
20660,,12x850g,organic,Jumbo Oats - bags,2.88,Pimhill,,25.95,,0,5060099990397,12,850,g,0,1,5060099990434
35705,,12x280g,,Gluten-free Mince Pies 4 pack - vegan,5.68,Foods of Athenry,,51.1,,0,5391512391010,12,280,g,0,1,5391512391096
35710,,6x300g,organic,Mince Pies - 6 in a box,8.46,Roots & Wings,,38.05,,0,5035540102018,6,300,g,0,1,5035540102063
35711,,6x300g,organic,Mini Mince Pies - 12 in a box,8.94,Roots & Wings,,40.25,,0,5035540102001,6,300,g,0,1,5035540102056
35713,,6x454g,organic,Family Christmas Pudding,11.92,Roots & Wings,,53.65,,0,5035540102032,6,454,g,0,1,5035540102070
35714,,6x454g,organic,Ceramic Family Christmas Pudding made with gf flour,18.5,Roots & Wings,,83.25,,0,5035540102278,6,454,g,0,1,5035540102285
35715,,12x100g,organic,Vegan Mini Christmas Pudding made with gf flour,4.33,Roots & Wings,,39,,0,5035540102650,12,100,g,0,1,
40202,,6x350g,organic,Chestnut Flour,5.01,Amisa,r,22.55,,0,5032722313866,6,350,g,0,1,5032722651159
40302,,12x500g,organic,Coconut Flour - raw - gluten-free,2.99,Biona,,26.9,,0,5032722312692,12,500,g,0,1,5032722649941
40305,,12x500g,organic,Polenta - gluten-free,2.59,Biona,,23.3,,0,4006040120698,12,500,g,0,1,5032722643482
40400,,8x5x9g,organic,Active Dry Yeast,5.34,Bioreal,,32,,0,4260028363495,8,5x9,g,0,1,4260028363594
40405,,12x10g,organic,Original Sourdough Starter,5.5,Bread Matters,,49.4,,0,799928905961,12,10,g,0,1,700461185536
40505,,5x1kg,organic,Fine Plain Wholemeal Flour,1.39,Doves Farm,r,5.2,,0,5011766010030,5,1,kg,0,1,5011766110273
40510,,25kg,organic,Fine Plain Wholemeal Flour,,Doves Farm,,27.8,,0,,,25,kg,0,1,50117661106486
40515,,5x1kg,organic,Self Raising Wholemeal Flour,1.4,Doves Farm,r,5.25,,0,5011766010047,5,1,kg,0,1,5011766110280
40520,,15kg,organic,Wheat Bran,,Infinity Bulk,,28,,0,,,15,kg,0,1,
40525,,25kg,organic,Maize Flour (yellow) - gluten-free,,Freee from Doves Farm,,53,,0,,,25,kg,0,1,
40527,,25kg,organic,Stoneground Wholemeal Spelt Flour,,Doves Farm,,50.85,,0,,,25,kg,0,1,50117661107544
40530,,25kg,organic,Strong Stoneground Wholemeal Flour,,Doves Farm,,26.5,,0,,,25,kg,0,1,5011766110631
40536,,5x290g,organic,Brown Rice Flour,1.92,Doves Farm,r,7.2,,0,5011766011006,5,290,g,0,1,5011766112116
40537,,5x260g,organic,Chickpea Flour,2.28,Doves Farm,r,8.55,,0,5011766010993,5,260,g,0,1,5011766112109
40540,,5x1.5kg,organic,Wholemeal Strong Bread Flour,1.95,Doves Farm,r,7.3,,0,5011766000307,5,1.5,kg,0,1,5011766110242
40545,,5x1kg,organic,Plain White Flour,1.53,Doves Farm,r,5.75,,0,5011766010016,5,1,kg,0,1,5011766110259
40550,,5x1kg,organic,White Rye Flour,1.87,Doves Farm,r,7,,0,5011766010658,5,1,kg,0,1,5011766111706
40553,,5x1kg,organic,Spelt Wholemeal Flour,2.39,Doves Farm,r,8.95,,0,5011766010078,5,1,kg,0,1,5011766110228
40554,,5x1kg,organic,White Spelt Flour,2.8,Doves Farm,r,10.5,,0,5011766010184,5,1,kg,0,1,5011766110334
40555,,25kg,organic,Strong White Bread Flour (with Vitamin C),,Doves Farm,,30.3,,0,,,25,kg,0,1,5011766110662
40557,,25kg,organic,Traditional Strong White Bread Flour,,Doves Farm,,30.3,,0,,,25,kg,0,1,50117661106868
40558,,16kg,organic,Strong White Bread Flour (with Vitamin C),,Doves Farm,,19.4,,0,,,16,kg,0,1,5011766110679
40559,,16kg,organic,Sack Gluten-free Plain White Flour,,Doves Farm,,42.5,,0,5011766111102,,16,kg,0,1,5011766111102
40560,,5x1.5kg,organic,Strong White Bread Flour,2.08,Doves Farm,r,7.8,,0,5011766001007,5,1.5,kg,0,1,5011766101103
40563,,5x1kg,organic,Einkorn Wholemeal Flour - English,2.91,Doves Farm,r,10.9,,0,5011766010443,5,1,kg,0,1,5011766110594
40565,,5x1kg,organic,Self Raising White Flour,1.56,Doves Farm,r,5.85,,0,5011766010023,5,1,kg,0,1,5011766110266
40570,,25kg,organic,Plain White Flour,,Doves Farm,,29.2,,0,,,25,kg,0,1,5011766110693
40572,,25kg,organic,Self Raising White Flour,,Doves Farm,,32.45,,0,,,25,kg,0,1,50117661107094
40574,,5x1kg,organic,Malthouse Bread Flour,1.8,Doves Farm,r,6.75,,0,5011766010061,5,1,kg,0,1,5011766110174
40575,,25kg,organic,Malthouse Bread Flour,,Doves Farm,,39.3,,0,,,25,kg,0,1,5011766110785
40576,,4x450g,organic,Oat Flour,3.57,Doves Farm,r,10.7,,0,5011766010986,4,450,g,0,1,5011766112093
40577,,5x1.5kg,organic,Oaty White Strong Bread Flour,2.79,Doves Farm,r,10.45,,0,5011766011174,5,1.5,kg,0,1,5011766112291
41015,,25kg,organic,Buckwheat Flour - gluten-free,,Infinity Bulk,,79,,0,,,25,kg,0,1,
41016,,20kg,organic,Chickpea Flour - gluten-free,,Infinity Bulk,,54.4,,0,,,20,kg,0,1,
41026,,25kg,organic,Polenta,,Infinity Bulk,,54,,0,,,25,kg,0,1,
41027,,25kg,organic,Potato Starch,,Infinity Bulk,,95,,0,,,25,kg,0,1,
41030,,25kg,organic,Rye Flour - whole,,Doves Farm,,29.5,,0,,,25,kg,0,1,5011766110839
41050,,25kg,organic,Tapioca Flour,,Infinity Bulk,,55,,0,,,25,kg,0,1,
41203,,5x130g,,Baking Powder - gluten-free,1.85,Freee from Doves Farm,,6.95,,0,5011766222426,5,130,g,0,1,5011766022446
41208,,5x200g,,Bicarbonate of Soda - gluten-free,1.69,Freee from Doves Farm,,6.35,,0,5011766222419,5,200,g,0,1,5011766022439
41212,,5x110g,organic,Corn Starch Flour - gluten-free,2.2,Doves Farm,,8.25,,0,5011766222532,5,110,g,0,1,5011766022569
41216,,5x120g,,Vitamin C - for bread improvement,5.6,Doves Farm,,17.5,V,3.5,5011744222549,5,120,g,2,1,5011766022576
41218,,5x100g,,Xanthan Gum - gluten-free binder,4.19,Freee from Doves Farm,,13.1,V,2.62,5011766222440,5,100,g,2,1,5011766022460
41305,,3x1kg,,Baking Powder - gluten-free,6.17,Freee from Doves Farm,,18.5,,0,5011766010269,3,1,kg,0,1,5011766110419
41310,,3x1kg,,Bicarbonate of Soda - gluten-free,3.92,Freee from Doves Farm,,9.8,V,1.96,5011766010375,3,1,kg,2,1,5011766110525
41312,,3x1kg,organic,Corn Starch Flour - gluten-free,6.47,Freee from Doves Farm,,19.4,,0,5011766110426,3,1,kg,0,1,5011766110426
41315,,3x1kg,,Xanthan Gum,19.2,Freee from Doves Farm,,48,V,9.6,5011766010245,3,1,kg,2,1,5011766110396
41320,,6x250g,organic,Blanched Almond Flour,5.29,Forest Whole Foods,,23.8,,0,5060510106703,6,250,g,0,1,5061086412816
42003,,25kg,organic,Oat Bran,,Mornflake,,38.6,,0,,,25,kg,0,1,
42004,,2.5kg,organic,Oat Bran,,Infinity Foods,,5.35,,0,5028869420048,,2.5,kg,0,1,5028869420048
42005,,5kg,organic,Oatmeal - Fine,,Infinity Foods,,8,,0,5028869420055,,5,kg,0,1,5028869420055
42010,,25kg,organic,Oatmeal - Fine,,Mornflake,,32.5,,0,,,25,kg,0,1,
42015,,5kg,organic,Oatmeal - Medium,,Infinity Foods,,8,,0,5028869420154,,5,kg,0,1,5028869420154
42020,,25kg,organic,Oatmeal - Medium,,Mornflake,,32.5,,0,,,25,kg,0,1,
42025,,5kg,organic,Oatmeal - Coarse (Pinhead),,Infinity Foods,,8,,0,5028869420253,,5,kg,0,1,5028869420253
42030,,25kg,organic,Oatmeal - Coarse (Pinhead),,Mornflake,,32.5,,0,,,25,kg,0,1,
42255,,10x500g,organic,Polenta,4.95,Realfoods by Organico,,37.1,,0,5034210160051,10,500,g,0,1,5034210160051
42490,,16kg,organic,Brown Rice Flour Fine - gluten-free,,Shipton Mill,,36.1,,0,,,16,kg,0,1,
42495,,16kg,organic,White Rice Flour Fine - gluten-free,,Shipton Mill,,32.05,,0,,,16,kg,0,1,
42505,,5x2.5kg,organic,100% Wholewheat Flour,4.95,Shipton Mill,,18.55,,0,5016473011257,5,2.5,kg,0,1,5016473011202
42510,,5x2.5kg,organic,Strong Plain White Flour - Traditional,4.88,Shipton Mill,,18.3,,0,5016473013251,5,2.5,kg,0,1,5016473013206
42512,,6x1kg,organic,Cake & Pastry Flour,2.07,Shipton Mill,,9.3,,0,5016473014326,6,1,kg,0,1,5016473014517
42514,,6x1kg,organic,Light Rye Flour,1.98,Shipton Mill,,8.9,,0,5016473014319,6,1,kg,0,1,5016473014500
42515,,6x1kg,organic,Pizza Pasta Type 00 Flour,2.15,Shipton Mill,,9.65,,0,5016473015026,6,1,kg,0,1,5016473015026
42517,,6x1kg,organic,Self Raising White Flour,2.21,Shipton Mill,,9.95,,0,5016473015118,6,1,kg,0,1,5016473015118
42518,,6x1kg,organic,Spelt Flour White,2.88,Shipton Mill,,12.95,,0,5016473014302,6,1,kg,0,1,5016473014494
42520,,6x1kg,organic,Spelt Flour Wholemeal,2.71,Shipton Mill,,12.2,,0,5016473014296,6,1,kg,0,1,5016473015101
42525,,6x1kg,organic,Stoneground Wholemeal Flour,2.11,Shipton Mill,,9.5,,0,5016473015255,6,1,kg,0,1,5016473014463
42535,,6x1kg,organic,Traditional White Flour,2.09,Shipton Mill,,9.4,,0,5016473014258,6,1,kg,0,1,5016473014456
42545,,6x1kg,organic,3 Malts & Sunflower Brown Flour,2.5,Shipton Mill,,11.25,,0,5016473016252,6,1,kg,0,1,5016473014470
42559,,1x500g,,Active Dried Yeast - tin,7.93,S.I.Lesaffre,,5.95,,0,3516661350004,1,500,g,0,1,3516662200001
42570,,6x500g,,Vital Wheat Gluten Flour,3.54,Suma,,15.95,,0,5017601038597,6,500,g,0,1,5017601038580
42573,,1x500g,organic,Cassava Flour - gluten-free,4.59,Tiana,,3.45,,0,5060043610999,1,500,g,0,1,5060043610996
42575,,1x500g,organic,Coconut Flour,4.59,Tiana,,3.45,,0,5060043610548,1,500,g,0,1,5060043610545
51037,,5x1kg,,Rice Flour (brown & white) - gluten-free,2.45,Freee from Doves Farm,,9.2,,0,5011766010085,5,1,kg,0,1,5011766110204
51044,,5x1kg,,Wholegrain Buckwheat Flour - gluten-free,5,Freee from Doves Farm,,18.75,,0,5011766010665,5,1,kg,0,1,5011766111478
51048,,5x800g,,Gram Flour - gluten-free,2.45,Freee from Doves Farm,,9.2,,0,5011766011167,5,800,g,0,1,5011766112284
51065,,5x1kg,organic,Rye Wholemeal Flour,1.55,Doves Farm,r,5.8,,0,5011766010054,5,1,kg,0,1,5011766110211
51067,,5x1kg,organic,Seedhouse Bread Flour,2.96,Doves Farm,r,11.1,,0,5011766011037,5,1,kg,0,1,5011766112147
51070,,5x1kg,organic,Pasta & Pizza Flour,1.85,Doves Farm,r,6.95,,0,5011766010115,5,1,kg,0,1,5011766110167
51074,,16kg,,Sack Gluten-free Self-Raising White Flour,,Freee from Doves Farm,,30.3,,0,5011766111126,,16,kg,0,1,5011766111126
51075,,5x1kg,,Gluten-free Plain White Flour,3,Freee from Doves Farm,,11.25,,0,5011766010139,5,1,kg,0,1,5011766110181
51076,,16kg,,Sack Gluten-free Plain White Flour,,Freee from Doves Farm,,30.3,,0,,,16,kg,0,1,5011766111096
51077,,5x1kg,,Gluten-free Self-Raising White Flour,3,Freee from Doves Farm,,11.25,,0,5011766010207,5,1,kg,0,1,5011766110358
51080,,5x1kg,,Gluten-free Brown Bread Flour,3.16,Freee from Doves Farm,,11.85,,0,5011766010153,5,1,kg,0,1,5011766110303
51082,,5x1kg,,Gluten-free White Bread Flour,3,Freee from Doves Farm,,11.25,,0,5011766010146,5,1,kg,0,1,5011766110198
51085,,8x125g,,Quick Dried Yeast - packet - gluten-free,1.85,Freee from Doves Farm,,11.1,,0,5011766222211,8,125,g,0,1,5011766222242
60105,,6x650g,organic,Apple & Cinnamon Bircher,4.06,Alara,,18.25,,0,5016786002317,6,650,g,0,1,5016786412345
60111,,6x450g,organic,Ancient Grains Muesli,4.26,Alara,,19.15,,0,5016786090000,6,450,g,0,1,5016786412000
60112,,6x550g,organic,Crispy Fruit Muesli,4.06,Alara,,18.25,,0,5016786002294,6,550,g,0,1,5016786412321
60114,,6x450g,organic,Gluten-free Muesli with Goji & Cranberries,4.66,Alara,,20.95,,0,5016786270006,6,450,g,0,1,5016786411850
60122,,6x450g,organic,30 Plants Muesli,3.96,Alara,r,17.8,,0,5016786002560,6,450,g,0,1,5016786412598
60124,,6x450g,organic,30 Plants Overnight Oats,3.96,Alara,r,17.8,,0,5016786002577,6,450,g,0,1,5016786412604
60250,,6x500g,organic,Rich Muesli,3.96,Alara,,17.8,,0,5016786000009,6,500,g,0,1,5016786000016
60266,,6x250g,organic,Gluten-free Delight Muesli,4.06,Alara,,18.25,,0,5016786030006,6,250,g,0,1,5016786030013
60268,,6x650g,organic,Fruits & Seeds Muesli,4.06,Alara,,18.25,,0,5016786001792,6,650,g,0,1,5016786411829
60269,,6x650g,organic,Original Muesli,4.06,Alara,,18.25,,0,5016786002300,6,650,g,0,1,5016786412338
60304,,4x1kg,organic,Pure Porridge Oats,5.48,Amisa,,16.45,,0,5032722318618,4,1,kg,0,1,105032722656000
60305,,6x325g,organic,Pure Porridge Oats,2.69,Amisa,,12.1,,0,5032722312241,6,325,g,0,1,5032722648586
60310,,6x300g,organic,Apple & Cinnamon Porridge Oats,3.69,Amisa,,16.6,,0,5032722312265,6,300,g,0,1,5032722648609
60311,,6x300g,organic,Four Grain Porridge,3.39,Amisa,,15.25,,0,5032722314368,6,300,g,0,1,5032722651722
60312,,6x325g,organic,Fruity Oat Muesli,4.19,Amisa,,18.85,,0,5032722312258,6,325,g,0,1,5032722648593
60320,,6x375g,organic,Spelt Crunchy,4.69,Amisa,,21.1,,0,5032722307803,6,375,g,0,1,5032722651272
60325,,6x250g,organic,Crispy Spelt Flakes,3.29,Amisa,,14.8,,0,5032722307421,6,250,g,0,1,5032722644021
60330,,6x200g,organic,Spelt Honey Puffs,3.29,Amisa,,14.8,,0,5032722307889,6,200,g,0,1,5032722644588
60335,,6x200g,organic,Spelt Puffs - vegan,2.59,Amisa,,11.65,,0,5032722307179,6,200,g,0,1,5032722644595
60350,,6x250g,organic,Activated Granola Apple & Flax Seed,5.19,Ancestral Superfoods,,23.35,,0,3800500822167,6,250,g,0,1,3800500822419
60352,,6x250g,organic,Activated Granola Carob & Dried Fig,4.52,Ancestral Superfoods,,20.35,,0,3800500822143,6,250,g,0,1,3800500822402
60353,,6x250g,organic,Activated Granola Pumpkin Seed & Orange,5.19,Ancestral Superfoods,,23.35,,0,3800500822228,6,250,g,0,1,3800500822426
60402,,6x375g,organic,Choco-Coconut Granola,4.99,Biona,,22.45,,0,5032722318380,6,375,g,0,1,5032722655782
60403,,6x375g,organic,Granola Nutty Clusters Low Sugar,5.99,Biona,,26.95,,0,5032722319523,6,375,g,0,1,5032722656925
60405,,6x375g,organic,Honey & Hazel Crunch Granola,5.39,Biona,,24.25,,0,5032722300484,6,375,g,0,1,5032722651234
60412,,6x375g,organic,Wild Berry Crisp Granola - boxed,6.49,Biona,,29.2,,0,5032722306158,6,375,g,0,1,5032722651258
60413,,6x375g,organic,Pure Oaty Granola - wheat-free,4.49,Biona,,20.2,,0,5032722312289,6,375,g,0,1,5032722651265
60416,,6x500g,organic,Porridge Oats,2.39,Biona,,10.75,,0,5032722318625,6,500,g,0,1,5032722656017
60417,,6x300g,organic,Crispy Spelt Flakes,3.29,Biona,,14.8,,0,5032722320413,6,300,g,0,1,5032722657885
60418,,7x200g,organic,Honey Spelt Puffs,3.49,Biona,,18.3,,0,5032722320437,7,200,g,0,1,5032722657908
60419,,6x200g,organic,Spelt Puffs,2.69,Biona,,12.1,,0,5032722320420,6,200,g,0,1,5032722657892
61005,,12.5kg,organic,Toasted Wheat Flakes,,Community,,35,,0,,,12.5,kg,0,1,
61314,,5x400g,,Chocolate Muesli,4.65,Freee from Doves Farm,,17.45,,0,5011766778206,5,400,g,0,1,5011766878288
61509,,5x300g,organic,Chocolate Stars,3.25,Freee from Doves Farm,,12.2,,0,5011766778008,5,300,g,0,1,5011766578004
61511,,5x325g,organic,Cornflakes,3.16,Freee from Doves Farm,,11.85,,0,5011766778022,5,325,g,0,1,5011766578028
61512,,5x300g,organic,Cinnamon Hoops,3.25,Freee from Doves Farm,,12.2,,0,5011766778169,5,300,g,0,1,5011766578233
61513,,5x450g,,Swiss Style Muesli,3.85,Freee from Doves Farm,,14.45,,0,5011766778190,5,450,g,0,1,5011766578271
61516,,5x375g,organic,Cereal Flakes,4,Freee from Doves Farm,,15,,0,5011766777995,5,375,g,0,1,5011766577991
61521,,5x375g,organic,Fibre Flakes,3.85,Freee from Doves Farm,,14.45,,0,5011766777988,5,375,g,0,1,5011766577984
61523,,5x375g,organic,Fruit & Fibre Flakes,5,Freee from Doves Farm,,18.75,,0,5011766778053,5,375,g,0,1,5011766578066
61524,,6x375g,organic,Ancient Grain Spelt Flakes,4.43,Doves Farm,,19.95,,0,5011766778183,6,375,g,0,1,5011766578264
61526,,5x300g,organic,Supergrain Hoops,3.85,Freee from Doves Farm,,14.45,,0,5011766778060,5,300,g,0,1,11766578073
61530,,5x300g,organic,Ancient Grain Cereal Hoops,4.49,Doves Farm,,16.85,,0,5011766778145,5,300,g,0,1,5011766578158
61532,,5x375g,organic,Ancient Grain Fruit & Fibre Flakes,4.99,Doves Farm,,18.7,,0,5011766778121,5,375,g,0,1,5011766578134
61534,,5x300g,organic,Wholegrain Cocoa Rice Pops,3.55,Doves Farm,,13.3,,0,5011766778152,5,300,g,0,1,5011766578165
61610,,6x380g,,Nutty Granola,4.14,Deliciously Ella,,18.65,,0,5060482841565,6,380,g,0,1,15060482841562
61908,,20kg,organic,Granola Base,,Infinity Bulk,,105,,0,,,20,kg,0,1,
61909,,5kg,organic,Granola Base,,Infinity Foods,,28.1,,0,5028869619091,,5,kg,0,1,
61910,,25kg,organic,Vitality Muesli,,Infinity Foods,,104.25,,0,5028869619107,,25,kg,0,1,
61915,,5kg,organic,Vitality Muesli,,Infinity Foods,,22.7,,0,5028869619152,,5,kg,0,1,5028869619152
62012,,10kg,organic,Bran Flakes,,Infinity Foods,,45.15,,0,,,10,kg,0,1,
62013,,15kg,organic,Bran Sticks,,Infinity Bulk,,50,,0,,,15,kg,0,1,
62014,,2kg,organic,Bran Sticks,,Infinity Bulk,,8.5,,0,5028869620141,,2,kg,0,1,5028869620141
62015,,25kg,organic,Gluten-free Muesli - Original,,Infinity Foods,,146,,0,5028869620158,,25,kg,0,1,
62025,,25kg,organic,Super Muesli,,Infinity Foods,,97,,0,5028869620257,,25,kg,0,1,
62030,,5kg,organic,Super Muesli,,Infinity Foods,,21.25,,0,5028869620301,,5,kg,0,1,5028869620301
62032,,25kg,organic,Deluxe Muesli,,Infinity Foods,,74.25,,0,5028869620325,,25,kg,0,1,
62033,,5kg,organic,Deluxe Muesli,,Infinity Foods,,16.7,,0,5028869620332,,5,kg,0,1,5028869620332
62035,,20kg,organic,Muesli Base,,Infinity Foods,,32.4,,0,5028869620356,,20,kg,0,1,
62040,,5kg,organic,Muesli Base,,Infinity Foods,,9.9,,0,5028869620400,,5,kg,0,1,5028869620400
62060,,9kg,organic,Puffed Quinoa,,Infinity Foods,,96.25,,0,,,9,kg,0,1,
62062,,1kg,organic,Puffed Quinoa,,Infinity Foods,,12.5,,0,5028869620622,,1,kg,0,1,5028869620622
62503,,12x375g,organic,Cornflakes,3.29,Kallo,,29.65,,0,5013665117797,12,375,g,0,1,5013665148869
62505,,8x225g,organic,Puffed Rice Natural,3.85,Kallo,,23.1,,0,5013665101413,8,225,g,0,1,5013665104278
63188,,5x300g,organic,Blueberry Raspberry Yogurt Nobbly Granola,4.61,Nature's Path,r,17.3,,0,58449221333,5,300,g,0,1,10058449221330
63199,,4x284g,organic,Choco Chimps,3.75,Nature's Path,r,11.25,,0,58449870241,4,284,g,0,1,10058449185014
63207,,4x332g,organic,Maple Sunrise,3.92,Nature's Path,r,11.75,,0,58449771722,4,332,g,0,1,10058449771996
63230,,4x355g,organic,Mesa Sunrise,4.07,Nature's Path,r,12.2,,0,58449771890,4,355,g,0,1,10058449771897
63241,,4x300g,organic,Gorilla Munch,3.75,Nature's Path,r,11.25,,0,58449191179,4,300,g,0,1,10058449191176
63472,,12x850g,organic,Muesli,4.69,Pimhill,,42.2,,0,5060099990618,12,850,g,0,1,5060099990625
63480,,12x850g,organic,"Apricot, Fig & Seed Muesli (no wheat or nuts)",5.93,Pimhill,,53.25,,0,5060099999802,12,850,g,0,1,5060099990526
63482,,6x500g,organic,Fruit & Nut Granola,6.4,Pimhill,h,28.8,,0,5010026521422,6,500,g,0,1,5010026521439
63734,,8x175g,organic,Honey Spelt Puffs,3.5,Rude Health,,19.6,,0,5060120283122,8,175,g,0,1,5060120283139
70485,,6x500g,,Luxury Gluten-free Porridge -  no oats,3.66,Alara,,16.45,,0,5016786040005,6,500,g,0,1,5016786280005
70490,,6x500g,,Everyday Gluten-free Pure Oatflakes,3.27,Alara,,14.7,,0,5016786200003,6,500,g,0,1,5016786200010
70506,,4x350g,,Cocoa Alpha Bites,2.3,Bear,r,6.9,,0,5060139431255,4,350,g,0,1,5060139434379
70509,,4x350g,,Multigrain Alpha Bites,2.3,Bear,r,6.9,,0,5060139431262,4,350,g,0,1,5060139434393
70515,,25kg,,De Luxe Muesli - 16 natural ingredients,,Community,,86.25,,0,,,25,kg,0,1,5012246114996
71604,,5x350g,organic,Organic Granola,4.43,Lizi's,,16.6,,0,5060043224684,5,350,g,0,1,5060043224707
71607,,5x350g,,Gluten-free Granola,5.17,Lizi's,,19.4,,0,5060043224608,5,350,g,0,1,5060043225469
71611,,5x400g,,Original Granola - non-organic,3.95,Lizi's,,14.8,,0,5060043225414,5,400,g,0,1,5060043225421
71612,,5x350g,,High Protein Granola,4.27,Lizi's,,16,,0,5060092030977,5,350,g,0,1,5060043223687
71613,,5x400g,,Low Sugar Granola,4.27,Lizi's,,16,,0,5060043225353,5,400,g,0,1,5060043225360
71731,,6x375g,,Instant Bircher Muesli Soft & Fruity,3.48,Rude Health,,14.65,,0,5060120285492,6,375,g,0,1,5060120285508
71739,,6x400g,organic,The Ultimate Muesli - vegan,4.24,Rude Health,r,17.8,,0,5060120285454,6,400,g,0,1,5060120285461
71750,,8x175g,,Puffed Oats,2.25,Rude Health,,12.6,,0,5060120282040,8,175,g,0,1,5060120282033
71755,,4x225g,,Puffed Brown Rice - gluten-free,2.04,Rude Health,r,5.7,,0,5060120281067,4,225,g,0,1,5060120281074
71776,,6x400g,organic,The Ultimate Granola,4.24,Rude Health,r,17.8,,0,5060120285331,6,400,g,0,1,5060120285348
71777,,6x400g,,Chocolate Crunch Granola,3.99,Rude Health,,16.8,,0,5060120285829,6,400,g,0,1,5060120285836
71778,,6x400g,,Roasted Almond Granola,3.99,Rude Health,,16.8,,0,5060120285393,6,400,g,0,1,5060120285409
71782,,6x400g,,Low Sugar Granola - Almond & Hazelnut,3.99,Rude Health,,16.8,,0,5060120285362,6,400,g,0,1,5060120285362
80505,,25kg,organic,Aduki Beans,,Infinity Bulk,,77,,0,,,25,kg,0,1,
80510,,5kg,organic,Aduki Beans,,Infinity Foods,,17.2,,0,5028869805104,,5,kg,0,1,5028869805104
80517,,25kg,organic,Brown Lentils,,Infinity Bulk,,65,,0,,,25,kg,0,1,
80518,,5kg,organic,Brown Lentils,,Infinity Foods,,14.8,,0,5028869805180,,5,kg,0,1,5028869805180
80519,,25kg,organic,Butter Beans,,Infinity Bulk,,140,,0,,,25,kg,0,1,
80520,,25kg,organic,Chickpeas - Italy,,Infinity Bulk,,76,,0,,,25,kg,0,1,
80521,,25kg,organic,Cannellini Beans,,Infinity Bulk,,82,,0,,,25,kg,0,1,
80522,,5kg,organic,Cannellini Beans,,Infinity Foods,,18.2,,0,5028869805227,,5,kg,0,1,5028869805227
80523,,5kg,organic,Butter Beans,,Infinity Foods,,29.85,,0,5028869805234,,5,kg,0,1,5028869805234
80524,,25kg,organic,Chana Dal - split hulled chickpeas,,Infinity Bulk,,108,,0,,,25,kg,0,1,
80525,,5kg,organic,Chickpeas - Italy,,Infinity Foods,,17,,0,5028869805258,,5,kg,0,1,5028869805258
80526,,5kg,organic,Chana Dal - split hulled chickpeas,,Infinity Foods,,23.4,,0,5028869805265,,5,kg,0,1,5028869805265
80530,,25kg,organic,Green Split Peas - Italy,,Infinity Bulk,,60,,0,,,25,kg,0,1,
80535,,5kg,organic,Green Split Peas - Italy,,Infinity Foods,,13.85,,0,5028869805357,,5,kg,0,1,5028869805357
80540,,25kg,organic,Haricot Beans,,Infinity Bulk,,66,,0,,,25,kg,0,1,
80545,,5kg,organic,Haricot Beans,,Infinity Foods,,15,,0,5028869805456,,5,kg,0,1,5028869805456
80550,,25kg,organic,Mung Beans,,Infinity Bulk,,102,,0,,,25,kg,0,1,
80555,,5kg,organic,Mung Beans,,Infinity Foods,,22.25,,0,5028869805555,,5,kg,0,1,5028869805555
80557,,25kg,organic,Mung Dal - split hulled mung beans,,Infinity Bulk,,93,,0,,,25,kg,0,1,
80558,,5kg,organic,Mung Dal - split hulled mung beans,,Infinity Foods,,20.4,,0,5028869805586,,5,kg,0,1,5028869805586
80560,,25kg,organic,Pinto Beans,,Infinity Bulk,,70,,0,,,25,kg,0,1,
80565,,5kg,organic,Pinto Beans,,Infinity Foods,,15.8,,0,5028869805654,,5,kg,0,1,5028869805654
80570,,25kg,organic,French Type Lentils,,Infinity Bulk,,94,,0,,,25,kg,0,1,
80575,,5kg,organic,French Type Lentils,,Infinity Foods,,20.65,,0,5028869805753,,5,kg,0,1,5028869805753
80580,,25kg,organic,Red Kidney Beans,,Infinity Bulk,,89,,0,,,25,kg,0,1,
80585,,5kg,organic,Red Kidney Beans,,Infinity Foods,,19.65,,0,5028869805852,,5,kg,0,1,5028869805852
80590,,25kg,organic,Red Split Lentils,,Infinity Bulk,,65,,0,,,25,kg,0,1,
80595,,5kg,organic,Red Split Lentils,,Infinity Foods,,14.8,,0,5028869805951,,5,kg,0,1,5028869805951
80600,,25kg,organic,Soya Beans,,Infinity Bulk,,50,,0,,,25,kg,0,1,
80615,,25kg,organic,Beluga Lentils (black),,Infinity Bulk,,105,,0,,,25,kg,0,1,
80617,,5kg,organic,Beluga Lentils (black),,Infinity Foods,,22.8,,0,5028869806170,,5,kg,0,1,5028869806170
80620,,25kg,organic,Black Turtle Beans,,Infinity Bulk,,60,,0,,,25,kg,0,1,
80625,,5kg,organic,Black Turtle Beans,,Infinity Foods,,13.8,,0,5028869806255,,5,kg,0,1,5028869806255
80630,,25kg,organic,Green Lentils,,Infinity Bulk,,73,,0,,,25,kg,0,1,
80635,,5kg,organic,Green Lentils,,Infinity Foods,,16.4,,0,5028869806354,,5,kg,0,1,5028869806354
80640,,25kg,organic,Yellow Split Peas,,Infinity Bulk,,53,,0,,,25,kg,0,1,
80645,,5kg,organic,Yellow Split Peas,,Infinity Foods,,12.4,,0,5028869806453,,5,kg,0,1,5028869806453
80660,,12x500g,organic,Organic Split Fava Beans (broad beans),2.06,Hodmedod's,,18.55,,0,5060324810230,12,500,g,0,1,25060324810234
80893,,12x500g,,Whole Olive Green Lentils,3.24,Hodmedod's,,29.2,,0,5060324811268,12,500,g,0,1,25060324811262
80895,,12x500g,organic,Whole Fava Beans (broad beans),2.46,Hodmedod's,,22.1,,0,5060324810872,12,500,g,0,1,25060324810876
83418,,6x500g,organic,Gluten Free Panettone (Box),21.67,Fraccaro,,97.5,,0,8006073282857,6,500,g,0,1,18006073282854
90502,,20kg,organic,Hulled Hemp Seeds,,Infinity Bulk,,188.25,,0,,,20,kg,0,1,
90503,,5kg,organic,Hulled Hemp Seeds,,Infinity Foods,,48.9,,0,5028869905033,,5,kg,0,1,5028869905033
90511,,10kg,organic,Flaked Almonds,,Infinity Bulk,s,144.95,,0,,,10,kg,0,1,
90512,,2.5kg,organic,Flaked Almonds,,Infinity Foods,s,38.1,,0,5028869905125,,2.5,kg,0,1,5028869905125
90513,,10kg,organic,Ground Almonds,,Infinity Bulk,s,138.95,,0,,,10,kg,0,1,
90514,,2.5kg,organic,Ground Almonds,,Infinity Foods,s,36.6,,0,5028869905149,,2.5,kg,0,1,5028869905149
90515,,10kg,organic,Almonds,,Infinity Bulk,s,134.95,,0,,,10,kg,0,1,
90517,,10kg,organic,Blanched Almonds,,Infinity Bulk,s,142.95,,0,,,10,kg,0,1,
90518,,2.5kg,organic,Blanched Almonds,,Infinity Foods,s,36.6,,0,5028869905187,,2.5,kg,0,1,5028869905187
90520,,2.5kg,organic,Almonds,,Infinity Foods,s,35.6,,0,5028869905200,,2.5,kg,0,1,5028869905200
90522,,20kg,organic,Brazil Nuts,,Infinity Bulk,,285,,0,,,20,kg,0,1,
90523,,2.5kg,organic,Brazil Nuts,,Infinity Foods,,37.45,,0,5028869905231,,2.5,kg,0,1,5028869905231
90524,,22.68kg,organic,Cashews Whole,,Infinity Bulk,,215.55,,0,,,22.68,kg,0,1,
90525,,20kg,organic,Brazil Nuts - Broken Pieces,,Infinity Bulk,,258.15,,0,,,20,kg,0,1,
90526,,2.5kg,organic,Cashews Whole,,Infinity Foods,,22.55,,0,5028869905262,,2.5,kg,0,1,5028869905262
90527,,25kg,organic,Chia Seeds,,Infinity Bulk,,133.75,,0,,,25,kg,0,1,
90528,,2kg,organic,Chia Seeds,,Infinity Foods,,12.5,,0,5028869905286,,2,kg,0,1,5028869905286
90529,,25kg,organic,Coconut Desiccated,,Infinity Bulk,,110.9,,0,,,25,kg,0,1,
90530,,3kg,organic,Coconut Desiccated,,Infinity Foods,,15.1,,0,5028869905309,,3,kg,0,1,5028869905309
90531,,10kg,organic,Toasted Coconut Chips,,Infinity Bulk,,55.15,,0,,,10,kg,0,1,
90532,,10kg,organic,Coconut Chips,,Infinity Bulk,,51.9,,0,,,10,kg,0,1,
90533,,3kg,organic,Coconut Chips,,Infinity Foods,,17.35,,0,5028869905330,,3,kg,0,1,5028869905330
90534,,25kg,organic,Nut Mix,,Infinity Foods,,324,,0,5028869905347,,25,kg,0,1,
90535,,10kg,organic,Hazelnuts,,Infinity Bulk,,142.25,,0,,,10,kg,0,1,
90536,,22.68kg,organic,Cashews Large Pieces,,Infinity Bulk,,175.55,,0,,,22.68,kg,0,1,
90537,,2.5kg,organic,Cashews Large Pieces,,Infinity Foods,,21.2,,0,5028869905378,,2.5,kg,0,1,5028869905378
90538,,11.34kg,organic,Macadamia Nuts,,Infinity Bulk,,215.15,,0,,,11.34,kg,0,1,
90539,,0.75kg,organic,Macadamia Nuts,,Infinity Foods,,16,,0,5028869905392,,0.75,kg,0,1,5028869905392
90540,,2.5kg,organic,Hazelnuts,,Infinity Foods,,37.4,,0,5028869905408,,2.5,kg,0,1,5028869905408
90541,,10kg,organic,Roast Whole Hazelnuts,,Infinity Foods,,176.25,V,35.25,,,10,kg,2,1,
90542,,20kg,organic,Hemp Seeds - whole,,Infinity Bulk,,113.65,,0,,,20,kg,0,1,
90543,,5kg,organic,Hemp Seeds - whole,,Infinity Foods,,30.25,,0,5028869905439,,5,kg,0,1,5028869905439
90544,,3kg,organic,Toasted Coconut Chips,,Infinity Foods,,18.35,,0,5028869905446,,3,kg,0,1,5028869905446
90545,,25kg,organic,Linseed Brown,,Infinity Bulk,,45.5,,0,,,25,kg,0,1,
90546,,2.5kg,organic,Brazil Nuts - Broken Pieces,,Infinity Foods,,34.1,,0,5028869905460,,2.5,kg,0,1,5028869905460
90547,,10kg,organic,Raw Pistachio Kernels,,Infinity Bulk,,335.5,,0,,,10,kg,0,1,
90548,,5kg,organic,Raw Pistachio Kernels,,Infinity Foods,,169.6,,0,5028869905484,,5,kg,0,1,5028869905484
90549,,0.75kg,organic,Raw Pistachio Kernels,,Infinity Foods,,27,,0,5028869905491,,0.75,kg,0,1,5028869905491
90550,,5kg,organic,Linseed Brown,,Infinity Foods,,10.9,,0,5028869905507,,5,kg,0,1,5028869905507
90552,,25kg,organic,Linseed Gold,,Infinity Bulk,,56.5,,0,,,25,kg,0,1,
90553,,5kg,organic,Linseed Gold,,Infinity Foods,,13.1,,0,5028869905538,,5,kg,0,1,5028869905538
90554,,2.5kg,organic,Nut Mix,,Infinity Foods,,34.25,,0,5028869905545,,2.5,kg,0,1,5028869905545
90555,,25kg,organic,Peanuts,,Infinity Bulk,,87.35,,0,,,25,kg,0,1,
90556,,3kg,organic,Omega Four Seed Mix,,Infinity Foods,,14,,0,5028869905569,,3,kg,0,1,5028869905569
90557,,3kg,organic,Fruit & Nut Mix,,Infinity Foods,,30.9,,0,5028869905576,,3,kg,0,1,5028869905576
90558,,3kg,organic,Poppy Seed,,Infinity Foods,,20.1,,0,5028869905583,,3,kg,0,1,5028869905583
90559,,25kg,organic,Poppy Seed,,Infinity Bulk,,155,,0,,,25,kg,0,1,
90560,,5kg,organic,Peanuts,,Infinity Foods,,19.3,,0,5028869905606,,5,kg,0,1,5028869905606
90561,,13.6kg,organic,Pecans - Halves,,Infinity Bulk,,249.55,,0,,,13.6,kg,0,1,
90562,,25kg,organic,Pine Kernels,,Infinity Bulk,,769.45,,0,,,25,kg,0,1,
90563,,2kg,organic,Pecans - Halves,,Infinity Foods,,38.55,,0,5028869905637,,2,kg,0,1,5028869905637
90564,,25kg,organic,Pumpkin Seeds - AA grade,,Infinity Bulk,,141.35,,0,,,25,kg,0,1,
90565,,1kg,organic,Pine Kernels,,Infinity Foods,,32.6,,0,5028869905651,,1,kg,0,1,5028869905651
90566,,13.6kg,organic,Pecan Pieces (13.6kg),,Infinity Bulk,H,216.95,,0,,,13.6,kg,0,1,
90567,,2kg,organic,Pecan Pieces,,Infinity Foods,,33.7,,0,5028869905675,,2,kg,0,1,5028869905675
90568,,5kg,organic,Pine Kernels,,Infinity Foods,s,179.75,,0,5028869905682,,5,kg,0,1,5028869905682
90569,,3kg,organic,Hi Energy Trail Mix,,Infinity Foods,,24.8,,0,5028869905699,,3,kg,0,1,5028869905699
90570,,2kg,organic,Pumpkin Seeds - AA grade,,Infinity Foods,,13.15,,0,5028869905705,,2,kg,0,1,5028869905705
90571,,25kg,organic,Omega Four Seed Mix,,Infinity Foods,,101.5,,0,5028869905712,,25,kg,0,1,
90572,,25kg,organic,Austrian Pumpkin Seeds,,Infinity Bulk,,239.25,,0,5028869905729,,25,kg,0,1,
90573,,2kg,organic,Austrian Pumpkin Seeds,,Infinity Foods,,20.95,,0,5028869905736,,2,kg,0,1,5028869905736
90574,,3kg,organic,"Three Seed Mix - sunflower, pumpkin, pine",,Infinity Foods,,20.2,,0,5028869905743,,3,kg,0,1,5028869905743
90575,,25kg,organic,Hulled Sesame Seeds - white,,Infinity Bulk,,95.25,,0,,,25,kg,0,1,
90580,,5kg,organic,Hulled Sesame Seeds - white,,Infinity Foods,,20.9,,0,5028869905804,,5,kg,0,1,5028869905804
90582,,25kg,organic,Sesame Seeds - whole - brown,,Infinity Bulk,,80.55,,0,,,25,kg,0,1,
90583,,5kg,organic,Sesame Seeds - whole - brown,,Infinity Foods,,17.95,,0,5028869905835,,5,kg,0,1,5028869905835
90585,,25kg,organic,Sunflower Seed - kernels,,Infinity Bulk,,60.35,,0,,,25,kg,0,1,
90587,,25kg,organic,Black Sesame Seeds - whole,,Infinity Bulk,,115.95,,0,,,25,kg,0,1,
90588,,3kg,organic,Black Sesame Seeds - whole,,Infinity Foods,,15.75,,0,5028869905880,,3,kg,0,1,5028869905880
90590,,5kg,organic,Sunflower Seed - kernels,,Infinity Foods,,13.85,,0,5028869905903,,5,kg,0,1,5028869905903
90591,,10kg,organic,Walnut Halves - Light,,Infinity Bulk,,97.25,,0,,,10,kg,0,1,
90594,,2.5kg,organic,Walnut Halves - Light,,Infinity Foods,,26.2,,0,5028869905941,,2.5,kg,0,1,5028869905941
90595,,10kg,organic,Walnut Light Pieces,,Infinity Bulk,,83.5,,0,,,10,kg,0,1,
90600,,2.5kg,organic,Walnut Light Pieces,,Infinity Foods,,22.7,,0,5028869906009,,2.5,kg,0,1,5028869906009
90606,,1kg,organic,Tigernuts - Blanched,,Infinity Foods,I,10.3,,0,5028869906061,,1,kg,0,1,5028869906061
90607,,3kg,organic,Trail Mix,,Infinity Foods,,19.2,,0,5028869906078,,3,kg,0,1,5028869906078
90613,,1x2kg,organic,Black Sunflower Seeds,16.47,Aconbury Sprouts,,12.35,,0,,1,2,kg,0,1,
90615,,10kg,organic,Blanched Roasted Peanuts,,Infinity Bulk,,54,V,10.8,,,10,kg,2,1,
90637,,8x250g,organic,Alfalfa,7.05,Aconbury Sprouts,,42.3,,0,5037605000994,8,250,g,0,1,5037605001052
90640,,8x250g,organic,Broccoli,9.92,Aconbury Sprouts,,59.5,,0,5037605001014,8,250,g,0,1,5037605001014
90642,,8x500g,organic,Brown Lentils,4.46,Aconbury Sprouts,,26.75,,0,5037605000192,8,500,g,0,1,5037605000192
90645,,8x500g,organic,Chickpeas,4.51,Aconbury Sprouts,,27.05,,0,5037605000086,8,500,g,0,1,5037605001199
90647,,8x250g,organic,China Rose Radish,4.83,Aconbury Sprouts,,29,,0,5037605001007,8,250,g,0,1,5037605001069
90652,,8x500g,organic,Mixed Beans,5.19,Aconbury Sprouts,,31.15,,0,5037605000987,8,500,g,0,1,5037605001045
90657,,8x500g,organic,Mung Beans,6.31,Aconbury Sprouts,,37.85,,0,5037605000208,8,500,g,0,1,5037605000819
90658,,8x500g,organic,Snow Peas,4.74,Aconbury Sprouts,,28.45,,0,5037605001090,8,500,g,0,1,5037605001205
90672,,6x500g,organic,Milled Linseeds - Raw,4.96,Alara,,22.3,,0,5016786002218,6,500,g,0,1,5016786412246
90702,,12x200g,organic,Creamed Coconut,3.29,Biona,,29.6,,0,5032722307018,12,200,g,0,1,5032722643550
90705,,6x500g,organic,Cracked Linseed Gold - Omega Extra,5.99,Biona,,26.95,,0,5032722306073,6,500,g,0,1,5032722642508
90710,,6x500g,organic,Linseed Gold,3.69,Biona,,16.6,,0,5032722200128,6,500,g,0,1,5032722640801
90712,,6x500g,organic,Linseed Brown,3.29,Biona,,14.8,,0,5032722306950,6,500,g,0,1,5032722643499
90715,,8x250g,organic,Hemp Seeds - whole,2.99,Biona,,17.9,,0,5032722300453,8,250,g,0,1,5032722642638
90718,,12x200g,organic,Creamed Coconut,2.79,Coconut Merchant,r,25.15,,0,5060468010633,12,200,g,0,1,55060468010638
90722,,18x30g,organic,Mixed Almonds - on-the-go,0.95,Crazy Jack,,12.8,,0,5012246006208,18,30,g,0,1,15012246006205
90730,,6x500g,organic,Amaranth Seed,3.69,Forest Whole Foods,,16.6,,0,5060510101753,6,500,g,0,1,
90837,,12x200g,organic,French Chestnuts in a Box,5.95,Realfoods by Organico,,53.55,,0,5034210521067,12,200,g,0,1,5034210910304
90880,,6x175g,organic,Milled Flaxseed - large,3.52,Prewetts,,15.8,,0,5013387201897,6,175,g,0,1,5013387201903
90895,,6x450g,organic,Black Chia Seeds - raw,8.99,Raw Health,,40.45,,0,5032722312586,6,450,g,0,1,5032722648920
90899,,12x80g,,Peeled Roasted Chestnuts,1.79,Trustin,,16.15,,0,5038480003209,12,80,g,0,1,
90905,,12x40g,organic,Alfalfa Seeds,2.19,A. Vogel,,19.7,,0,4043571360049,12,40,g,0,1,4006040169505
90906,,12x30g,organic,Broccoli Seeds,2.19,A. Vogel,,19.7,,0,7610313419746,12,30,g,0,1,4006040169840
90907,,12x40g,organic,Little Radish Seeds,2.19,A. Vogel,,19.7,,0,4043571360070,12,40,g,0,1,4006040169444
90910,,12x40g,organic,Mung Beans,1.93,A. Vogel,,17.4,,0,4043571360063,12,40,g,0,1,4006040169543
90916,,12x40g,organic,Wellness Mix,2.19,A. Vogel,,19.7,,0,7610313425433,12,40,g,0,1,4006040169567
90917,,12x40g,organic,Fitness Mix,1.93,A. Vogel,,17.4,,0,4043571360025,12,40,g,0,1,4006040169468
91010,,22.68kg,,Almonds,,Infinity Bulk,,175,,0,,,22.68,kg,0,1,
91015,,3kg,,Almonds,,Infinity Foods,,24.95,,0,5028869910150,,3,kg,0,1,5028869910150
91030,,10kg,,Flaked Almonds,,Infinity Bulk,,95.9,,0,,,10,kg,0,1,
91035,,3kg,,Flaked Almonds,,Infinity Foods,,30.6,,0,5028869910358,,3,kg,0,1,5028869910358
91040,,10kg,,Ground Almonds,,Infinity Bulk,,84.35,,0,,,10,kg,0,1,
91045,,3kg,,Ground Almonds,,Infinity Foods,,27.15,,0,5028869910457,,3,kg,0,1,5028869910457
91070,,22.68kg,,Cashews - large pieces,,Infinity Bulk,,145.5,,0,,,22.68,kg,0,1,
91075,,5kg,,Cashews - large pieces,,Infinity Foods,,33.95,,0,5028869910754,,5,kg,0,1,
91080,,22.68kg,,Cashews Whole,,Infinity Bulk,,180.95,,0,,,22.68,kg,0,1,
91085,,3kg,,Cashews Whole,,Infinity Foods,,25.8,,0,5028869910853,,3,kg,0,1,5028869910853
91090,,25kg,,Chia Seeds,,Infinity Bulk,,82.9,,0,,,25,kg,0,1,
91095,,2kg,,Chia Seeds,,Infinity Foods,,8.45,,0,5028869910952,,2,kg,0,1,5028869910952
91146,,5kg,,Macadamia Nuts - raw,,Infinity Foods,,66,,0,5028869911461,,5,kg,0,1,
91147,,11.34kg,,Macadamia Nuts - raw,,Infinity Bulk,,145.5,,0,,,11.34,kg,0,1,
91148,,1kg,,Macadamia Nuts - raw,,Infinity Foods,,14.65,,0,5028869911485,,1,kg,0,1,5028869911485
91170,,13.6kg,,Pecans Halves,,Infinity Bulk,,210.5,,0,,,13.6,kg,0,1,
91175,,2kg,,Pecans Halves,,Infinity Foods,,32.8,,0,5028869911751,,2,kg,0,1,5028869911751
91190,,10kg,,Pistachios - roasted & salted,,Infinity Bulk,,144.5,,0,,,10,kg,0,1,
91192,,10kg,,Pistachio Kernels - raw,,Infinity Bulk,,260.35,,0,,,10,kg,0,1,
91193,,0.75kg,,Pistachio Kernels - raw,,Infinity Foods,,21.35,,0,5028869911935,,0.75,kg,0,1,5028869911935
91194,,5kg,,Pistachio Kernels - raw,,Infinity Foods,,132,,0,5028869911942,,5,kg,0,1,
91195,,2kg,,Pistachios - roasted & salted,,Infinity Foods,,30.75,,0,5028869911959,,2,kg,0,1,5028869911959
91200,,25kg,,Pumpkin Seeds - AA grade,,Infinity Bulk,,100.25,,0,,,25,kg,0,1,
91205,,5kg,,Pumpkin Seeds - AA grade,,Infinity Foods,,21.85,,0,5028869912055,,5,kg,0,1,5028869912055
91225,,25kg,,Sunflower Seeds,,Infinity Bulk,,45.05,,0,,,25,kg,0,1,
91230,,5kg,,Sunflower Seeds,,Infinity Foods,,10.8,,0,5028869912307,,5,kg,0,1,5028869912307
91245,,12.5kg,,Walnut Light Halves,,Infinity Bulk,,83.95,,0,,,12.5,kg,0,1,
91250,,3kg,,Walnut Light Halves,,Infinity Foods,,22,,0,5028869912505,,3,kg,0,1,5028869912505
91305,,8x300g,,Chia Seed,3.45,Hodmedod's,,20.65,,0,5060324811756,8,300,g,0,1,15060324811753
91307,,6x200g,organic,Activated Almonds,12.99,Raw Living,,54.55,,0,5060116153446,6,200,g,0,1,5060116156645
91308,,6x200g,organic,Activated Brazil Nuts,12.99,Raw Living,,54.55,,0,5060116153460,6,200,g,0,1,5060116156652
91309,,6x200g,organic,Activated Mixed Nuts,12.99,Raw Living,,54.55,,0,5060116154191,6,200,g,0,1,5060116156669
91310,,6x200g,organic,Activated Pecan Nuts,14.99,Raw Living,,62.95,,0,5060116153613,6,200,g,0,1,5060116156683
91311,,6x200g,organic,Activated Pumpkin Seeds,9.98,Raw Living,,41.9,,0,5060116154412,6,200,g,0,1,5060116156621
91312,,6x200g,organic,Activated Sunflower Seeds,5.69,Raw Living,t,23.9,,0,5060116153606,6,200,g,0,1,5060116156638
91315,,6x200g,organic,Activated Walnuts,12.99,Raw Living,,54.55,,0,5060116153453,6,200,g,0,1,5060116156676
91577,,6x150g,,Almonds,5.88,Zaytoun,,26.45,,0,5060201150350,6,150,g,0,1,5060201150381
100411,,6x750ml,organic,E.V Olive Oil,14.39,Biona,,64.75,,0,5032722318908,6,750,ml,0,1,5032722656291
100485,,11.34kg,organic,Cranberries with Apple Juice,,Infinity Bulk,,145.85,,0,,,11.34,kg,0,1,
100486,,11.34kg,organic,Sliced Cranberries sugar sweetened,,Infinity Bulk,r,110.5,,0,,,11.34,kg,0,1,
100487,,2kg,organic,Sliced Cranberries sugar sweetened,,Infinity Foods,r,21,,0,5028869004873,,2,kg,0,1,5028869004873
100490,,2kg,organic,Cranberries with Apple Juice,,Infinity Foods,,27.55,,0,5028869100490,,2,kg,0,1,5028869100490
100495,,10kg,organic,Sour Cherries - pitted (10kg),,Infinity Bulk,H,174.15,,0,,,10,kg,0,1,
100497,,1kg,organic,Sour Cherries - pitted,,Infinity Foods,,19.25,,0,5028869014971,,1,kg,0,1,5028869014971
100510,,10kg,organic,Apricots Whole,,Infinity Bulk,,116.35,,0,,,10,kg,0,1,
100515,,5kg,organic,Apricots Whole,,Infinity Foods,,60.15,,0,5028869015152,,5,kg,0,1,5028869015152
100517,,10kg,organic,Chopped Apricots,,Infinity Bulk,,97.2,,0,,,10,kg,0,1,
100518,,1kg,organic,Chopped Apricots,,Infinity Foods,,11.55,,0,5028869015183,,1,kg,0,1,5028869015183
100520,,12.5kg,organic,Currants,,Infinity Bulk,,91.95,,0,,,12.5,kg,0,1,
100521,,6.8kg,organic,Banana Chips,,Infinity Bulk,,31.1,,0,,,6.8,kg,0,1,
100525,,5kg,organic,Currants,,Infinity Foods,,38.65,,0,5028869015251,,5,kg,0,1,5028869015251
100528,,1kg,organic,Chopped Dates,,Infinity Foods,,5,,0,5028869015282,,1,kg,0,1,5028869015282
100530,,1kg,organic,Chopped Figs,,Infinity Foods,,8.65,,0,5028869015305,,1,kg,0,1,5028869015305
100531,,10kg,organic,Dates - pitted,,Infinity Foods,,43.6,,0,,,10,kg,0,1,
100532,,10kg,organic,Dates Select - Pitted,,Infinity Bulk,,27,,0,,,10,kg,0,1,
100533,,5kg,organic,Dates Select - Pitted,,Infinity Foods,,15.35,,0,5028869015336,,5,kg,0,1,5028869015336
100535,,5kg,organic,Dates - pitted,,Infinity Foods,,23.65,,0,5028869015350,,5,kg,0,1,
100537,,12.5kg,organic,Chopped Dates (12.5kg),,Infinity Bulk,H,39.75,,0,,,12.5,kg,0,1,
100538,,10kg,organic,Mulberries - white,,Infinity Bulk,,139.9,,0,,,10,kg,0,1,
100539,,10kg,organic,Figs,,Infinity Bulk,,95.95,,0,,,10,kg,0,1,
100540,,5kg,organic,Figs,,Infinity Foods,,49.85,,0,5028869015404,,5,kg,0,1,5028869015404
100541,,20kg,organic,Golden Berries,,Infinity Bulk,,390.4,,0,,,20,kg,0,1,
100542,,1kg,organic,Golden Berries,,Infinity Foods,,21.35,,0,5028869005429,,1,kg,0,1,5028869005429
100543,,10kg,organic,Goji Berries,,Infinity Bulk,,105,,0,,,10,kg,0,1,
100544,,1kg,organic,Mulberries - white,,Infinity Foods,,15.85,,0,5028869100544,,1,kg,0,1,5028869100544
100545,,1kg,organic,Goji Berries,,Infinity Foods,,12.35,,0,5028869015459,,1,kg,0,1,5028869015459
100548,,5kg,organic,Mixed Vine Fruit,,Infinity Foods,,30.15,,0,5028869015480,,5,kg,0,1,5028869015480
100549,,10kg,organic,Chopped Figs,,Infinity Bulk,,68.5,,0,,,10,kg,0,1,
100552,,5kg,organic,Ginger Crystallised,,Infinity Foods,,31.25,V,6.25,5028869015527,,5,kg,2,1,5028869015527
100555,,12.5kg,organic,Prunes - Pitted,,Infinity Bulk,,145.25,,0,,,12.5,kg,0,1,
100556,,1kg,organic,Mango Strips (Brooks Variety),,Infinity Bulk,,14,,0,5028869005566,,1,kg,0,1,
100557,,5kg,organic,Prunes - Pitted,,Infinity Foods,,59.9,,0,5028869015572,,5,kg,0,1,5028869015572
100560,,10kg,organic,Raisins - s/f oil dressed,,Infinity Bulk,,47.5,,0,,,10,kg,0,1,
100565,,5kg,organic,Raisins - s/f oil dressed,,Infinity Foods,,25.6,,0,5028869015657,,5,kg,0,1,5028869015657
100569,,2kg,organic,Mango Strips - Burkina Faso,,Infinity Bulk,,23.6,,0,5028869015695,,2,kg,0,1,5028869015695
100570,,12.5kg,organic,Sultanas - s/f oil dressed,,Infinity Bulk,,58.5,,0,,,12.5,kg,0,1,
100571,,2kg,organic,Mango Pieces,,Infinity Bulk,,22,,0,5028869005719,,2,kg,0,1,5028869005719
100575,,5kg,organic,Sultanas - s/f oil dressed,,Infinity Foods,,25.25,,0,5028869015756,,5,kg,0,1,5028869015756
100775,,7x100g,organic,Cranberries with sugar & veg.oil,1.58,Crazy Jack,,8.3,,0,5012246524085,7,100,g,0,1,25012246524089
100779,,6x100g,organic,Mango - Ready-to-Eat,2.49,Crazy Jack,,11.2,,0,5012246004983,6,100,g,0,1,15012246004980
100781,,16x30g,organic,Mango - on-the-go,0.95,Crazy Jack,,11.4,,0,5012246006185,16,30,g,0,1,15012246006182
100782,,12x200g,organic,Apricots - Ready-to-Eat,5.83,Crazy Jack,,52.5,,0,5012246006444,12,200,g,0,1,25012246006448
100784,,12x200g,organic,Dates - Ready-to-Eat,2.4,Crazy Jack,,21.6,,0,5012246006451,12,200,g,0,1,25012246006455
100788,,12x200g,organic,Figs - Ready-to-Eat,4.4,Crazy Jack,,39.6,,0,5012246006468,12,200,g,0,1,25012246006462
100790,,12x200g,organic,Prunes - Ready-to-Eat,2.6,Crazy Jack,,23.4,,0,5012246006475,12,200,g,0,1,25012246006479
100800,,6x250g,organic,Dried Mango - Brooks,5.42,Forest Whole Foods,,24.4,,0,5060510102231,6,250,g,0,1,5061086412878
100810,,8x450g,,Delight Medjoul Dates from Palestine,5.51,Rift Valley Farms,h,33.05,,0,696168606811,8,450,g,0,1,696168606811
100811,,8x900g,,Delight Medjoul Dates from Palestine,9.95,Rift Valley Farms,h,59.7,,0,696168606903,8,900,g,0,1,696168606903
100813,,8x450g,organic,Jordanian Organic Medjoul Dates,7.82,Rift Valley Farms,h,46.9,,0,696168607252,8,450,g,0,1,696168607252
100814,,8x900g,organic,Jordanian Organic Medjoul Dates,13.81,Rift Valley Farms,h,82.85,,0,696168607276,8,900,g,0,1,696168607276
101035,,12.5kg,,Apricots Whole Yellow - SO2,,Infinity Bulk,,115,,0,,,12.5,kg,0,1,
101040,,5kg,,Apricots Whole Yellow - SO2,,Infinity Foods,,47.85,,0,5028869010409,,5,kg,0,1,5028869010409
101055,,6.8kg,,Banana Chips,,Infinity Bulk,,28.45,,0,,,6.8,kg,0,1,
101056,,11.34kg,,Cranberries sweetened with sugar,,Infinity Bulk,,63.65,,0,,,11.34,kg,0,1,
101057,,2kg,,Cranberries sweetened with sugar,,Infinity Foods,,13,,0,5028869101053,,2,kg,0,1,5028869101053
101075,,10kg,,Dates Chopped - some pips,,Infinity Bulk,,17,,0,,,10,kg,0,1,
101092,,10kg,,Dates Pitted,,Infinity Bulk,,17.6,,0,,,10,kg,0,1,
101093,,5kg,,Dates Pitted,,Infinity Foods,,10.65,,0,5028869010935,,5,kg,0,1,5028869010935
101095,,5kg,,Medjoul Dates,,Zaytoun,,50.85,,0,5060201150459,,5,kg,0,1,
101115,,5kg,,Ginger crystallised & caster sugar,,Infinity Bulk,,23.5,V,4.7,5028869001155,,5,kg,2,1,5028869001155
101120,,10kg,,Goji Berries,,Infinity Bulk,,96.8,,0,,,10,kg,0,1,
101125,,1kg,,Goji Berries,,Infinity Foods,,11.45,,0,5028869001254,,1,kg,0,1,5028869001254
101140,,5kg,,Papaya - SO2 - with sugar,,Infinity Bulk,,30.15,,0,5028869001407,,5,kg,0,1,5028869001407
101170,,5kg,,Pineapple - SO2 - with sugar,,Infinity Foods,,28.6,,0,5028869011703,,5,kg,0,1,5028869011703
101195,,12.5kg,,Prunes - Pitted,,Infinity Bulk,,50,,0,,,12.5,kg,0,1,
101200,,5kg,,Prunes - Pitted,,Infinity Foods,,21.8,,0,5028869012007,,5,kg,0,1,5028869012007
101250,,1kg,,Candied Mixed Peel  - contains SO2 - bag,,Suma,,6.25,,0,5017601009122,,1,kg,0,1,5017601009122
101251,,6x200g,,Candied Mixed Peel  - contains SO2 - tub,2.65,Suma,,11.9,,0,5017601024460,6,200,g,0,1,5017601024453
102001,,6x150g,organic,Sun-dried Chewy Banana Chips,4.61,Tropical Wholefoods,,20.75,,0,5030131120143,6,150,g,0,1,5030131220140
102003,,6x100g,organic,Sun-dried Pineapple - FT,4.61,Tropical Wholefoods,,20.75,,0,5030131120211,6,100,g,0,1,5030131120617
102012,,6x100g,organic,Sun-Dried Mango,4.61,Tropical Wholefoods,,20.75,,0,5030131120044,6,100,g,0,1,5030131220041
102105,,6x250g,,Medjoul Dates with Stone - Boxed,5.25,Zaytoun,,23.6,,0,5060201150015,6,250,g,0,1,5060201150268
102109,,6x500g,,Medjoul Dates - Shelf Ready Boxed,9.95,Zaytoun,,44.7,,0,5060324010074,6,500,g,0,1,5060324010081
102111,,6x140g,,Caramelised Almonds,6.58,Zaytoun,,24.35,V,4.87,5060324010050,6,140,g,2,1,5060324010005
102112,,6x140g,,Roasted Chilli Almonds,6.58,Zaytoun,,24.35,V,4.87,5060324010111,6,140,g,2,1,5060324010128
102113,,6x140g,,Smoked Almonds,6.58,Zaytoun,,24.35,V,4.87,5060201150688,6,140,g,2,1,5060201150695
130203,,10x500g,organic,Buckwheat Fusilli - 100%,4.79,Amisa,,35.9,,0,5032722314214,10,500,g,0,1,5032722651579
130204,,12x500g,organic,Buckwheat Spaghetti - 100%,4.79,Amisa,,43.1,,0,5032722315457,12,500,g,0,1,5032722652859
130225,,10x500g,organic,Fusilli Wholegrain Rice,3.59,Amisa,,26.9,,0,5032722313408,10,500,g,0,1,5032722650688
130320,,12x500g,organic,Fusilli - wholewheat,2.39,Biona,,21.5,,0,5032722304468,12,500,g,0,1,5032722641105
130322,,12x500g,organic,Macaroni - wholewheat,2.39,Biona,,21.5,,0,5032722310070,12,500,g,0,1,5032722647374
130325,,12x500g,organic,Penne - wholewheat,2.39,Biona,,21.5,,0,5032722304451,12,500,g,0,1,5032722641099
130330,,12x500g,organic,Spaghetti - wholewheat,2.39,Biona,,21.5,,0,5032722304444,12,500,g,0,1,5032722641082
130332,,10x250g,organic,Matcha Tagliatelle Nests,2.49,Biona,,18.65,,0,5032722320192,10,250,g,0,1,5032722657632
130352,,10x500g,organic,Spelt Fusilli - wholemeal,2.99,Biona,,22.4,,0,5032722305038,10,500,g,0,1,5032722641747
130357,,10x500g,organic,Spelt Penne - wholemeal,2.99,Biona,,22.4,,0,5032722305045,10,500,g,0,1,5032722641662
130358,,12x250g,organic,Spelt Lasagne - wholemeal,3.19,Biona,,28.7,,0,5032722318793,12,250,g,0,1,5032722656185
130360,,12x500g,organic,Spelt Spaghetti - wholemeal,2.99,Biona,,26.9,,0,5032722306486,12,500,g,0,1,5032722656222
130366,,8x400g,organic,Brown Rice Fusilli,3.24,Freee from Doves Farm,,19.45,,0,5011766666497,8,400,g,0,1,5011766066501
130367,,8x400g,organic,Brown Rice Penne,3.24,Freee from Doves Farm,,19.45,,0,5011766666503,8,400,g,0,1,5011766066518
130368,,9x400g,organic,Brown Rice Spaghetti,3.24,Freee from Doves Farm,,21.85,,0,5011766666527,9,400,g,0,1,5011766066532
130369,,8x400g,organic,Brown Rice Tortiglioni,3.24,Freee from Doves Farm,,19.45,,0,5011766666510,8,400,g,0,1,5011766066525
130371,,8x400g,organic,Buckwheat Penne,3.87,Freee from Doves Farm,,23.2,,0,5011766666565,8,400,g,0,1,5011766066570
130372,,8x400g,organic,Maize and Rice Fusilli,2.63,Freee from Doves Farm,,15.8,,0,5011766666541,8,400,g,0,1,5011766066556
130373,,8x400g,organic,Maize and Rice Penne,2.63,Freee from Doves Farm,,15.8,,0,5011766666534,8,400,g,0,1,5011766066549
130374,,9x400g,organic,Maize and Rice Spaghetti,2.63,Freee from Doves Farm,,17.75,,0,5011766666558,9,400,g,0,1,5011766066563
130376,,8x400g,organic,Multigrain Penne,3.25,Freee from Doves Farm,,19.5,,0,5011766666480,8,400,g,0,1,5011766066495
130450,,6x250g,organic,Rice Quinoa Fusilli,3.79,BioFair,,17.05,,0,5032722307674,6,250,g,0,1,5032722644274
130452,,12x250g,organic,Rice Quinoa Spaghetti,3.79,BioFair,,34.1,,0,5032722307667,12,250,g,0,1,5032722644267
130705,,6x200g,organic,Black Soybean Spaghetti,3.09,Explore Cuisine,,13.9,,0,7640164291383,6,200,g,0,1,7640164291390
130707,,6x200g,organic,Edamame Bean Spaghetti,3.09,Explore Cuisine,,13.9,,0,7640164290126,6,200,g,0,1,7640164291420
130711,,6x120g,organic,Edamame Lasagne,3.09,Explore Cuisine,,13.9,,0,7640164293196,6,120,g,0,1,7640164293196
130712,,6x225g,organic,Red Lentil Elbows,3.09,Explore Cuisine,,13.9,,0,7640164293271,6,225,g,0,1,7640164293288
130713,,6x225g,organic,Red Lentil Penne,3.09,Explore Cuisine,,13.9,,0,7640164293332,6,225,g,0,1,7640164293349
130715,,6x200g,organic,Edamame & Mung Bean Fettuccine,3.09,Explore Cuisine,,13.9,,0,7640164290041,6,200,g,0,1,7640164291369
130924,,13kg,organic,Caserecce - twists - white,,Infinity Bulk,,40.35,,0,,,13,kg,0,1,8032584569378
130928,,14kg,organic,Malloreddos - small shell - white,,Infinity Bulk,,42.75,,0,8032584569361,,14,kg,0,1,8032584569361
130930,,11kg,organic,Penne - white,,Infinity Bulk,,37.15,,0,8032584569385,,11,kg,0,1,8032584569385
130970,,10x250g,organic,Chickpea Penne with Corn,3.39,La Bio-Idea,,25.4,,0,8718976016001,10,250,g,0,1,8718976020855
130975,,10x250g,organic,Red Lentil Fusilli,4.05,La Bio-Idea,,30.4,,0,8718976016025,10,250,g,0,1,8718976020862
130980,,6kg,organic,Wholewheat Fusilli,,La Bio-Idea,,20.5,,0,8015602020037,,6,kg,0,1,
130984,,6kg,organic,Wholewheat Macaroni,,La Bio-Idea,,20.5,,0,8015602020051,,6,kg,0,1,
130986,,6kg,organic,Wholewheat Pennette,,La Bio-Idea,,20.5,,0,8015602020174,,6,kg,0,1,
130988,,6kg,organic,Wholewheat Spaghetti,,La Bio-Idea,,20.5,,0,8015602020013,,6,kg,0,1,8015602020013
130990,,6kg,organic,White Fusilli,,La Bio-Idea,,20.5,,0,8075602080080,,6,kg,0,1,8015602020020
130991,,6kg,organic,White Conchigliette,,La Bio-Idea,,20.5,,0,8015602020112,,6,kg,0,1,
130992,,6kg,organic,White Macaroni,,La Bio-Idea,,20.5,,0,8718976007719,,6,kg,0,1,
130994,,6kg,organic,White Lasagne,,La Bio-Idea,,20.85,,0,8718976024495,,6,kg,0,1,
130996,,6kg,organic,White Pennette,,La Bio-Idea,,20.5,,0,8718976007597,,6,kg,0,1,
130998,,6kg,organic,White Spaghetti,,La Bio-Idea,,20.5,,0,8015602020006,,6,kg,0,1,
130999,,6kg,organic,White Tricolore Fusilli,,La Bio-Idea,,22.5,,0,8015602020082,,6,kg,0,1,
131001,,12x250g,organic,Wholewheat Lasagne,1.87,La Bio-Idea,,16.8,,0,8015602000466,12,250,g,0,1,8015602010465
131003,,6x375g,organic,Semi Wholewheat Busiate,3.51,La Bio-Idea,,15.8,,0,8718976023313,6,375,g,0,1,8718976023320
131004,,6x375g,organic,Semi Wholewheat Lumaconi,2.99,La Bio-Idea,,13.45,,0,8718976023290,6,375,g,0,1,8718976023306
131005,,12x500g,organic,Wholewheat Macaroni,2.3,La Bio-Idea,,20.7,,0,8015602000022,12,500,g,0,1,8015602010021
131006,,6x375g,organic,Semi Wholewheat Paccheri,2.99,La Bio-Idea,,13.45,,0,8718976023276,6,375,g,0,1,8718976023283
131007,,6x400g,organic,Wholewheat Fregola,2.86,La Bio-Idea,,12.85,,0,8718976023412,6,400,g,0,1,8718976023429
131010,,6x500g,organic,Wholewheat Penne,2.29,La Bio-Idea,,10.3,,0,8015602000404,6,500,g,0,1,8718976020565
131020,,12x500g,organic,Wholewheat Spaghetti,2.3,La Bio-Idea,,20.7,,0,8015602000039,12,500,g,0,1,8015602010038
131025,,6x500g,organic,Wholewheat Fusilli,2.3,La Bio-Idea,,10.35,,0,8015602000107,6,500,g,0,1,8718976020572
131045,,12x250g,organic,Lasagne Verde - now off offer,1.87,La Bio-Idea,u,16.8,,0,8015602000398,12,250,g,0,1,8015602010397
131052,,12x250g,organic,White Lasagne (no pre-cooking),1.87,La Bio-Idea,,16.8,,0,8015602000367,12,250,g,0,1,8015602010366
131304,,12x500g,organic,White Fusilli,1.99,La Terra e il Cielo,,17.9,,0,8056215730128,12,500,g,0,1,18056215730125
131305,,12x500g,organic,White Penne,1.99,La Terra e il Cielo,,17.9,,0,8056215730173,12,500,g,0,1,18056215730170
131306,,12x500g,organic,White Spaghetti,1.99,La Terra e il Cielo,,17.9,,0,8056215730180,12,500,g,0,1,18056215730187
131307,,12x250g,organic,White Tagiatelle,2.79,La Terra e il Cielo,,25.1,,0,8056215730111,12,250,g,0,1,18056215730118
131312,,12x500g,organic,White Linguine (Flat Spaghetti),1.99,La Terra e il Cielo,,17.9,,0,8056215730135,12,500,g,0,1,18056215730132
131540,,12x250g,organic,Chickpea Rice,3.69,Mr Organic,,33.2,,0,5060178073546,12,250,g,0,1,5060178073669
131542,,12x250g,organic,Red Lentil Rice,3.69,Mr Organic,,33.2,,0,5060178073553,12,250,g,0,1,5060178073676
131545,,12x500g,organic,White Fusilli,2.49,Mr Organic,,22.4,,0,5060178071047,12,500,g,0,1,5060178071054
131547,,12x500g,organic,White Penne Rigate,2.49,Mr Organic,,22.4,,0,5060178070965,12,500,g,0,1,5060178071061
131548,,12x500g,organic,White Spaghetti,2.49,Mr Organic,,22.4,,0,5060178070958,12,500,g,0,1,5060178071078
131549,,12x500g,organic,White Tagliatelle,2.49,Mr Organic,,22.4,,0,5060178070972,12,500,g,0,1,5060178071085
131550,,12x500g,organic,Whole Wheat Fusilli,2.42,Mr Organic,,21.8,,0,5060178071030,12,500,g,0,1,5060178071092
131551,,12x500g,organic,Whole Wheat Penne,2.42,Mr Organic,,21.8,,0,5060178071023,12,500,g,0,1,5060178071108
131552,,12x500g,organic,Whole Wheat Spaghetti,2.42,Mr Organic,,21.8,,0,5060178070989,12,500,g,0,1,5060178071115
131553,,12x500g,organic,Whole Wheat Tagliatelle,2.42,Mr Organic,,21.8,,0,5060178071016,12,500,g,0,1,5060178071122
132106,,8x250g,organic,Red Lentil Fusilli,3.39,Profusion,,20.35,,0,5032722317918,8,250,g,0,1,5032722656482
132111,,8x250g,organic,Chickpea Fusilli,3.29,Profusion,,19.75,,0,5032722317901,8,250,g,0,1,5032722656499
132120,,12x250g,organic,Yellow Lentil Lasagne Sheets,4.69,Profusion,,42.2,,0,5032722316997,12,250,g,0,1,5032722654396
132122,,10x250g,organic,Chickpea Orzo,3.08,Profusion,,23.15,,0,5032722319752,10,250,g,0,1,5032722657595
132123,,10x250g,organic,Red Lentil Orzo (10x250g),3.08,Profusion,H,23.15,,0,5032722319745,10,250,g,0,1,5032722658197
140105,,12x500g,organic,White Conchiglie,2.49,Biona,,22.4,,0,5032722304512,12,500,g,0,1,5032722641143
140110,,12x500g,organic,White Farfalle,2.49,Biona,,22.4,,0,5032722304536,12,500,g,0,1,5032722641150
140115,,12x500g,organic,White Fusilli,2.49,Biona,,22.4,,0,5032722304499,12,500,g,0,1,5032722641136
140120,,12x500g,organic,White Fusilli Tricolore,2.69,Biona,,24.2,,0,5032722304543,12,500,g,0,1,5032722641167
140122,,12x250g,organic,White Lasagne,2.09,Biona,,18.8,,0,5032722308428,12,250,g,0,1,5032722645592
140123,,12x500g,organic,White Macaroni,2.49,Biona,,22.4,,0,5032722310063,12,500,g,0,1,5032722647367
140125,,12x500g,organic,White Penne,2.49,Biona,,22.4,,0,5032722304482,12,500,g,0,1,5032722641129
140127,,12x500g,organic,White Rigatoni,2.49,Biona,,22.4,,0,5032722308855,12,500,g,0,1,5032722646025
140130,,12x500g,organic,White Spaghetti,2.49,Biona,,22.4,,0,5032722304475,12,500,g,0,1,5032722641112
140165,,12x500g,organic,White Spelt Spaghetti,3.49,Biona,,31.4,,0,5032722309234,12,500,g,0,1,5032722656215
140170,,10x500g,organic,White Spelt Fusilli,3.49,Biona,,26.15,,0,5032722309258,10,500,g,0,1,5032722646469
140175,,10x500g,organic,White Spelt Penne,3.49,Biona,,26.15,,0,5032722309241,10,500,g,0,1,5032722646452
140177,,10x250g,organic,White Spelt Tagliatelle,2.29,Biona,,17.2,,0,5032722310094,10,250,g,0,1,5032722657267
140180,,10x250g,organic,White Spelt Spinach Tagliatelli,2.59,Biona,,19.4,,0,5032722311107,10,250,g,0,1,5032722657274
140300,,8x250g,organic,Red Lentil & Brown Rice Fusilli,3.79,Clearspring,,22.7,,0,5021554003595,8,250,g,0,1,5021554003588
140305,,8x250g,organic,Green Pea & Quinoa Fusilli,3.79,Clearspring,,22.7,,0,5021554003571,8,250,g,0,1,5021554003564
140310,,8x250g,organic,Brown Rice with Quinoa & Amaranth  Penne,3.79,Clearspring,,22.7,,0,5021554003557,8,250,g,0,1,5021554003540
140320,,8x250g,organic,Buckwheat Tortiglioni,3.79,Clearspring,,22.7,,0,5021554003175,8,250,g,0,1,5021554003168
140550,,4.5kg,organic,Corn & Rice Conchiglie,,Pasta Natura,,16.35,,0,,,4.5,kg,0,1,
140552,,4.5kg,organic,Corn & Rice Fusilli,,Pasta Natura,,16.2,,0,,,4.5,kg,0,1,
140554,,5kg,organic,Corn & Rice Penne,,Pasta Natura,,17.85,,0,,,5,kg,0,1,
150505,,12x500g,organic,White Macaroni,2.27,La Bio-Idea,,20.4,,0,8015602000060,12,500,g,0,1,8015602010069
150510,,6x500g,organic,White Penne,2.27,La Bio-Idea,,10.2,,0,8015602000435,6,500,g,0,1,8718976020534
150512,,6x275g,organic,White Farfalle (bows),1.89,La Bio-Idea,,8.5,,0,8015602000206,6,275,g,0,1,8718976020558
150515,,12x500g,organic,White Spaghetti,2.27,La Bio-Idea,,20.4,,0,8015602000077,12,500,g,0,1,8015602010076
150520,,6x500g,organic,White Fusilli,2.27,La Bio-Idea,,10.2,,0,8015602000138,6,500,g,0,1,8718976020541
150524,,6x500g,organic,White Tricolore Shells,2.88,La Bio-Idea,,12.95,,0,8015602000152,6,500,g,0,1,8718976020602
150525,,6x500g,organic,White Tricolore Fusilli,2.88,La Bio-Idea,,12.95,,0,8015602000015,6,500,g,0,1,8718976020596
152540,,12x250g,organic,White Linguine Pasta,2.93,Seggiano,,26.4,,0,8001232464273,12,250,g,0,1,8001232464273
152545,,12x375g,organic,White Tagliatelle Pasta,4.18,Seggiano,,37.6,,0,8001232464365,12,375,g,0,1,8001232464365
152550,,12x375g,organic,White Toscani Pasta,4.18,Seggiano,,37.6,,0,8001232461142,12,375,g,0,1,8001232461142
152556,,12x500g,organic,Tricolore Fusilli - in paper,2.49,Suma,,22.4,,0,5017601048732,12,500,g,0,1,5017601048725
152557,,12x500g,organic,White Fusilli - in paper,2.14,Suma,,19.3,,0,5017601048756,12,500,g,0,1,5017601048749
152559,,12x500g,organic,White Penne - in paper,2.14,Suma,,19.3,,0,5017601048794,12,500,g,0,1,5017601048787
152561,,12x500g,organic,White Spaghetti - in paper,2.14,Suma,,19.3,,0,5017601048770,12,500,g,0,1,5017601048763
152563,,12x500g,organic,Wholewheat Spaghetti - in paper,2.14,Suma,,19.3,,0,5017601048695,12,500,g,0,1,5017601048688
152565,,12x500g,organic,Wholewheat Fusilli - in paper,2.14,Suma,,19.3,,0,5017601048671,12,500,g,0,1,5017601048664
152566,,12x500g,organic,Wholewheat Penne - in paper,2.14,Suma,,19.3,,0,5017601048718,12,500,g,0,1,5017601048701
152567,,12x340g,organic,Casarecce Oat Pasta - Box,2.99,Suma,,26.9,,0,5017601050490,12,340,g,0,1,5017601050483
152568,,12x340g,organic,Linguine Oat Pasta - Box,3.16,Suma,,28.4,,0,5017601050476,12,340,g,0,1,5017601050469
152569,,12x340g,organic,Rigatoni Oat Pasta - Box,2.99,Suma,,26.9,,0,5017601050452,12,340,g,0,1,5017601050445
169805,,16x240g,organic,Soft Tortilla Wraps (6 wheat wraps),2.98,Amaizin,,35.8,,0,8717496903990,16,240,g,0,1,8717496904218
169807,,16x240g,organic,Extra Fibre Tortilla Wraps (6 wheat wraps),2.98,Amaizin,,35.8,,0,8718976015073,16,240,g,0,1,8718976015080
169851,,12x120g,organic,Rice & Corn Crispbread,1.78,Amisa,r,16,,0,5032722316072,12,120,g,0,1,5032722653474
169852,,12x120g,organic,Buckwheat Crispbread,2.46,Amisa,r,22.1,,0,5032722315570,12,120,g,0,1,5032722652972
169853,,12x100g,organic,Chestnut Crispbread,2.03,Amisa,r,18.3,,0,5032722315730,12,100,g,0,1,5032722653139
169858,,6x220g,organic,Focaccia Roll - White  (part baked),4.49,Amisa,,20.2,,0,5032722313637,6,220,g,0,1,5032722650916
169859,,12x100g,organic,Chickpea Crispbread,1.86,Amisa,r,16.75,,0,5032722317000,12,100,g,0,1,5032722654402
169860,,12x100g,organic,Protein Lentil Crispbread,1.94,Amisa,r,17.5,,0,5032722317345,12,100,g,0,1,5032722654747
169863,,9x180g,organic,Classic Baguette French Style,3.49,Amisa,,23.55,,0,5032722317680,9,180,g,0,1,5032722657656
169865,,12x100g,organic,Quinoa Fibre Plus Crispbread,1.61,Amisa,r,14.45,,0,5032722314153,12,100,g,0,1,5032722651517
169870,,12x100g,organic,Veggie Garden Crispbread,1.61,Amisa,r,14.45,,0,5032722314146,12,100,g,0,1,5032722651500
169871,,12x100g,organic,Protein Pomodoro Crispbread,2.39,Amisa,,21.5,,0,5032722320482,12,100,g,0,1,5032722657953
170110,,7x500g,organic,Rye Amaranth & Quinoa Bread,2.79,Biona,,14.65,,0,5032722305953,7,500,g,0,1,5032722656598
170112,,7x500g,organic,Rye Chia & Flax Bread,2.89,Biona,,15.15,,0,5032722312920,7,500,g,0,1,5032722656611
170113,,7x500g,organic,Rye & Hemp Seed Bread,2.89,Biona,,15.15,,0,5032722301245,7,500,g,0,1,5032722656635
170134,,12x100g,organic,Buckwheat Cakes with salt,2.29,Biona,,20.6,,0,5032722320116,12,100,g,0,1,5032722657557
170135,,12x110g,organic,Corn Cakes - no salt,1.59,Biona,,14.3,,0,5032722308497,12,110,g,0,1,5032722645660
170140,,12x100g,organic,Rice Cakes with salt,1.69,Biona,,15.2,,0,5032722300521,12,100,g,0,1,5032722640214
170145,,12x100g,organic,Rice Cakes no salt,1.69,Biona,,15.2,,0,5032722300590,12,100,g,0,1,5032722640207
170152,,12x100g,organic,Strawberry Yoghurt Coated Ricecakes,3.59,Biona,,26.9,V,5.38,5032722316126,12,100,g,2,1,5032722653528
170153,,12x100g,organic,Yoghurt Coated Ricecakes,3.29,Biona,,24.65,V,4.93,5032722316133,12,100,g,2,1,5032722653535
170155,,12x120g,organic,Spelt Cakes,1.79,Biona,,16.1,,0,5032722320178,12,120,g,0,1,5032722657618
170158,,12x100g,organic,Rice Cakes with flaxseed,1.89,Biona,h,17,,0,5032722320802,12,100,g,0,1,5032722658271
170160,,12x100g,organic,Rice Cakes with quinoa,1.79,Biona,,16.1,,0,5032722300583,12,100,g,0,1,5032722640245
170162,,7x500g,organic,Rye Bread,2.69,Biona,,14.1,,0,5032722301214,7,500,g,0,1,5032722656581
170165,,7x500g,organic,Rye Omega Golden Linseed Bread,2.69,Biona,,14.1,,0,5032722303607,7,500,g,0,1,5032722656628
170167,,7x500g,organic,Rye & Pumpkin Seed Bread,2.89,Biona,,15.15,,0,5032722308053,7,500,g,0,1,5032722656642
170168,,7x500g,organic,Rye with Sunflower Bread,2.79,Biona,,14.65,,0,5032722301238,7,500,g,0,1,5032722656659
170169,,8x375g,organic,Power Protein Rye Bread - made with sourdough,4.19,Biona,,25.1,,0,5032722319950,8,375,g,0,1,5032722657366
170170,,9x500g,organic,Pumpernickel Bread,2.79,Biona,,18.8,,0,5032722301252,9,500,g,0,1,5032722656840
170172,,6x250g,organic,Millet Bread,3.99,Biona,,17.95,,0,5032722301924,6,250,g,0,1,5032722645073
170173,,6x500g,organic,Rice Bread - large,5.89,Biona,,26.5,,0,5032722306431,6,500,g,0,1,5032722642867
170174,,6x500g,organic,Rice & Sunflower Seed Bread,6.29,Biona,,28.3,,0,5032722306448,6,500,g,0,1,5032722642874
170175,,7x500g,organic,Vitality Rye Bread - sprouted seeds,2.89,Biona,,15.15,,0,5032722312227,7,500,g,0,1,5032722656666
170176,,10x200g,organic,Rye Knäcke Original Crispbread,1.99,Biona,,14.9,,0,5032722318120,10,200,g,0,1,5032722655522
170177,,9x300g,organic,Super Seed Bread,3.79,Biona,,25.55,,0,5032722319875,9,300,g,0,1,5032722657281
170178,,10x200g,organic,Rye Knäcke Sesame Crispbread,2.19,Biona,,16.4,,0,5032722318137,10,200,g,0,1,5032722655539
170179,,6x300g,organic,Multiseed Bread Roll Selection,3.99,Biona,,17.95,,0,5032722319813,6,300,g,0,1,5032722657229
170188,,8x350g,organic,Super Seed Toasties,3.98,Biona,h,23.9,,0,5032722320796,8,350,g,0,1,5032722658264
170390,,12x100g,organic,Buckwheat Cakes,2.33,Fiorentini,,20.8,,0,8002885004212,12,100,g,0,1,28002885004216
170402,,12x250g,organic,Brown Rice Breadcrumbs,4.79,Clearspring,,43.1,,0,5021554000181,12,250,g,0,1,5021554000228
170405,,15x200g,organic,Traditional Oatcakes,3.29,Clearspring,,37,,0,5021554000549,15,200,g,0,1,5021554000556
170410,,15x200g,organic,Sea Veg & Black Pepper Oatcakes,3.79,Clearspring,,42.6,,0,5021554000600,15,200,g,0,1,5021554000617
170457,,12x130g,organic,Rice Cakes No Added Salt,1.79,Clearspring,,16.1,,0,5021554000242,12,130,g,0,1,5021554000303
170462,,12x130g,organic,Rice Cakes Salted,1.79,Clearspring,,16.1,,0,5021554000310,12,130,g,0,1,5021554000327
170467,,12x130g,organic,Rice Cakes Multigrain Salted,1.79,Clearspring,,16.1,,0,5021554000358,12,130,g,0,1,5021554000365
170470,,12x130g,organic,Corn Cakes - salted,1.79,Clearspring,,16.1,,0,5021554987635,12,130,g,0,1,5021554987642
170530,,10x200g,organic,Rye Crispbread,1.59,Clearspring,,11.9,,0,5021554003052,10,200,g,0,1,5021554003045
170532,,10x200g,organic,Rye Sesame Crispbread,1.89,Clearspring,,14.15,,0,5021554003038,10,200,g,0,1,5021554003021
170533,,6x250g,organic,Keto Bread Beetroot Flax,3.99,Dillon,r,17.95,,0,5070000210612,6,250,g,0,1,15070000210619
170534,,6x250g,organic,Keto Bread Chia Flax,3.99,Dillon,r,17.95,,0,5070000210629,6,250,g,0,1,15070000210626
170535,,6x250g,organic,Keto Bread Original Flax,3.99,Dillon,r,17.95,,0,5070000210605,6,250,g,0,1,15070000210602
170536,,4x275g,organic,Olive Gluten Free Bread,3.98,Dillon,r,11.95,,0,5070000210643,4,275,g,0,1,15070000210640
170537,,4x275g,organic,Seeded Gluten Free Bread,3.98,Dillon,r,11.95,,0,5070000210636,4,275,g,0,1,15070000210633
170558,,6x150g,organic,Keto Bagel Original Flax,4.79,Dillon,r,21.55,,0,5070000210667,6,150,g,0,1,15070000210664
173001,,6x122g,,Lentil & Pea Veggie Cakes - Caramelised Onion Chutney,3.83,Kallo,,17.25,,0,5013665115953,6,122,g,0,1,5013665146704
173002,,6x122g,,Lentil & Pea Veggie Cakes - Sea Salt & Cider Vinegar,3.83,Kallo,,17.25,,0,5013665116738,6,122,g,0,1,5013665147541
173003,,6x122g,,Lentil & Pea Veggie Cakes - Spinach & Pesto,3.83,Kallo,,17.25,,0,5013665115397,6,122,g,0,1,5013665146100
173005,,12x130g,organic,Thick Salted Rice Cakes,1.72,Kallo,r,15.45,,0,5013665100065,12,130,g,0,1,5013665101536
173008,,6x122g,,Lentil & Pea Veggie Cakes - Sweet Chilli,3.83,Kallo,,17.25,,0,5013665118121,6,122,g,0,1,5013665149323
173010,,12x130g,organic,Thick No Salt Rice Cakes,1.71,Kallo,r,15.4,,0,5013665100058,12,130,g,0,1,5013665101543
173087,,22x75g,organic,Dark Chocolate Rice Cake Thins,2.97,Kallo,r,40.9,V,8.18,5013665117872,22,75,g,2,1,5013665148944
173091,,22x75g,organic,Milk Chocolate Rice Cake Thins,2.89,Kallo,r,39.7,V,7.94,5013665117858,22,75,g,2,1,5013665148920
173255,,8x200g,organic,Classic Wheat Crispbread,3.32,Karg,,19.9,,0,4033634061006,8,200,g,0,1,4033634866007
173260,,8x200g,organic,Emmental Cheese & Pumpkin Crispbread,3.69,Karg,,22.15,,0,4033634061020,8,200,g,0,1,4033634866021
173263,,14x150g,organic,Pumpkin Seeds Protein Thins Crispbread,3.55,Karg,,37.3,,0,4033634028689,14,150,g,0,1,4033634300396
173275,,8x200g,organic,Spelt Seeded Crispbread,3.73,Karg,,22.4,,0,4033634061075,8,200,g,0,1,4033634866076
173293,,6x131g,,Blueberry & Vanilla Rice Cakes,3.18,Kallo,,14.3,,0,5013665111917,6,131,g,0,1,5013665111986
173295,,12x130g,organic,Corn Cakes Thins Square Lightly Salted,1.82,Kallo,r,16.35,,0,5013665103752,12,130,g,0,1,5013665103769
173296,,6x122g,,Lentil & Pea Veggie Cakes - Beetroot,3.83,Kallo,,17.25,,0,5013665115373,6,122,g,0,1,5013665146087
173297,,12x22g,,Lentil & Pea Veggie Cakes Snack Bag - Beetroot,1.21,Kallo,,10.9,,0,5013665147046,12,22,g,0,1,5013665147046
173300,,6x100g,,Protein Packed Lentil Cakes,2.62,Kallo,,11.8,,0,5013665114017,6,100,g,0,1,5013665114321
173339,,12x130g,organic,Bean & Rice Cake,1.99,IBIS,,17.9,,0,8847100570154,12,130,g,0,1,18847100571264
173340,,12x130g,organic,Wholegrain Rice Cake,1.78,IBIS,,16.05,,0,8847100570321,12,130,g,0,1,18847100571172
173341,,12x130g,organic,Bean & Rice Cake - with Kep sea salt,1.99,IBIS,,17.9,,0,8847100570215,12,130,g,0,1,18847100571288
173342,,12x130g,organic,Wholegrain Rice Cake Kep Salt,1.78,IBIS,,16.05,,0,8847100570451,12,130,g,0,1,18847100571219
173344,,12x130g,organic,Wholegrain Rice Cake Kep Salt & Kampot Pepper,1.78,IBIS,,16.05,,0,8847100570338,12,130,g,0,1,18847100571189
173390,,10x200g,organic,Brown Rice Paper,2.7,King Soba,,20.25,,0,619286875006,10,200,g,0,1,619286187505
173392,,10x200g,organic,White Rice Paper,2.7,King Soba,,20.25,,0,619286876003,10,200,g,0,1,619286187604
173420,,10x150g,organic,Grissini Classic,3.29,Mr Organic,,24.65,,0,5060178072846,10,150,g,0,1,5060178072853
173422,,10x130g,organic,Grissini with Olives,3.29,Mr Organic,,24.65,,0,5060178072860,10,130,g,0,1,5060178072877
173423,,10x150g,organic,Linguette Flatbread Classic,3.29,Mr Organic,,24.65,,0,5060178072808,10,150,g,0,1,5060178072815
173424,,10x150g,organic,Linguette Flatbread with Rosemary,3.29,Mr Organic,,24.65,,0,5060178072822,10,150,g,0,1,5060178072839
174705,,12x250g,organic,Scottish Oatcakes,1.63,Nairn's,r,14.7,,0,61232200293,12,250,g,0,1,61232200729
174712,,8x200g,organic,Super Seeded Oatcakes,1.85,Nairn's,r,11.1,,0,612322000127,8,200,g,0,1,10612322000124
174715,,12x200g,,Cheese Oatcakes,1.85,Nairn's,r,16.65,,0,61232201948,12,200,g,0,1,61232201962
174717,,10x291g,,Rough Oatcakes,1.34,Nairn's,r,10.05,,0,61232203072,10,291,g,0,1,61232203096
174720,,12x218g,,Fine Milled Oatcakes,1.23,Nairn's,r,11.1,,0,61232202952,12,218,g,0,1,61232202976
174723,,8x225g,,Fruit and Seed Oatcakes,1.85,Nairn's,r,11.1,,0,912322000202,8,225,g,0,1,10612322000209
174753,,8x160g,,Wholegrain Scalloped Crackers - gluten-free,2.5,Nairn's,,15,,0,612322001742,8,160,g,0,1,10612322001749
174756,,8x213g,,Gluten-free Oatcakes,2.78,Nairn's,,16.7,,0,612322000387,8,213,g,0,1,10612322000384
174759,,8x180g,,Gluten-free Super Seeded Oatcakes,2.78,Nairn's,,16.7,,0,612322000417,8,180,g,0,1,10612322000414
175305,,12x120g,organic,Classic Grissini,2.85,Realfoods by Organico,,25.65,,0,5034210140015,12,120,g,0,1,5034210910526
175310,,12x120g,organic,Spelt Grissini,3.15,Realfoods by Organico,,28.35,,0,5034210140022,12,120,g,0,1,5034210910557
175315,,12x120g,organic,Omega3 Wholewheat & Flaxseed Grissini,2.85,Realfoods by Organico,,25.65,,0,5034210140046,12,120,g,0,1,5034210910540
175320,,12x120g,organic,Sesame Grissini,2.85,Realfoods by Organico,,25.65,,0,5034210140039,12,120,g,0,1,5034210910533
175540,,9x250g,organic,Rye & Flax Protein Bread,3.49,Profusion,,23.55,,0,5032722313439,9,250,g,0,1,5032722650718
175555,,12x120g,organic,Hemp Sorghum Thins,2.79,Profusion,,25.1,,0,5032722315174,12,120,g,0,1,5032722652576
175560,,12x100g,organic,Protein Cakes - chickpea,2.49,Profusion,,22.4,,0,5032722319837,12,100,g,0,1,5032722657243
175562,,12x100g,organic,Protein Cakes - red lentil,2.49,Profusion,,22.4,,0,5032722319820,12,100,g,0,1,5032722657236
176199,,8x120g,organic,Chickpea & Lentil Crackers,1.7,Rude Health,r,9.5,,0,5060120285966,8,120,g,0,1,5060120285973
176206,,8x120g,organic,Corn Crackers,2,Rude Health,,11.2,,0,5060120285942,8,120,g,0,1,5060120285959
176207,,8x100g,organic,Multigrain Crackers,2.12,Rude Health,r,11.85,,0,5060120285980,8,100,g,0,1,5060120285997
176240,,12x120g,,Classic Lingue Handmade Flatbreads,4.35,Seggiano,,39.15,,0,5033742000736,12,120,g,0,1,210812603021903
176241,,12x120g,,Tropea Onion Lingue Handmade Flatbreads,4.89,Seggiano,,44.05,,0,5033742001894,12,120,g,0,1,210812603021934
176242,,12x120g,,Rosemary Lingue Handmade Flatbreads,4.35,Seggiano,,39.15,,0,5033742000743,12,120,g,0,1,210812603021927
176247,,12x150g,,Classic Grissini,4.36,Seggiano,,39.2,,0,812603021951,12,150,g,0,1,210812603021958
176248,,12x150g,,Wholegrain Grissini,4.36,Seggiano,,39.2,,0,812603021968,12,150,g,0,1,210812603021965
176249,,12x100g,,Chocolate Grissini,7.06,Seggiano,,52.95,V,10.59,5033742002785,12,100,g,2,1,15033742002782
176480,,8x400g,organic,Sprouted Rye Bread,2.7,Everfresh,,16.2,,0,5014653025292,8,400,g,0,1,5014653725291
176482,,8x400g,organic,Sprouted Spelt Bread,3.64,Everfresh,,21.85,,0,5014653025254,8,400,g,0,1,5014653725253
176510,,8x330g,organic,Malted Raisin Loaf,2.28,Everfresh,,13.7,,0,5014653021010,8,330,g,0,1,5014653725314
176535,,8x400g,organic,Sprouted Wheat Bread,2.68,Everfresh,,16.05,,0,5014653025018,8,400,g,0,1,5014653725017
176560,,15x150g,organic,Rice Paper,3.67,Yakso,,41.25,,0,8718754504089,15,150,g,0,1,8718754504096
179189,,8x100g,organic,Buckwheat Crackers,2.12,Rude Health,r,11.85,,0,5060120286000,8,100,g,0,1,5060120286017
180432,,12x175g,organic,Blueberry-filled Cookies,3.39,Biona,,30.5,,0,5032722300392,12,175,g,0,1,5032722643888
180434,,12x175g,organic,Raspberry-filled Cookies,3.39,Biona,,30.5,,0,5032722300408,12,175,g,0,1,5032722643895
180436,,12x100g,organic,Coconut Wafer Rolls Cacao,3.13,Biona,r,23.5,V,4.7,5032722320475,12,100,g,2,1,5032722657946
180437,,12x100g,organic,Coconut Wafer Rolls Vanilla,2.97,Biona,r,22.25,V,4.45,5032722320468,12,100,g,2,1,5032722657939
180480,,12x40g,organic,Matcha Oat Biscuits,1.49,Clearspring,,13.4,,0,5021554005681,12,40,g,0,1,5021554005711
180481,,12x40g,organic,Miso Maple Oat Biscuits,1.49,Clearspring,,13.4,,0,5021554005698,12,40,g,0,1,5021554005728
180482,,12x40g,organic,Sweet Date Oat Biscuits,1.49,Clearspring,,13.4,,0,5021554005674,12,40,g,0,1,5021554005704
181452,,18x35g,organic,Apple Oat Bar with Sultanas,0.85,Freee from Doves Farm,,11.5,,0,5011766300162,18,35,g,0,1,5011766300285
181453,,18x35g,organic,Banana & Chocolate Oat Bars,0.85,Freee from Doves Farm,,11.5,,0,5011766300520,18,35,g,0,1,5011766300667
181455,,18x35g,organic,Apricot Oat Bar with Chia,0.85,Freee from Doves Farm,,11.5,,0,5011766300315,18,35,g,0,1,5011766300438
181460,,18x35g,organic,Chocolate Chip Oat Bar,0.85,Freee from Doves Farm,,11.5,,0,5011766300216,18,35,g,0,1,11766300339
181461,,18x35g,organic,Cranberry Oat Bars,0.85,Freee from Doves Farm,,11.5,,0,5011766300544,18,35,g,0,1,95011766300681
181463,,18x35g,organic,Coconut & Chocolate Oat Bars,0.68,Freee from Doves Farm,r,9.2,,0,5011766400022,18,35,g,0,1,5011766300742
181470,,7x4x35g,organic,Multipack Apple Oat Bar with Sultanas,2.79,Freee from Doves Farm,,14.65,,0,5011766300179,7,4x35,g,0,1,5011766300292
181472,,7x4x35g,organic,Multipack Apricot Oat Bar with Chia,2.79,Freee from Doves Farm,,14.65,,0,5011766300322,7,4x35,g,0,1,5011766300445
181473,,7x4x35g,organic,Multipack Banana & Chocolate Oat Bars,2.79,Freee from Doves Farm,,14.65,,0,5011766300537,7,4x35,g,0,1,5011766300674
181477,,7x4x35g,organic,Multipack Chocolate Chip Oat Bar,2.79,Freee from Doves Farm,,14.65,,0,5011766300223,7,4x35,g,0,1,5011766300346
181478,,7x4x35g,organic,Multipack Cranberry Oat Bars,2.79,Freee from Doves Farm,,14.65,,0,5011766300551,7,4x35,g,0,1,5011766300698
181479,,7x4x35g,organic,Multipack Coconut & Chocolate Oat Bars,2.23,Freee from Doves Farm,r,11.7,,0,5011766400039,7,4x35,g,0,1,5011766300759
181515,,12x200g,organic,Wholemeal Digestive Biscuits - small,1.38,Doves Farm,r,12.45,,0,5011766999991,12,200,g,0,1,5011766299978
181516,,12x400g,organic,Wholemeal Digestive Biscuits - large,2.29,Doves Farm,r,20.65,,0,5011766999939,12,400,g,0,1,5011766299947
181517,,12x200g,organic,Fruity Oat Biscuits,1.71,Doves Farm,r,15.25,,0,5011766999915,12,200,g,0,1,5011766299923
181519,,12x200g,organic,Ginger Oat Biscuits,2,Doves Farm,r,17.85,,0,5011766991216,12,200,g,0,1,5011766481151
181525,,12x150g,organic,Lemon Zest Cookie,1.98,Freee from Doves Farm,,17.8,,0,5011766888981,12,150,g,0,1,5011766488815
181542,,12x150g,organic,Stem Ginger Cookies,1.98,Freee from Doves Farm,,17.8,,0,5011766991148,12,150,g,0,1,5011766300070
182359,,12x250g,organic,Digestive Biscuits With Chocolate Chips,2.79,Mr Organic,,25.1,,0,5060178074154,12,250,g,0,1,5060178074260
182360,,12x250g,organic,Cocoa Biscuits,2.59,Mr Organic,,23.3,,0,5060178073348,12,250,g,0,1,5060178073355
182364,,12x250g,organic,Orange Biscuits with Cocoa Beans,2.99,Mr Organic,,26.9,,0,5060178073324,12,250,g,0,1,5060178073331
182387,,10x200g,,Mixed Berries Oat Biscuits,2.17,Nairn's,,16.2,,0,61232200989,10,200,g,0,1,61232201221
182390,,10x200g,,Stem Ginger Oat Biscuits,2.17,Nairn's,,16.2,,0,61232201047,10,200,g,0,1,61232201214
182391,,6x200g,,Chocolate Orange Oat Biscuits,2.17,Nairn's,,9.7,,0,612322001414,6,200,g,0,1,10612322001411
182392,,8x200g,,Dark Chocolate Chip Oat Biscuits,2.17,Nairn's,,12.95,,0,61232202556,8,200,g,0,1,61232202563
182393,,10x200g,,Coconut & Chia Oat Biscuits,2.17,Nairn's,,16.2,,0,612322001063,10,200,g,0,1,10612322001060
182396,,12x160g,,Oat & Stem Ginger Biscuit Break,2.99,Nairn's,,26.95,,0,612322000028,12,160,g,0,1,10612322000025
182397,,12x160g,,Oats & Chocolate Chip biscuit break,2.99,Nairn's,,26.95,,0,612322030087,12,160,g,0,1,10612322030084
182398,,12x160g,,Oat & Fruit Biscuit Break,2.99,Nairn's,,26.95,,0,612322030018,12,160,g,0,1,10612322030015
182470,,10x110g,organic,Choc Chip Cookies - vegan,1.99,Realfoods by Organico,,19.85,,0,5061044190473,10,110,g,0,1,15061044190470
182472,,12x150g,organic,Petit-Beurre Pure Butter Biscuits,2.65,Realfoods by Organico,,23.85,,0,5061044190480,12,150,g,0,1,15061044190487
182474,,12x125g,organic,Speculoos Spiced Belgian Biscuits,2.65,Realfoods by Organico,,23.85,,0,5061044190497,12,125,g,0,1,15061044190494
182480,,12x125g,organic,Cranberry & Orange Cookies,3.47,Sweet FA,,31.25,,0,5060027071808,12,125,g,0,1,5060027071846
182482,,12x125g,organic,Double Choc Chip Cookies,3.47,Sweet FA,,31.25,,0,5060027071792,12,125,g,0,1,5060027071839
182484,,12x125g,organic,Oat & Raisin Cookies,3.47,Sweet FA,,31.25,,0,5060027071785,12,125,g,0,1,5060027071822
182486,,12x125g,organic,Peanut Butter Cookies,3.47,Sweet FA,,31.25,,0,5060027071815,12,125,g,0,1,5060027071853
182490,,6x150g,organic,Buckwheat Digestive Biscuits - gluten-free,4.71,Seggiano,,21.2,,0,5033742002167,6,150,g,0,1,15033742002164
182492,,6x170g,organic,Kamut Digestive Biscuits - vegan,4.71,Seggiano,,21.2,,0,5033742002150,6,170,g,0,1,15033742002157
182494,,6x150g,organic,Spelt Digestive Biscuits,4.71,Seggiano,,21.2,,0,5033742002181,6,150,g,0,1,15033742002188
182497,,6x150g,organic,Chilli Taralli,3.64,Seggiano,h,16.4,,0,812603022033,6,150,g,0,1,10812603022030
182498,,6x150g,organic,Fennel Taralli,3.64,Seggiano,h,16.4,,0,812603022026,6,150,g,0,1,10812603022023
182499,,6x150g,organic,Onion Taralli,3.64,Seggiano,h,16.4,,0,812603022040,6,150,g,0,1,10812603022047
182500,,12x150g,organic,Taralli,3.64,Seggiano,h,32.8,,0,812603022057,12,150,g,0,1,50337420026484
182906,,18x200g,organic,Assorted Oblaten Lebkuchen,7.09,Wicklein,,95.7,,0,4008355037760,18,200,g,0,1,4008355073355
182908,,18x240g,organic,Chocolate Covered Lebkuchen Hearts,7.51,Wicklein,,101.4,,0,4008355034127,18,240,g,0,1,4008355041811
182909,,16x275g,organic,Assorted Elisen Lebkuchen,13.44,Wicklein,,161.3,,0,4008355038712,16,275,g,0,1,4008355074574
182911,,20x150g,organic,Dark Chocolate Mini-Elisen Lebkuchen,7.67,Wicklein,,115,,0,4008355035001,20,150,g,0,1,4008355070644
182914,,1x730g,organic,DIY Gingerbread House Kit,23.07,Wicklein,,17.3,,0,4008355038095,1,730,g,0,1,4008355071993
182916,,20x150g,organic,Sugar Glazed Mini-Elisen Lebkuchen,7.67,Wicklein,,115,,0,4008355035018,20,150,g,0,1,4008355070651
182940,,12x125g,organic,Apple Crumbles,3.73,Island Bakery,,33.6,,0,5060027070160,12,125,g,0,1,5060027070443
182946,,12x133g,organic,Chocolate Gingers,4.69,Island Bakery,,35.2,V,7.04,5060027070115,12,133,g,2,1,5060027070276
182950,,12x133g,organic,Lime Melts,4.69,Island Bakery,,35.2,V,7.04,5060027070139,12,133,g,2,1,5060027070290
182952,,12x133g,organic,Lemon Melts,4.69,Island Bakery,,35.2,V,7.04,5060027070122,12,133,g,2,1,5060027070283
182954,,12x125g,organic,Oat Crumbles,2.98,Island Bakery,,26.85,,0,5060027070153,12,125,g,0,1,5060027070399
182956,,12x133g,organic,Orange Melts,4.69,Island Bakery,,35.2,V,7.04,5060027070184,12,133,g,2,1,5060027070511
182957,,12x125g,organic,Shortbread,2.98,Island Bakery,,26.85,,0,5060027070146,12,125,g,0,1,5060027070382
183415,,6x750g,organic,Chocolate Chip Panettone (Green Box),26,Fraccaro,,117,,0,8006073280440,6,750,g,0,1,18006073280447
183416,,6x500g,organic,Classic Panettone (Christmas Box),19.07,Fraccaro,,85.8,,0,8006073275651,6,500,g,0,1,18006073275658
183417,,6x750g,organic,Cranberry Panettone (Red Box),26,Fraccaro,,117,,0,8006073280594,6,750,g,0,1,18006073280591
183419,,6x750g,organic,Orange Cream Panettone (Beige Box),26,Fraccaro,,117,,0,8006073280891,6,750,g,0,1,18006073280898
183468,,8x200g,,Biscotti - Sea Salt & Chocolate,5.65,Seggiano,,33.9,,0,15033742002454,8,200,g,0,1,15033742002454
183469,,8x200g,,Cantuccini - Chocolate & Orange,5.65,Seggiano,,33.9,,0,,8,200,g,0,1,15033742002478
183470,,12x200g,,Baked Fig Ball - vegan,7.58,Seggiano,,68.2,,0,5033742001931,12,200,g,0,1,
183471,,12x140g,,Chocolate Cherry Figs - vegan,9.75,Seggiano,,73.1,V,14.62,5033742001986,12,140,g,2,1,
183473,,12x120g,,Chocolate Clementines - vegan,9.57,Seggiano,,71.8,V,14.36,5033742001979,12,120,g,2,1,
183474,,12x120g,,Chocolate Rum Figs - vegan,9.11,Seggiano,,68.35,V,13.67,5033742001993,12,120,g,2,1,
183475,,6x500g,,Chocolate Panettone,18.63,Seggiano,,83.85,,0,5033742002631,6,500,g,0,1,15033742002638
183476,,6x100g,,Traditional Panforte,4.62,Seggiano,,20.8,,0,5033742000545,6,100,g,0,1,
183477,,6x500g,,Classico Panettone,16.83,Seggiano,,75.75,,0,5033742000361,6,500,g,0,1,15033742000368
183478,,6x100g,,Chocolate Panforte,4.62,Seggiano,,20.8,,0,5033742000231,6,100,g,0,1,5033742000217
183479,,12x200g,,Fig & Walnut Panforte Slice,6.19,Seggiano,,55.7,,0,5033742001948,12,200,g,0,1,15033742001945
183481,,6x500g,,Vegan Panettone,16.83,Seggiano,,75.75,,0,5033742002693,6,500,g,0,1,15033742002690
183484,,6x500g,,Chestnut Panettone,19.4,Seggiano,,87.3,,0,15033742001150,6,500,g,0,1,15033742001150
183486,,6x500g,,Limoncello Panettone,18.63,Seggiano,,83.85,,0,15033742002331,6,500,g,0,1,15033742002331
183503,,8x350g,organic,Banana & Walnut Cake - Sprouted,4.41,Everfresh,,26.45,,0,5014653026343,8,350,g,0,1,5014653026350
183504,,8x350g,organic,Carrot Cake with Raisins - Sprouted,3.98,Everfresh,,23.85,,0,5014653026442,8,350,g,0,1,5014653026459
183506,,8x350g,organic,Chocolate Cake - Sprouted,4.1,Everfresh,,24.6,,0,5014653026305,8,350,g,0,1,5014653026329
183508,,8x350g,organic,Date & Pecan Cake - Sprouted,4.76,Everfresh,,28.55,,0,5014653026428,8,350,g,0,1,5014653026435
183511,,8x350g,organic,Fig & Orange Cake - Sprouted,4.1,Everfresh,,24.6,,0,5014653026367,8,350,g,0,1,5014653026374
183518,,8x350g,organic,Rye Stem Ginger Cake - Sprouted,4.76,Everfresh,,28.55,,0,5014653026466,8,350,g,0,1,5014653026473
183519,,8x350g,organic,Stem Ginger Cake - Sprouted,4.76,Everfresh,,28.55,,0,5014653026404,8,350,g,0,1,5014653026411
200300,,6x170g,organic,Crispy Chili Oil,6.07,Amaizin,,27.3,,0,8718976023399,6,170,g,0,1,8718976023405
200397,,6x250g,organic,Original Coconut Bliss Coconut Butter - small,5.39,Biona,,24.25,,0,5032722313835,6,250,g,0,1,5032722651128
200398,,6x400g,organic,Original Coconut Bliss Coconut Butter - large,7.89,Biona,,35.5,,0,5032722313842,6,400,g,0,1,5032722651135
200402,,6x800g,organic,Raw Virgin Coconut Oil - 800g - tub,14.99,Biona,,67.45,,0,5032722311985,6,800,g,0,1,5032722648326
200403,,6x250ml,organic,Avocado Oil,7.64,Biona,r,34.4,,0,5032722318885,6,250,ml,0,1,5032722656277
200404,,6x500ml,organic,Sesame Oil,7.99,Biona,,35.95,,0,5032722318861,6,500,ml,0,1,5032722656253
200405,,6x400g,organic,Raw Virgin Coconut Oil - 400g,8.29,Biona,,37.3,,0,5032722307957,6,400,g,0,1,5032722644670
200406,,6x875ml,organic,875ml Mild Coconut Oil Cuisine - tub,7.65,Biona,r,34.4,,0,5032722314382,6,875,ml,0,1,5032722651746
200407,,6x610ml,organic,610ml Mild Coconut Oil Cuisine,6.2,Biona,r,27.9,,0,5032722313590,6,610,ml,0,1,5032722650879
200408,,6x470ml,organic,470ml Mild Coconut Oil Cuisine,5.09,Biona,r,22.9,,0,5032722313583,6,470,ml,0,1,5032722650862
200409,,6x250ml,organic,Toasted Sesame Oil,5.99,Biona,,26.95,,0,5032722318878,6,250,ml,0,1,5032722656260
200410,,6x200g,organic,Raw Virgin Coconut Oil - 200g,4.69,Biona,,21.1,,0,5032722307940,6,200,g,0,1,5032722644663
200411,,12x750ml,organic,Sunflower Oil - cold pressed,5.99,Biona,,53.9,,0,5033422319486,12,750,ml,0,1,5032722656888
200413,,12x750ml,organic,Sunflower Frying Oil,6.29,Biona,,56.6,,0,5032722319608,12,750,ml,0,1,5032722657014
200414,,6x500ml,organic,Greek Extra Virgin Olive Oil,9.99,Biona,,44.95,,0,5032722320505,6,500,ml,0,1,5032722657977
200415,,6x250ml,organic,Flaxseed Oil (Linseed),5.86,Biona,r,21.95,V,4.39,5032722301276,6,250,ml,2,1,5032722646087
200420,,6x250ml,organic,Hemp Seed Oil,5.94,Biona,r,26.75,,0,5032722301269,6,250,ml,0,1,5032722650091
200422,,6x250ml,organic,Pumpkin Seed Oil,6.62,Biona,r,29.8,,0,5032722317239,6,250,ml,0,1,5032722654631
200425,,6x500ml,organic,Italian E.V. Olive Oil - 500ml,12.39,Biona,,55.75,,0,5032722306417,6,500,ml,0,1,5032722642843
200427,,6x1l,organic,Italian E.V. Olive Oil - 1l,21.99,Biona,,98.95,,0,5032722306509,6,1,l,0,1,5032722642942
200430,,6x250ml,organic,MCT Oil,9.01,Biona,,40.55,,0,5032722320536,6,250,ml,0,1,5032722658004
200450,,6x140ml,,Korean Toasted Sesame Oil,8.98,BOMBOM,h,40.4,,0,5065020512044,6,140,ml,0,1,15065020512041
200491,,8x250ml,organic,Avocado Oil,7.59,Clearspring,,45.5,,0,5021554986881,8,250,ml,0,1,5021554986898
200492,,6x220ml,organic,Coconut Oil - virgin - 200g,4.59,Clearspring,,20.65,,0,5021554988571,6,220,ml,0,1,5021554988588
200493,,6x440ml,organic,Coconut Oil - virgin - 400g,8.59,Clearspring,,38.65,,0,5021554988595,6,440,ml,0,1,5021554988601
200496,,8x250ml,organic,Flax Oil (no longer VATable),5.38,Clearspring,,32.3,,0,5021554002642,8,250,ml,0,1,5021554002635
200497,,8x250ml,organic,Hemp Oil,6.9,Clearspring,,41.4,,0,5021554003878,8,250,ml,0,1,5021554003861
200500,,8x250ml,organic,Olive Oil - Extra Virgin - Italy,7.49,Clearspring,,44.9,,0,5021554985297,8,250,ml,0,1,5021554985303
200501,,8x250ml,organic,Hazelnut Oil,15.98,Clearspring,,95.9,,0,5021554982456,8,250,ml,0,1,5021554982036
200502,,6x500ml,organic,Olive Oil - Extra Virgin - Italy,12.99,Clearspring,,58.45,,0,5021554981473,6,500,ml,0,1,5021554981916
200503,,6x1l,organic,Olive Oil - Extra Virgin - Italy,22.99,Clearspring,,103.45,,0,5021554981497,6,1,l,0,1,5021554981923
200509,,6x1l,organic,Rapeseed Oil,7.99,Clearspring,,35.95,,0,5021554988557,6,1,l,0,1,5021554988564
200511,,6x500ml,organic,Rapeseed Oil,4.89,Clearspring,,22,,0,5021554986560,6,500,ml,0,1,5021554986577
200512,,8x250ml,organic,Pumpkin Seed Oil - Toasted - Styrian,14.49,Clearspring,,86.9,,0,5021554981596,8,250,ml,0,1,5021554982029
200513,,6x500ml,organic,Safflower Oil,9.99,Clearspring,,44.95,,0,5021554981527,6,500,ml,0,1,5021554981947
200515,,6x500ml,organic,Tunisian Olive Oil - Extra Virgin,9.99,Clearspring,,44.95,,0,5021554986904,6,500,ml,0,1,5021554986911
200516,,6x1l,organic,Tunisian Olive Oil - Extra Virgin,16.99,Clearspring,,76.45,,0,5021554986928,6,1,l,0,1,5021554986935
200517,,6x500ml,organic,Sesame Oil,8.39,Clearspring,,37.75,,0,5021554981534,6,500,ml,0,1,5021554981954
200518,,6x1l,organic,Sesame Oil,15.49,Clearspring,,69.7,,0,5021554985556,6,1,l,0,1,5021554985563
200520,,8x250ml,organic,Sesame Oil - Toasted,5.98,Clearspring,,35.9,,0,5021554982449,8,250,ml,0,1,5021554981848
200521,,6x150ml,organic,Sesame Oil - Toasted,4.49,Clearspring,,20.2,,0,5021554005032,6,150,ml,0,1,5021554005049
200522,,6x500ml,organic,Sesame Oil - Toasted,9.99,Clearspring,,44.95,,0,5021554982432,6,500,ml,0,1,5021554980742
200523,,20l,organic,Rapeseed Oil -  bag in box,,Clearspring,,75.75,,0,,,20,l,,1,
200525,,6x500ml,organic,Sunflower Oil,4.49,Clearspring,,20.2,,0,5021554981459,6,500,ml,0,1,5021554981893
200527,,6x1l,organic,Sunflower Oil,7.49,Clearspring,,33.7,,0,5021554981480,6,1,l,0,1,5021554981961
200529,,1x2l,organic,Sunflower Oil - clear plastic,12.46,Clearspring,,9.35,,0,5021554988816,1,2,l,0,1,5021554988823
200530,,6x500ml,organic,Sunflower Oil - for Frying,4.79,Clearspring,,21.55,,0,5021554981466,6,500,ml,0,1,5021554981909
200532,,6x1l,organic,Sunflower Oil - for Frying,7.79,Clearspring,,35.05,,0,5021554981510,6,1,l,0,1,5021554981978
200534,,1x2l,organic,Sunflower Oil - for Frying - clear plastic,13.49,Clearspring,,10.1,,0,5021554988830,1,2,l,0,1,
200535,,6x500ml,organic,Soybean Oil,5.99,Clearspring,,26.95,,0,5021554981503,6,500,ml,0,1,5021554981930
200537,,8x250ml,organic,Walnut Oil,10.98,Clearspring,,65.9,,0,5021554982463,8,250,ml,0,1,5021554981268
200544,,12x250ml,organic,MCT Coconut Oil,8.27,Cocofina,r,74.4,,0,5060118261330,12,250,ml,0,1,5060118261347
200545,,6x500ml,organic,Virgin Coconut Oil - glass,6.6,Cocofina,r,29.7,,0,5060118261774,6,500,ml,0,1,5060118261781
200546,,6x500ml,organic,Coconut Oil Neutral & Odourless - glass,4.12,Cocofina,r,18.55,,0,5060118260760,6,500,ml,0,1,5060118260777
200547,,6x500g,organic,Coconut Butter - glass,5.78,Cocofina,r,26,,0,5060118260302,6,500,g,0,1,5060118260340
200570,,6x500ml,organic,Olive Oil - E.V,10.39,Lesbian Donkey,,46.75,,0,5214000137009,6,500,ml,0,1,15214000137006
200572,,6x1l,organic,Olive Oil - E.V,18.54,Lesbian Donkey,,83.45,,0,5214000137016,6,1,l,0,1,15214000137143
200575,,1x5l,organic,Olive Oil - E.V,87.6,Lesbian Donkey,,65.7,,0,5214000137092,1,5,l,0,1,
200578,,6x500ml,organic,Kalamata Olive Oil - Extra Virgin,11.49,Mani,,51.7,,0,5202423600392,6,500,ml,0,1,5202423300193
200580,,6x500ml,organic,Olive Oil - Extra Virgin,11.49,Mani,,51.7,,0,5202423205047,6,500,ml,0,1,5202423601399
200582,,6x1l,organic,Olive Oil - Extra Virgin,19.98,Mani,,89.9,,0,5202423200172,6,1,l,0,1,5202423601412
200583,,3l,organic,Olive Oil - Extra Virgin,,Mani,,38.6,,0,5202423101875,,3,l,0,1,5202423101875
200588,,20l,organic,Coconut Oil - raw extra virgin - plastic tub,,Coconut Merchant,r,216.45,,0,5060468010114,,20,l,0,1,
200590,,4l,organic,Coconut Oil - raw extra virgin - plastic tub,,Coconut Merchant,r,46.35,,0,779140007261,,4,l,0,1,
200595,,12x500ml,organic,Coconut Oil - raw extra virgin - glass,8.28,Coconut Merchant,r,74.5,,0,779140006462,12,500,ml,0,1,57791400064621
200620,,1x5l,organic,Can of Olive Oil - Extra Virgin - Greece,81.87,Epikouros,,61.4,,0,5200104100100,1,5,l,0,1,
200622,,1x2l,organic,Can of Olive Oil - Extra Virgin - Greece,33.67,Epikouros,,25.25,,0,5200104109943,1,2,l,0,1,5200104109943
200630,,6x690ml,organic,Coconut Oil - large,13,Essential,,58.5,,0,5029220001197,6,690,ml,0,1,5029220001715
200631,,6x250ml,,Mellow Yellow Cold Pressed Rapeseed Oil,3.12,Farrington's,,14.05,,0,5060106170170,6,250,ml,0,1,5060106170170
200632,,6x210ml,organic,Coconut Oil - small,4.59,Essential,,20.65,,0,5029220001098,6,210,ml,0,1,5029220001722
200633,,6x500ml,,Mellow Yellow Cold Pressed Rapeseed Oil,4.62,Farrington's,,20.8,,0,5060106170002,6,500,ml,0,1,5060106170026
200634,,6x250ml,,Mellow Yellow Balsamic Vinegar Dressing,3.59,Farrington's,,16.15,,0,5060106170149,6,250,ml,0,1,5060106170156
200635,,6x250ml,,Mellow Yellow Chilli Oil,3.42,Farrington's,,15.4,,0,5060106170187,6,250,ml,0,1,105060121176794
200636,,6x250ml,,Mellow Yellow Ultimate Chilli Dressing,3.59,Farrington's,,16.15,,0,5060106170385,6,250,ml,0,1,5060106170392
200637,,6x250ml,,Mellow Yellow Classic Vinaigrette,3.59,Farrington's,,16.15,,0,5060106170071,6,250,ml,0,1,5060106170088
200638,,6x250ml,,Mellow Yellow Honey & Mustard Dressing,3.59,Farrington's,,16.15,,0,5060106170033,6,250,ml,0,1,5060106170057
200639,,6x250ml,,Mellow Yellow Blackberry Vinaigrette,3.59,Farrington's,,16.15,,0,5060106170040,6,250,ml,0,1,5060106170064
200640,,6x500ml,organic,Cold Pressed E.V. Coconut Oil,8.01,Forest Whole Foods,,35.95,,0,5060631555008,6,500,ml,0,1,
200649,,6x580g,organic,Ghee,19,Happy Butter,,85.5,,0,604565726049,6,580,g,0,1,604565726056
200650,,6x300g,organic,Ghee,11,Happy Butter,,49.35,,0,700461254829,6,300,g,0,1,700461856115
200654,,12x150g,organic,Ghee,6.5,Happy Butter,,58.3,,0,604565025661,12,150,g,0,1,604565025685
200952,,6x750ml,organic,Olive Oil - Extra Virgin - cold pressed,14.94,Mr Organic,,67.25,,0,5060178075472,6,750,ml,0,1,105060178075489
200954,,12x1l,organic,Olive Oil - Extra Virgin - cold pressed,22.3,Mr Organic,,200.7,,0,5060178070415,12,1,l,0,1,5060178070811
200955,,6x750ml,organic,Rapeseed Oil - cold pressed - gluten-free,6.99,Mr Organic,,31.45,,0,5060178071672,6,750,ml,0,1,5060178071689
200958,,6x750ml,organic,Sunflower Oil,6.94,Mr Organic,,31.25,,0,5060178073195,6,750,ml,0,1,5060178073287
201220,,1x100ml,organic,Black Seed Oil,8.14,Organic the Best,,6.1,,0,659436922792,1,100,ml,0,1,
201230,,6x500ml,organic,Olive Oil - Extra Virgin Spanish - small,11.95,Realfoods by Organico,,53.75,,0,5034210521739,6,500,ml,0,1,5034210992164
201232,,6x1l,organic,Olive Oil - Extra Virgin Spanish - large,19.95,Realfoods by Organico,,89.75,,0,5034210521760,6,1,l,0,1,5034210992188
201236,,6x500ml,organic,Rapeseed Oil,4.95,Realfoods by Organico,,22.25,,0,5034210523214,6,500,ml,0,1,5034210993734
201240,,6x500ml,organic,Sunflower Oil,4.95,Realfoods by Organico,,22.25,,0,5034210523191,6,500,ml,0,1,5034210993710
201245,,6x750ml,,Extra Virgin Olive Oil from Palestine,16.89,Rift Valley Farms,h,76,,0,785034587412,6,750,ml,0,1,785034587412
201246,,6x500ml,,Extra Virgin Olive Oil from Palestine,11.94,Rift Valley Farms,h,53.75,,0,785034587429,6,500,ml,0,1,785034587429
201248,,12x250ml,,Virgin Olive Oil Chilli Infused,9.24,Rift Valley Farms,h,83.2,,0,785034587474,12,250,ml,0,1,785034587474
201250,,6x250ml,,Infused Rapeseed Oil - woodfired Naga & Fennel,7.11,Spiced Sussex,,32,,0,507003259205,6,250,ml,0,1,5070003259212
201498,,6x500ml,organic,Olive Oil - Extra Virgin - Greece - glass bottle,9.48,Infinity Foods,,42.7,,0,5028869351908,6,500,ml,0,1,5028869351915
201500,,6x1l,organic,Olive Oil - Extra Virgin - Greece - glass bottle,17.72,Infinity Foods,,79.75,,0,5028869359119,6,1,l,0,1,5028869359126
201702,,6x500ml,organic,Raw Greek Extra Virgin Olive Oil,10.19,Raw Health,r,45.85,,0,5032722315761,6,500,ml,0,1,5032722653160
202036,,6x250ml,organic,Pumpkin Seed Oil - cold pressed,7.98,Sun & Seed,,35.9,,0,5060096250104,6,250,ml,0,1,5060096250562
202121,,6x250ml,,Palestinian Olive Oil,8.96,Zaytoun,,40.3,,0,189588000845,6,250,ml,0,1,5060201150527
202122,,6x500ml,,Palestinian Olive Oil,14.74,Zaytoun,,66.3,,0,189588000852,6,500,ml,0,1,
202123,,6x750ml,,Palestinian Olive Oil,21.78,Zaytoun,,98,,0,189588000869,6,750,ml,0,1,5060201150534
202124,,1x5l,,Palestinian Olive Oil,119.62,Zaytoun,,89.7,,0,189588000876,1,5,l,0,1,5060201150558
210510,,12x500ml,,Olive Oil Greek Extra Virgin,7.72,Hellenic Sun,,69.5,,0,5018076100154,12,500,ml,0,1,5018076200212
210511,,12x750ml,,Olive Oil Greek Extra Virgin,10.53,Hellenic Sun,,94.8,,0,5018076001604,12,750,ml,0,1,50180760016048
210520,,1x3l,,Olive Oil Greek Extra Virgin - tin,40.13,Hellenic Sun,,30.1,,0,5018076100178,1,3,l,0,1,
210525,,1x5l,,Olive Oil Greek Extra Virgin - tin,66.07,Hellenic Sun,,49.55,,0,5018076100772,1,5,l,0,1,5018076200250
211105,,6x100ml,,English Truffle Oil,6.42,Truffle Hunter,r,28.9,,0,609722891547,6,100,ml,0,1,15060650960668
211107,,6x100ml,,Black Truffle Oil,7.1,Truffle Hunter,r,31.95,,0,609722909556,6,100,ml,0,1,15060650960170
211110,,6x100ml,,White Truffle Oil,7.1,Truffle Hunter,r,31.95,,0,609722909549,6,100,ml,0,1,15060650960163
220597,,1x5l,,Olive Oil Pomace - tin,38.13,Abea,,28.6,,0,5201720000157,1,5,l,0,1,
220598,,12x500ml,organic,Olive Oil Greek - Extra Virgin,11.03,Abea,,99.3,,0,5201720400001,12,500,ml,0,1,15201720003957
220600,,1x5l,organic,Olive Oil Greek - Extra Virgin - tin,99.42,Abea,,74.55,,0,5201720003936,1,5,l,0,1,
250150,,6x350g,organic,Chocolate Spread - vegan,5.99,Biona,,26.95,,0,5032722306523,6,350,g,0,1,5032722642966
250155,,6x350g,organic,Milk Chocolate Hazelnut Spread,6.39,Biona,,28.75,,0,5032722306530,6,350,g,0,1,5032722642973
250203,,6x350g,organic,Smooth Almond Butter - large,11.99,Biona,,53.95,,0,5032722314078,6,350,g,0,1,5032722651432
250205,,6x170g,organic,Smooth Almond Butter - small,6.29,Biona,,28.3,,0,5032722305830,6,170,g,0,1,5032722642270
250206,,6x170g,organic,Crunchy Almond Butter,6.29,Biona,,28.3,,0,5032722314856,6,170,g,0,1,5032722652231
250207,,6x170g,organic,White Almond Butter - unroasted,6.99,Biona,,31.45,,0,5032722306837,6,170,g,0,1,5032722643352
250209,,6x250g,organic,Black Sesame Tahini - unsalted,4.69,Biona,,21.1,,0,5032722319400,6,250,g,0,1,5032722656802
250210,,6x170g,organic,Cashew Butter,4.99,Biona,,22.45,,0,5032722305892,6,170,g,0,1,5032722642324
250215,,6x170g,organic,Hazel Butter,7.69,Biona,,34.6,,0,5032722305847,6,170,g,0,1,5032722642287
250217,,6x170g,organic,Mixed Nut Butter,4.49,Biona,,20.2,,0,5032722307285,6,170,g,0,1,5032722643918
250218,,6x1kg,organic,Unsalted Peanut Butter Smooth - tub,11.49,Biona,,51.7,,0,5032722313972,6,1,kg,0,1,5032722651319
250220,,6x500g,organic,Unsalted Peanut Butter Smooth - large jar,6.39,Biona,,28.75,,0,5032722307292,6,500,g,0,1,5032722643925
250221,,6x250g,organic,Unsalted Peanut Butter Crunchy,3.69,Biona,,16.6,,0,5032722314870,6,250,g,0,1,5032722652255
250222,,6x250g,organic,Unsalted Peanut Butter Smooth - small jar,3.69,Biona,,16.6,,0,5032722305823,6,250,g,0,1,5032722642263
250223,,6x500g,organic,Salted Peanut Butter Crunchy - large jar,6.39,Biona,,28.75,,0,5032722307575,6,500,g,0,1,5032722644175
250224,,6x1kg,organic,Salted Peanut Butter Crunchy - tub,11.49,Biona,,51.7,,0,5032722313965,6,1,kg,0,1,5032722651302
250225,,6x250g,organic,Salted Peanut Butter Crunchy - small jar,3.69,Biona,,16.6,,0,5032722305816,6,250,g,0,1,5032722642256
250226,,6x170g,organic,Pumpkin Seed Butter,4.69,Biona,,21.1,,0,5032722313910,6,170,g,0,1,5032722651203
250230,,6x250g,organic,Smooth Peanut Butter,3.37,Carley's,,14.65,,0,5055052620374,6,250,g,0,1,15055052620371
250232,,6x250g,organic,Small Raw Whole Almond Butter,6.54,Carley's,,28.45,,0,5055052606897,6,250,g,0,1,15055052606894
250233,,6x170g,organic,Tahini White no salt - raw,3.89,Biona,,17.5,,0,5032722307353,6,170,g,0,1,5032722643956
250234,,6x170g,organic,Raw White Almond Butter - blanched,4.75,Carley's,,20.65,,0,5055052619194,6,170,g,0,1,15055052619191
250235,,6x170g,organic,Roasted Almond Butter,4.75,Carley's,,20.65,,0,5055052619187,6,170,g,0,1,15055052619184
250236,,6x170g,organic,Raw Apricot Kernel & Brazil Butter,6.95,Carley's,,30.2,,0,5055052619637,6,170,g,0,1,15055052619634
250237,,6x170g,organic,Cashew Butter,4.55,Carley's,,19.75,,0,5055052619217,6,170,g,0,1,15055052619214
250238,,6x170g,organic,Raw Brazil Nut Butter,6.95,Carley's,,30.2,,0,5055052618845,6,170,g,0,1,15055052618842
250239,,6x170g,organic,Raw Hemp & Linseed Butter,3.94,Carley's,,17.15,,0,5055052619781,6,170,g,0,1,15055052619788
250240,,6x170g,organic,Hazelnut Butter,6.9,Carley's,,30,,0,5055052619200,6,170,g,0,1,15055052619207
250241,,6x170g,organic,Raw Hempseed Butter,5.76,Carley's,,25,,0,5055052619774,6,170,g,0,1,15055052619771
250243,,6x250g,organic,Raw Mixed Seed Butter,4.45,Carley's,,19.35,,0,5055052618890,6,250,g,0,1,15055052618897
250244,,6x170g,organic,Raw Macadamia Nut Butter,8.34,Carley's,,36.3,,0,5055052618852,6,170,g,0,1,15055052618859
250245,,6x170g,organic,Raw Pecan Butter,6.95,Carley's,,30.2,,0,5055052618784,6,170,g,0,1,15055052618781
250247,,6x250g,organic,Raw Premium Pumpkinseed Butter,7.26,Carley's,,31.55,,0,5055052620510,6,250,g,0,1,15055052620517
250248,,6x170g,organic,Raw Rainforest Nut Butter,6.95,Carley's,,30.2,,0,5055052619347,6,170,g,0,1,15055052619344
250252,,6x250g,organic,Sunflower Seed Butter,2.84,Carley's,,12.35,,0,5055052620473,6,250,g,0,1,15055052620470
250253,,6x250g,organic,Raw Tahini Light - small,4.24,Carley's,,18.45,,0,5055052618869,6,250,g,0,1,15055052618866
250254,,6x250g,organic,Raw Tahini Dark,3.75,Carley's,,16.3,,0,5055052606927,6,250,g,0,1,15055052606924
250255,,6x170g,organic,Raw Walnut Butter - small,4.65,Carley's,,20.2,,0,5055052618883,6,170,g,0,1,15055052618880
250256,,6x250g,organic,Raw Cashew Butter,8.34,Carley's,,36.3,,0,5055052619170,6,250,g,0,1,15055052619177
250257,,6x250g,organic,Raw Black Sesame Tahini,3.95,Carley's,,17.15,,0,5055052606835,6,250,g,0,1,15055052606832
250258,,6x250g,organic,Raw Hazelnut Butter,9.25,Carley's,,40.2,,0,5055052619163,6,250,g,0,1,15055052619160
250259,,6x170g,organic,Raw Pistachio & Brazil Nut Butter,10.95,Carley's,,47.6,,0,5055052620138,6,170,g,0,1,15055052620135
250262,,6x250g,organic,Raw Sunflower Seed Butter,2.84,Carley's,,12.35,,0,5055052617664,6,250,g,0,1,15055052617661
250263,,6x250g,organic,Pumpkin Seed Butter,5.86,Carley's,,25.5,,0,5055052620497,6,250,g,0,1,15055052620494
250267,,6x250g,organic,Dark Tahini Roasted,3.75,Carley's,,16.3,,0,5055052606729,6,250,g,0,1,15055052606726
250268,,6x250g,organic,Light Tahini Roasted,4.25,Carley's,,18.45,,0,5055052606705,6,250,g,0,1,15055052606702
250278,,6x250g,organic,Crunchy Peanut Butter,3.37,Carley's,,14.65,,0,5055052620367,6,250,g,0,1,15055052620364
250279,,6x500g,organic,Large Raw Whole Almond Butter,12.15,Carley's,,52.85,,0,5055052606880,6,500,g,0,1,15055052606887
250280,,6x700g,organic,Crunchy Peanut Butter - jumbo,8.33,Carley's,,36.2,,0,5055052620381,6,700,g,0,1,15055052620388
250281,,6x500g,organic,Raw Light Tahini,8.24,Carley's,,35.85,,0,5055052619064,6,500,g,0,1,15055052619061
250282,,6x700g,organic,Smooth Peanut Butter - jumbo,8.33,Carley's,,36.2,,0,5055052620398,6,700,g,0,1,15055052620395
250283,,6x500g,organic,Raw Dark Tahini,6.45,Carley's,,28.05,,0,5055052607009,6,500,g,0,1,15055052607006
250284,,6x500g,organic,Crunchy Whole Almond Roasted Nut Butter,12.15,Carley's,,52.85,,0,5055052609231,6,500,g,0,1,15055052619238
250286,,6x250g,organic,Smokey Chilli Peanut Butter,3.65,Carley's,,15.85,,0,5055052620404,6,250,g,0,1,15055052620401
250350,,6x350g,organic,Crunchy Peanut Butter - salted,4.09,Clearspring,,18.4,,0,5021554989172,6,350,g,0,1,5021554989189
250351,,6x170g,organic,Almond Butter Crunchy,6,Clearspring,,26.95,,0,5021554004578,6,170,g,0,1,5021554004585
250353,,6x170g,organic,Almond Butter Smooth,6,Clearspring,,26.95,,0,5021554004615,6,170,g,0,1,5021554004561
250355,,6x350g,organic,Smooth Peanut Butter - salted,4.09,Clearspring,,18.4,,0,5021554989196,6,350,g,0,1,5021554989202
250356,,6x170g,organic,Rich Roast Peanut Butter Crunchy,2.69,Clearspring,,12.1,,0,5021554004547,6,170,g,0,1,5021554004554
250358,,6x170g,organic,Rich Roast Peanut Butter Smooth,2.69,Clearspring,,12.1,,0,5021554004523,6,170,g,0,1,5021554004530
250360,,6x170g,organic,Tahini Black Sesame,3.49,Clearspring,,15.7,,0,5021554004509,6,170,g,0,1,5021554004516
250362,,6x280g,organic,Tahini White Sesame,4.29,Clearspring,,19.3,,0,5021554004462,6,280,g,0,1,5021554004479
250364,,6x280g,organic,Tahini Whole Sesame,4.29,Clearspring,,19.3,,0,5021554004486,6,280,g,0,1,5021554004493
250606,,6x400g,organic,Dark Chocolate Spread - no palm oil - vegan,6.09,Essential,,27.4,,0,5029220000794,6,400,g,0,1,5029220001821
250608,,6x400g,organic,Hazelnut Chocolate Spread - no palm oil - vegan,5.59,Essential,,25.15,,0,5029220001845,6,400,g,0,1,5029220001845
251005,,6x125g,,Vitam-R (yeast extract low salt),5.02,Essential,,22.6,,0,5029220157696,6,125,g,0,1,5029220157894
251010,,6x250g,,Vitam-R (yeast extract low salt),8.88,Essential,,39.95,,0,5029220157597,6,250,g,0,1,5029220157795
251015,,6x150g,organic,Organic Vitam-R (yeast extract low salt),12.91,Essential,,58.1,,0,5029220532899,6,150,g,0,1,5029220533094
251460,,6x250g,,Peanut Butter Crunchy + Lion’s Mane,4.67,Lion's Den,,21,,0,5070002555261,6,250,g,0,1,5070002555285
251461,,6x250g,,Peanut Butter Smooth + Lion’s Mane,4.67,Lion's Den,,21,,0,5070002555254,6,250,g,0,1,5070002555278
251480,,6x170g,,Almond & Coconut Butter Smooth,3.39,Meridian,,15.25,,0,5060132282502,6,170,g,0,1,5060132282519
251502,,6x170g,,Crunchy Almond Butter 100%,3.29,Meridian,,14.8,,0,5060132281857,6,170,g,0,1,5060132281864
251503,,6x170g,,Smooth Almond Butter 100%,3.29,Meridian,,14.8,,0,5060132281796,6,170,g,0,1,5060132281802
251504,,6x1kg,,Bulk Smooth Almond Butter 100% - plastic,17.24,Meridian,,77.6,,0,5060132282113,6,1,kg,0,1,5060132282120
251506,,6x170g,organic,Organic Smooth Almond Butter 100%,5.01,Meridian,r,22.55,,0,5060132282151,6,170,g,0,1,5060132282168
251509,,6x470g,organic,Organic Smooth Almond Butter 100%,12.57,Meridian,r,56.55,,0,5060132284346,6,470,g,0,1,5060132284353
251511,,6x470g,,Smooth Almond Butter 100%,8.49,Meridian,,38.25,,0,5060132284360,6,470,g,0,1,5060132284377
251515,,6x170g,,Smooth Cashew Butter,3.84,Meridian,,17.3,,0,5014213000929,6,170,g,0,1,5014213009182
251516,,6x170g,,Crunchy Cashew Butter,3.84,Meridian,,17.3,,0,5060132281833,6,170,g,0,1,5060132281840
251517,,6x170g,organic,Organic Smooth Cashew Butter,3.39,Meridian,r,15.25,,0,5060132280447,6,170,g,0,1,5060132280454
251520,,6x170g,,Hazel Butter Crunchy 100%,4.98,Meridian,,22.4,,0,5014213000943,6,170,g,0,1,5014213009175
251523,,6x1kg,organic,Bulk Peanut Butter Crunchy 100% - plastic,9.13,Meridian,r,41.1,,0,5060132280867,6,1,kg,0,1,5060132280874
251525,,6x280g,organic,Peanut Butter Crunchy 100%,2.88,Meridian,r,12.95,,0,5014213200732,6,280,g,0,1,5014213500733
251529,,6x1kg,organic,Bulk Peanut Butter Smooth 100% - plastic,9.13,Meridian,r,41.1,,0,5060132281819,6,1,kg,0,1,5060132281826
251530,,6x280g,organic,Peanut Butter Smooth 100%,2.88,Meridian,r,12.95,,0,5060132280201,6,280,g,0,1,5060132280218
251565,,6x1kg,,Bulk Peanut Butter Crunchy 100% - plastic,8.49,Meridian,,38.2,,0,5014213001049,6,1,kg,0,1,5014213001148
251566,,6x470g,,Peanut Butter Crunchy 100% - glass,4.69,Meridian,,21.15,,0,5060132284322,6,470,g,0,1,5060132284339
251570,,6x280g,,Peanut Butter Crunchy 100% - glass,3.14,Meridian,,14.15,,0,5014213711290,6,280,g,0,1,5014213500818
251605,,6x1kg,,Bulk Peanut Butter Smooth 100% - plastic,8.49,Meridian,,38.2,,0,5014213001063,6,1,kg,0,1,5014213001216
251606,,6x470g,,Peanut Butter Smooth 100% - glass,4.69,Meridian,,21.15,,0,5060132284308,6,470,g,0,1,5060132284315
251610,,6x280g,,Peanut Butter Smooth 100% - glass,3.14,Meridian,,14.15,,0,5060132281994,6,280,g,0,1,5014213500832
251611,,3x700g,,Protein Smooth Peanut Butter 100%,7.3,Meridian,,16.4,,0,5060132285367,3,700,g,0,1,5060132285374
251620,,6x270g,,Light Tahini,3.98,Meridian,,17.9,,0,5060132281574,6,270,g,0,1,5014213500764
251623,,6x270g,organic,Light Tahini,4.49,Meridian,,20.2,,0,5014213200794,6,270,g,0,1,5014213500795
251626,,6x280g,,Peanut Butter Crunchy with Anglesey Sea Salt,3.14,Meridian,,14.15,,0,5060132285466,6,280,g,0,1,5060132285459
251629,,6x280g,,Peanut Butter Smooth with Anglesey Sea Salt,3.14,Meridian,,14.15,,0,5060132285473,6,280,g,0,1,5060132285480
251632,,6x340g,,Yeast Extract - no added salt,5.98,Meridian,,26.9,,0,5060132280621,6,340,g,0,1,5060132280638
251640,,3x1kg,,Smooth Almond Butter,18.89,Pip & Nut,,42.5,,0,5060367180390,3,1,kg,0,1,5060367180734
251642,,6x170g,,Smooth Almond Butter,3.88,Pip & Nut,,17.45,,0,5060367181281,6,170,g,0,1,5060367181373
251644,,3x1kg,,Crunchy Peanut Butter,8.73,Pip & Nut,,19.65,,0,5060367180758,3,1,kg,0,1,5060367180765
251646,,6x300g,,Crunchy Peanut Butter,3.84,Pip & Nut,,17.3,,0,5060367181311,6,300,g,0,1,5060367181403
251648,,3x1kg,,Smooth Peanut Butter,8.73,Pip & Nut,,19.65,,0,5060367180383,3,1,kg,0,1,5060367180727
251650,,6x300g,,Smooth Peanut Butter,3.84,Pip & Nut,,17.3,,0,5060367181274,6,300,g,0,1,5060367181366
251652,,6x300g,,Sweet Salty Crunchy Peanut Butter,3.84,Pip & Nut,,17.3,,0,5060367181564,6,300,g,0,1,5060367181571
251656,,6x300g,,Sweet Salty Smooth Peanut Butter,3.84,Pip & Nut,,17.3,,0,5060367181540,6,300,g,0,1,5060367181557
252010,,8x225g,,Natex Original Savoury Spread - Yeast Extract,3.87,Modern Health,,23.2,,0,5014284003027,8,225,g,0,1,5014284002020
252020,,8x225g,,Natex Reduced Salt Yeast Extract Savoury Spread,4.26,Modern Health,,25.55,,0,5014284003010,8,225,g,0,1,5014284002013
252505,,6x200g,organic,Chocolate Hazel Spread - Vegan,5.09,Mr Organic,,22.9,,0,5060178071825,6,200,g,0,1,5060178071832
252507,,6x200g,organic,Dark Chocolate Hazel Spread - Vegan,5.79,Mr Organic,,26.05,,0,5060178071801,6,200,g,0,1,5060178071818
252805,,6x340g,organic,Peanut Butter Crunchy salted,3.48,Suma,r,15.65,,0,5017601005803,6,340,g,0,1,5017601005858
252807,,6x700g,organic,Peanut Butter Crunchy salted,6.87,Suma,r,30.9,,0,5017601016427,6,700,g,0,1,5017601016434
252810,,6x340g,organic,Peanut Butter Crunchy no salt,3.47,Suma,r,15.65,,0,5017601015024,6,340,g,0,1,5017601015000
252812,,6x700g,organic,Peanut Butter Crunchy no salt,6.87,Suma,r,30.9,,0,5017601016410,6,700,g,0,1,5017601016458
252815,,6x340g,organic,Peanut Butter Smooth salted,3.47,Suma,r,15.65,,0,5017601005810,6,340,g,0,1,501760105863
252825,,6x700g,organic,Peanut Butter Smooth salted,6.87,Suma,r,30.9,,0,5017601016465,6,700,g,0,1,5017601016472
252827,,6x340g,organic,Peanut Butter Smooth no salt,3.47,Suma,r,15.65,,0,5017601015048,6,340,g,0,1,5017601015017
252830,,6x700g,organic,Peanut Butter Smooth no salt,6.87,Suma,r,30.9,,0,5017601038672,6,700,g,0,1,5017601038665
253003,,6x170g,,Black Whole Tahini,2.98,Sunita,,13.4,,0,5018076001543,6,170,g,0,1,15018076001540
253005,,3kg,,"Whole Tahini (Catering tub, not for resale)",,Sunita,,26.45,,0,5018076100918,,3,kg,0,1,5018076200106
253010,,12x280g,,Whole Tahini,3.3,Sunita,,29.7,,0,5018076100366,12,280,g,0,1,5018076201479
253017,,3kg,organic,"Whole Tahini (Catering tub, not for resale)",,Sunita,,28.55,,0,5018076100925,,3,kg,0,1,5018076200120
253018,,6x280g,organic,Tahini Brown ORG,4,Sunita,,18,,0,5018076000775,6,280,g,0,1,5018076201455
253020,,3kg,organic,"Light Tahini (Catering tub, not for resale)",,Sunita,,28.55,,0,5018076100659,,3,kg,0,1,5018076200083
253025,,6x280g,organic,Tahini Light ORG,4,Sunita,,18,,0,5018076200397,6,280,g,0,1,5018076201448
253030,,3kg,,"Light Tahini (Catering tub, not for resale)",,Sunita,,26.45,,0,5018076100901,,3,kg,0,1,5018076200069
253035,,12x280g,,Light Tahini,3.3,Sunita,,29.7,,0,5018076200373,12,280,g,0,1,5018076201462
253391,,6x350g,organic,Crunchy Hazelnut Chocolate Spread,5.5,Vego,,24.7,,0,4260334141015,6,350,g,0,1,4260334141022
253516,,3x1kg,,100% Nuts Smooth Peanut Butter,7.98,Whole Earth,r,17.95,,0,5000237207734,3,1,kg,0,1,5000237207727
253517,,3x1kg,,100% Nuts Crunchy Peanut Butter,7.98,Whole Earth,r,17.95,,0,5000237207758,3,1,kg,0,1,5000237207758
253518,,6x340g,organic,Peanut Butter Crunchy - large,4.46,Whole Earth,r,20.05,,0,5013665108320,6,340,g,0,1,5013665108337
253519,,6x340g,organic,Peanut Butter Crunchy,4.78,Whole Earth,r,21.5,,0,5000237209165,6,340,g,0,1,5000237209158
253520,,6x340g,organic,Peanut Butter Smooth,4.78,Whole Earth,r,21.5,,0,5000237209189,6,340,g,0,1,5000237209172
253521,,6x340g,,100% Nuts Crunchy Peanut Butter,3.56,Whole Earth,r,16,,0,5000237207710,6,340,g,0,1,5000237207703
253522,,6x340g,,100% Nuts Smooth Peanut Butter,3.56,Whole Earth,r,16,,0,5000237207697,6,340,g,0,1,5000237207680
253523,,6x340g,,Original Peanut Butter Crunchy,3.76,Whole Earth,r,16.9,,0,5000237208601,6,340,g,0,1,5000237208595
253524,,6x340g,,Original Peanut Butter Smooth,3.74,Whole Earth,r,16.85,,0,5000237208625,6,340,g,0,1,5000237208618
253525,,6x340g,,Peanut Butter Crunchy,3.37,Whole Earth,r,15.15,,0,5011835101065,6,340,g,0,1,5011835009712
253538,,6x340g,organic,Peanut Butter Smooth  - large,4.46,Whole Earth,r,20.05,,0,5013665108344,6,340,g,0,1,5013665108351
261205,,6x100g,organic,Spring Artichoke Dip/Spread,3.25,Realfoods by Organico,,14.6,,0,5034210521449,6,100,g,0,1,5034210910205
261207,,6x140g,organic,Italian Garlic Dip/Spread,3.45,Realfoods by Organico,,15.5,,0,5034210521463,6,140,g,0,1,5034210910052
261212,,6x140g,organic,Roasted Pepper Dip/Spread,3.45,Realfoods by Organico,,15.5,,0,5034210521456,6,140,g,0,1,5034210910212
261221,,6x250g,organic,Chocolate Hazelnut Spread,5.87,Rhythm 108,,26.4,,0,7640155340373,6,250,g,0,1,7640155340595
261222,,6x250g,organic,Salted Caramel Spread - was golden blonde,5.87,Rhythm 108,,26.4,,0,7640155341196,6,250,g,0,1,7640155341202
261223,,6x250g,organic,Pistachio Spread,6.84,Rhythm 108,,30.8,,0,7640155341219,6,250,g,0,1,7640155341226
261238,,6x284g,,Apple & Cinnamon Spread,3.7,St Dalfour,,16.65,,0,5014271002699,6,284,g,0,1,15014271002696
261240,,6x284g,,Apricot Spread,3.6,St Dalfour,,16.2,,0,5014271300429,6,284,g,0,1,5014271300436
261241,,6x284g,,Blackberry Spread,3.7,St Dalfour,,16.65,,0,5014271320427,6,284,g,0,1,5014271320434
261242,,6x284g,,Black Cherry Spread,3.6,St Dalfour,,16.2,,0,5014271310428,6,284,g,0,1,5014271310435
261243,,6x284g,,Blackcurrant Spread,3.66,St Dalfour,,16.45,,0,5014271340425,6,284,g,0,1,5014271340432
261244,,6x284g,,Blueberry Spread,3.66,St Dalfour,,16.45,,0,5014271330426,6,284,g,0,1,5014271330433
261245,,6x284g,,Four Fruits Spread,3.6,St Dalfour,,16.2,,0,5014271350424,6,284,g,0,1,5014271350431
261246,,6x284g,,Orange Spread,3.66,St Dalfour,,16.45,,0,5014271360423,6,284,g,0,1,5014271360430
261247,,6x284g,,Cranberry & Blueberry Spread,3.7,St Dalfour,,16.65,,0,5014271795652,6,284,g,0,1,5014271745329
261248,,6x284g,,Orange & Ginger,3.6,St Dalfour,,16.2,,0,5014271560427,6,284,g,0,1,5014271560434
261249,,6x284g,,Raspberry Spread,3.66,St Dalfour,,16.45,,0,5014271390420,6,284,g,0,1,5014271390437
261250,,6x284g,,Strawberry Spread,3.66,St Dalfour,,16.45,,0,5014271400426,6,284,g,0,1,5014271400433
261251,,6x284g,,Mirabelle Plum Spread,3.7,St Dalfour,,16.65,,0,5014271380421,6,284,g,0,1,5014271380438
261254,,6x284g,,Orchard Pear Spread,3.7,St Dalfour,,16.65,,0,5014271795331,6,284,g,0,1,5014271745114
261256,,6x284g,,Strawberry & Rhubarb Spread,3.7,St Dalfour,,16.65,,0,5014271002705,6,284,g,0,1,15014271002702
261258,,6x284g,,Heritage Peach Spread,3.7,St Dalfour,,16.65,,0,5014271370422,6,284,g,0,1,5014271370439
261507,,6x135g,organic,Edamame Hummus in a jar,1.81,Suma,r,8.15,,0,5017601047919,6,135,g,0,1,5017601047902
262105,,12x200g,organic,Classic Pâté,3.41,Tartex,r,30.65,,0,4005514174014,12,200,g,0,1,4005514774016
262120,,12x200g,organic,Herb Pâté,3.41,Tartex,r,30.65,,0,4005514174007,12,200,g,0,1,4005514774009
262125,,12x200g,organic,Herb & Garlic Pâté,3.41,Tartex,r,30.65,,0,4005514174052,12,200,g,0,1,4005514774054
262130,,12x200g,organic,Mushroom Pâté,3.41,Tartex,r,30.65,,0,4005514174038,12,200,g,0,1,4005514774030
262140,,6x220g,,Garlic Jam with Red Chilli,5.79,The Garlic Farm,,22.25,,0,5060042941506,6,220,g,0,1,5060042942275
262142,,6x220g,,Roast Garlic Jam,4.87,The Garlic Farm,,21.9,,0,5060042941445,6,220,g,0,1,5060042942251
290203,,3x2.8kg,organic,Jackfruit (young chunks) in salted water,10.67,Biona,,24,,0,5032722316447,3,2.8,kg,0,1,5032722653849
290205,,6x400g,organic,Jackfruit (young chunks) in salted water,2.99,Biona,,13.45,,0,5032722316140,6,400,g,0,1,5032722653542
290705,,6x340g,organic,Apricot Jam,4.12,Bionova,,18.55,,0,8718754501514,6,340,g,0,1,8718754501521
290720,,6x340g,organic,Bilberry Jam,5.42,Bionova,,24.35,,0,8718754501354,6,340,g,0,1,8718754501361
290727,,6x340g,organic,Raspberry Jam,5.91,Bionova,,26.55,,0,8718754501453,6,340,g,0,1,8718754501460
290735,,6x340g,organic,Strawberry Jam,5.42,Bionova,,24.35,,0,8718754504720,6,340,g,0,1,8718754501347
290750,,6x340g,organic,Orange Marmalade - mild,4.13,Bionova,,18.55,,0,8718754504645,6,340,g,0,1,8718754504652
290770,,6x130g,organic,Beetroot Horseradish Spread,2.54,Bonsan,r,11.45,,0,5032722316577,6,130,g,0,1,5032722653979
290774,,6x130g,organic,Red Pepper & Cashew Spread,2.54,Bonsan,r,11.45,,0,5032722316591,6,130,g,0,1,5032722653993
290775,,6x135g,organic,Toscana Style - cream cheese alternative,2.46,Bonsan,r,11.05,,0,5032722319493,6,135,g,0,1,5032722656895
290786,,6x350g,organic,Mylk Hazelnut Cocoa Spread - no palm oil,5.99,Bonsan,,26.95,,0,5032722316560,6,350,g,0,1,5032722653962
290900,,6x215g,organic,Romagna Apricot 100% fruit spread,3.53,FruTeto Italia,r,15.9,,0,,6,215,g,0,1,15060466500645
290901,,6x215g,organic,Campanian Strawberry 100% fruit spread,3.53,FruTeto Italia,r,15.9,,0,2007993325,6,215,g,0,1,15060466500676
290902,,6x215g,organic,Sicilian Orange with Ginger & Turmeric,3.53,FruTeto Italia,r,15.9,,0,2007993954,6,215,g,0,1,15060466500706
290903,,6x215g,organic,Super Berries with Açai,3.93,FruTeto Italia,r,17.7,,0,2007993916,6,215,g,0,1,15060466500690
290904,,6x215g,organic,Wild Blueberry 100% fruit spread,4.4,FruTeto Italia,r,19.8,,0,,6,215,g,0,1,15060466500652
290906,,6x215g,organic,Morello Cherry 100% fruit spread,3.93,FruTeto Italia,r,17.7,,0,2007993125,6,215,g,0,1,15060466500683
290921,,6x250g,organic,Jingleberry xmas spiced strawberry spread,4.36,FruTeto Italia,,19.6,,0,5060466500617,6,250,g,0,1,15060466500614
290941,,6x200g,organic,Kalamata Olive Pâté,3.13,Hellenic Sun,,14.1,,0,5018076002366,6,200,g,0,1,15018076002363
290942,,6x215g,organic,Polana Raspberry 100% fruit spread,3.96,FruTeto Italia,r,17.8,,0,2007993515,6,215,g,0,1,15060466500669
292300,,6x250g,organic,Apricot Spread,3.69,Biona,,16.6,,0,5032722316003,6,250,g,0,1,5032722653405
292302,,6x250g,organic,Forest Fruit Spread,4.59,Biona,,20.65,,0,5032722316010,6,250,g,0,1,5032722653412
292304,,6x250g,organic,Orange Fruit Spread,3.19,Biona,,14.35,,0,5032722319844,6,250,g,0,1,5032722657250
292308,,6x250g,organic,Strawberry Spread,3.79,Biona,,17.05,,0,5032722315990,6,250,g,0,1,5032722653399
292505,,12x300g,,Pear & Apple Spread,3.91,Suma,,35.2,,0,5017601011958,12,300,g,0,1,5017601011941
292822,,6x227g,,Red Chilli Jelly,4.8,Ouse Valley,,21.6,,0,5060125830291,6,227,g,0,1,115060125830298
292831,,6x227g,,Lemon Marmalade with Lavender,4,Ouse Valley,,18,,0,5060125836651,6,227,g,0,1,
292833,,6x227g,,Orange Marmalade,4,Ouse Valley,,18,,0,5060125836637,6,227,g,0,1,
292837,,6x227g,,Seville Marmalade,4,Ouse Valley,,18,,0,5060125836644,6,227,g,0,1,
292839,,6x227g,,Orange Marmalade with Molasses & Rum,4,Ouse Valley,,18,,0,5060125836521,6,227,g,0,1,
292840,,6x227g,,Christmas Pudding Marmalade,4.74,Ouse Valley,,21.35,,0,5060125832745,6,227,g,0,1,5060125834992
292841,,6x227g,,Cranberry & Blackcurrant Conserve with Port,4.87,Ouse Valley,,21.9,,0,5060125830161,6,227,g,0,1,
292842,,6x100g,,Fairy Cranberry Silver Jelly,4.89,Ouse Valley,,22,,0,5060125834602,6,100,g,0,1,5060125834435
292844,,6x100g,,Fairy Elderflower Gold Jelly,4.89,Ouse Valley,,22,,0,5060125834435,6,100,g,0,1,
292846,,6x227g,,Stem Ginger Jam,4.44,Ouse Valley,,20,,0,5060125830482,6,227,g,0,1,
292848,,6x227g,,A Very Merry Chutney,4.74,Ouse Valley,,21.35,,0,5060125830178,6,227,g,0,1,
293290,,6x200g,organic,Cranberry Sauce with Orange & Spices jar,3.88,Roots & Wings,,17.45,,0,10044936276938,6,200,g,0,1,10044936276938
293292,,6x200g,organic,Redcurrant Sauce with Port,3.87,Roots & Wings,,17.4,,0,10044936276945,6,200,g,0,1,10044936276945
293353,,6x310g,organic,Lemon Curd - contains egg,4.56,Thursday Cottage,,20.5,,0,59471772015,6,310,g,0,1,59471772114
293355,,6x340g,organic,Marmalade - Orange - medium cut,4.18,Thursday Cottage,,18.8,,0,59471777010,6,340,g,0,1,59471777119
293357,,6x340g,organic,Marmalade - Orange & Mandarin - fine cut,4.18,Thursday Cottage,,18.8,,0,59471778017,6,340,g,0,1,59471778116
293359,,6x340g,organic,Plum Jam,4.56,Thursday Cottage,,20.5,,0,59471781017,6,340,g,0,1,59471781116
293362,,6x340g,organic,Raspberry Jam,4.56,Thursday Cottage,,20.5,,0,59471774019,6,340,g,0,1,59471774118
293365,,6x340g,organic,Strawberry Jam,4.56,Thursday Cottage,,20.5,,0,59471775016,6,340,g,0,1,59471775115
293368,,6x112g,,Christmas Chutney,2,Thursday Cottage,,9,,0,59471503084,6,112,g,0,1,59471503183
293369,,6x340g,,Mincemeat,4.07,Thursday Cottage,,18.3,,0,59471805010,6,340,g,0,1,59471805119
293382,,6x315g,,Reduced Sugar Marmalade - Orange,3.31,Thursday Cottage,,14.85,,0,59471457011,6,315,g,0,1,59471467119
293395,,6x315g,,Reduced Sugar Jam - Strawberry,3.52,Thursday Cottage,,15.85,,0,59471459015,6,315,g,0,1,59471469113
293406,,6x170g,,Black Truffle Pâté,12.31,Truffle Hunter,r,55.4,,0,5060650961590,6,170,g,0,1,15060650961597
295026,,6x210g,,Wild Cranberry Sauce,2.87,Wilkin & Sons,,12.9,,0,,6,210,g,0,1,43647823168
310401,,6x700g,organic,Large Agave - Light syrup,7.39,Biona,,33.25,,0,5032722313156,6,700,g,0,1,5032722650411
310402,,6x350g,organic,Small Agave Nectar - Light syrup,3.99,Biona,,17.95,,0,5032722305120,6,350,g,0,1,5032722641709
310405,,6x350g,organic,Agave Nectar - Dark syrup,4.19,Biona,,18.85,,0,5032722311596,6,350,g,0,1,5032722647893
310410,,6x350g,organic,Rice Syrup,4.39,Biona,,19.75,,0,5032722304888,6,350,g,0,1,5032722641259
310415,,6x350g,organic,Date Syrup,4.39,Biona,,19.75,,0,5032722313088,6,350,g,0,1,5032722650343
311003,,6x300g,organic,Barley Malt Syrup,3.69,Clearspring,,16.6,,0,5021554004387,6,300,g,0,1,5021554004394
311004,,6x300g,organic,Coconut Blossom Syrup,4.99,Clearspring,,22.45,,0,5021554004448,6,300,g,0,1,5021554004455
311005,,6x300g,organic,Date Syrup,3.89,Clearspring,,17.5,,0,5021554004424,6,300,g,0,1,5021554004431
311006,,6x300g,organic,Oat Syrup,3.99,Clearspring,,17.95,,0,5021554004400,6,300,g,0,1,5021554004417
311008,,6x300g,organic,Rice Malt Syrup,3.69,Clearspring,,16.6,,0,5021554004349,6,300,g,0,1,5021554004356
311510,,25kg,organic,Bulk Agave Syrup,,Do-It,,110,,0,,,25,kg,0,1,
311512,,25kg,organic,Corn Syrup,,Do-It,,100,,0,,,25,kg,0,1,
311520,,25kg,organic,Bulk Malt Extract,,Do-It,,96,,0,,,25,kg,0,1,
311590,,12x300g,organic,Coconut Nectar - honey alternative,4.08,Coconut Merchant,r,36.7,,0,5060468010145,12,300,g,0,1,55060468010140
312020,,6x230g,,Chicory Fibre Syrup,6.39,Dillon,r,28.75,,0,15070000210657,6,230,g,0,1,15070000210657
313105,,3.18kg,organic,Honey Clear,,Essential,,22,,0,5029220213194,,3.18,kg,0,1,5029220001920
313110,,3.18kg,organic,Honey Set,,Essential,,22,,0,5029220213293,,3.18,kg,0,1,5029220001937
313301,,6x340g,organic,Pure Honey - clear,4.99,GFM,,22.45,,0,5030149025706,6,340,g,0,1,5030149125703
313302,,6x340g,organic,Acacia Honey - clear,5.99,GFM,,26.95,,0,5030149025904,6,340,g,0,1,5030149125901
313307,,3kg,organic,Blossom Honey - clear,,GFM,,26.6,,0,5030149025713,,3,kg,0,1,
313311,,3x230g,organic,Honey & Royal Jelly - clear,5.78,GFM,,13,,0,5030149024112,3,230,g,0,1,5030149324113
313315,,6x340g,organic,Forest Honey - clear,5.99,GFM,,26.95,,0,5030149025508,6,340,g,0,1,5030149125505
313318,,3x230g,organic,Manuka Honey NPA 10+,23.99,GFM,,53.95,,0,5030149025409,3,230,g,0,1,5030149324137
313325,,3x230g,organic,"Vitacomplex - honey, pollen, royal jelly & propolis",6.3,GFM,,14.15,,0,5030149024105,3,230,g,0,1,5030149324106
313330,,3x110g,organic,Pollen Granules,6.49,GFM,,14.6,,0,5030149024129,3,110,g,0,1,5030149324120
313375,,6x150g,organic,Carob Powder,4.52,Hambleden,,20.35,,0,5023552000637,6,150,g,0,1,15023552000634
313605,,6x240ml,organic,Agave Syrup - bottle,5.91,Yakso,,26.55,,0,5400313432508,6,240,ml,0,1,8712423018587
313610,,1x5l,organic,Agave Syrup - plastic,87.45,Yakso,,65.55,,0,8712423016736,1,5,l,0,1,
314205,,6x400g,,Acacia Honey,7.4,Green Valleys,,33.3,,0,,6,400,g,0,1,
314207,,6x400g,,Buckwheat Honey,7.4,Green Valleys,,33.3,,0,,6,400,g,0,1,
314210,,6x400g,,Forest Honey,7.4,Green Valleys,,33.3,,0,,6,400,g,0,1,
314212,,6x400g,,Heather Honey,7.9,Green Valleys,,35.6,,0,,6,400,g,0,1,
314215,,6x400g,,Lime (Linden) Honey,7.4,Green Valleys,,33.3,,0,,6,400,g,0,1,
314220,,6x100g,,Bee Pollen,5.71,Green Valleys,,25.8,,0,,6,100,g,0,1,
314505,,6x340g,organic,Barley Malt Extract,5.48,Rayners,,24.65,,0,5019998629945,6,340,g,0,1,5019998763366
314507,,5kg,organic,Barley Malt Extract - tub,,Rayners,,35.5,,0,5019998764134,,5,kg,0,1,
314510,,6x340g,organic,Black Treacle,3.74,Rayners,,16.85,,0,5019998628405,6,340,g,0,1,5019998760006
314512,,5kg,organic,Black Treacle - tub,,Rayners,,24.35,,0,5019998764271,,5,kg,0,1,5019998764271
314516,,6x340g,organic,Golden Syrup,5.49,Rayners,,24.7,,0,5019998000553,6,340,g,0,1,15019998000550
314527,,5kg,organic,Golden Syrup - tub,,Rayners,,35.2,,0,5019998764349,,5,kg,0,1,5019998764349
314530,,6x500g,,Acacia Raw Honey,14.13,Seggiano,,63.6,,0,5033742000088,6,500,g,0,1,115033742000085
314532,,6x500g,,Chestnut Raw Honey,11.73,Seggiano,,52.8,,0,5033742000095,6,500,g,0,1,115033742000092
314534,,6x500g,,Orange Blossom Honey,11.2,Seggiano,,50.4,,0,5033742000583,6,500,g,0,1,15033742000580
314535,,6x500g,,Wildflower Raw Honey,11.73,Seggiano,,52.8,,0,5033742000118,6,500,g,0,1,115033742000115
315008,,6x600g,organic,Blackstrap Molasses - Fair Trade,3.78,Meridian,,17,,0,5060132284049,6,600,g,0,1,5060132284063
315010,,6x350g,organic,Blackstrap Molasses - Fair Trade,2.58,Meridian,,11.6,,0,5060132281598,6,350,g,0,1,5014213711597
315025,,6x370g,,Malt Extract - non org,3.69,Meridian,,16.6,,0,5060132281611,6,370,g,0,1,5014213500757
315060,,6x250ml,,Pomegranate Molasses,4.88,Odysea,s,21.95,,0,5029223008490,6,250,ml,0,1,5029223008506
315065,,6x390g,organic,Raw Buckwheat Honey,11.8,Morgiel,,53.1,,0,5060570150005,6,390,g,0,1,15060570150002
315066,,6x300g,organic,Raw Forest Honey,11.8,Morgiel,,53.1,,0,5060570150029,6,300,g,0,1,15060570150026
315067,,6x390g,organic,Raw Goldenrod Honey,11.8,Morgiel,,53.1,,0,5060570150012,6,390,g,0,1,15060570150019
315605,,6x350g,organic,Raw Acacia Honey - squeezy bottle,6.69,Raw Health,,30.1,,0,5032722311572,6,350,g,0,1,5032722647879
315610,,6x350g,organic,Raw Forest Honey - squeezy bottle,7.29,Raw Health,,32.8,,0,5032722311589,6,350,g,0,1,5032722647886
315615,,6x350g,organic,Raw Pure Blossom Creamy Honey - squeezy bottle,6.29,Raw Health,,28.3,,0,5032722313507,6,350,g,0,1,5032722650787
316505,,12x250ml,organic,Maple Syrup - glass,9.1,Shady Maple Farms,,81.9,,0,66676203305,12,250,ml,0,1,30066676203306
316515,,12x330g,organic,Maple Syrup - amber grade A - glass,6.14,St Lawrence Gold,r,55.3,,0,5060574300038,12,330,g,0,1,15060584300035
316516,,12x330g,organic,Maple Syrup - dark grade A - glass,6.14,St Lawrence Gold,r,55.3,,0,5060584300069,12,330,g,0,1,15060584300066
316517,,12x500ml,organic,Maple Syrup - amber grade A - plastic jug,11.43,St Lawrence Gold,r,102.85,,0,5060584300045,12,500,ml,0,1,5060584300042
316518,,1x1l,organic,Maple Syrup - amber grade A - plastic jug,22.07,St Lawrence Gold,r,16.55,,0,5060584300052,1,1,l,0,1,
316520,,20l,organic,Maple Syrup - very dark grade A - plastic pail,,St Lawrence Gold,,341.5,,0,5060584300076,,20,l,0,1,
316521,,5l,organic,Maple Syrup - dark grade A - bag in box,,St Lawrence Gold,r,69.3,,0,5060584301011,,5,l,0,1,
316524,,12x160g,organic,Pure Maple Butter,6.4,St Lawrence Gold,r,57.6,,0,5060584301097,12,160,g,0,1,15060584301094
320502,,10x500g,,Natural Golden Icing Sugar,2.14,Billingtons,,16.05,,0,5010651003515,10,500,g,0,1,5010651053510
320505,,10x1kg,,Golden Granulated Sugar,3.02,Billingtons,,22.65,,0,5010651001559,10,1,kg,0,1,5010651071552
320508,,25kg,,Golden Granulated Sugar,,Billingtons,,53.3,,0,,,25,kg,0,1,
320510,,10x500g,,Demerara Sugar,1.6,Billingtons,,12,,0,5010651001115,10,500,g,0,1,5010651051110
320512,,4x3kg,,Demerara Sugar,8,Billingtons,,24,,0,5010651001139,4,3,kg,0,1,5010651041135
320515,,25kg,,Demerara Sugar,,Billingtons,,61.65,,0,,,25,kg,0,1,
320520,,10x500g,,Light Muscovado Sugar,1.6,Billingtons,,12,,0,5010651001214,10,500,g,0,1,5010651051219
320523,,25kg,,Light Muscovado Sugar,,Billingtons,,46.65,,0,,,25,kg,0,1,
320525,,10x500g,,Dark Muscovado Sugar,1.91,Billingtons,,14.3,,0,5010651001313,10,500,g,0,1,5010651051318
320530,,25kg,,Fine Golden Caster Sugar,,Billingtons,,51.15,,0,,,25,kg,0,1,
320535,,5x500g,,Molasses Sugar,1.71,Billingtons,,6.4,,0,5010651001412,5,500,g,0,1,5010067354645
320540,,10x1kg,,Golden Caster Sugar,3.09,Billingtons,,23.2,,0,5010651001627,10,1,kg,0,1,5010651071620
320715,,10x500g,organic,Organic Granulated,1.71,Billingtons,,12.8,,0,5010651001917,10,500,g,0,1,5010651051912
320720,,25kg,organic,Organic Light Granulated,,Billingtons,,51.65,,0,,,25,kg,0,1,
320725,,10x500g,organic,Organic Golden Caster Sugar,2.39,Billingtons,,17.95,,0,5010651000811,10,500,g,0,1,5010651050816
320727,,25kg,organic,Organic Fine Golden (Caster) Sugar,,Billingtons,,86.25,,0,,,25,kg,0,1,
320738,,25kg,organic,Organic Icing Sugar - white,,Billingtons,,89.5,,0,,,25,kg,0,1,
320805,,6x1kg,,Total Sweet granulated sweetener - large,11.56,Total Sweet,,52,,0,5060105190025,6,1,kg,0,1,5060105190025
320810,,6x225g,,Total Sweet granulated sweetener - small,3.11,Total Sweet,,14,,0,5060105190001,6,225,g,0,1,5060105190155
321105,,6x250ml,organic,Maple Syrup  - glass,5.25,Vertmont,,23.65,,0,5708776000877,6,250,ml,0,1,5708776000877
321115,,1x1l,organic,Single Maple Syrup  - plastic jug,19.95,Vertmont,,14.95,,0,5708776000570,1,1,l,0,1,
321255,,8x250g,organic,Coconut Palm Sugar - small,3.48,Biona,,20.9,,0,5032722312418,8,250,g,0,1,5032722652194
321260,,5x500g,organic,Coconut Palm Sugar - large,5.68,Biona,,21.3,,0,5032722312401,5,500,g,0,1,5032722652224
321310,,5x500g,organic,Rapadura Whole Cane Sugar,5.48,Biona,,20.55,,0,5032722303416,5,500,g,0,1,5032722652217
321386,,25kg,organic,Extra Light Granulated Sugar,,Syramena,,55.5,,0,,,25,kg,0,1,The 
321399,,5kg,organic,Extra Light Granulated Sugar - Infinity Foods,,Infinity Foods,,12.9,,0,5028869013998,,5,kg,0,1,5028869013998
321400,,6x500g,organic,Extra Light Granulated Sugar - Infinity Foods,2.37,Infinity Foods,,10.65,,0,5028869014001,6,500,g,0,1,5028869014001
321415,,20kg,organic,Coconut Palm Sugar,,Infinity Bulk,,78.35,,0,,,20,kg,0,1,
321417,,5kg,organic,Coconut Palm Sugar,,Infinity Foods,,21.45,,0,5028869014179,,5,kg,0,1,5028869014179
321418,,6x500g,organic,Coconut Palm Sugar,3.6,Infinity Foods,,16.15,,0,5028869014186,6,500,g,0,1,5028869014186
321440,,1x50g,,Stevia Powder - Guayapi (single),8.8,Food Alive,,6.6,,0,3471123022038,1,50,g,0,1,
321441,,6x500g,organic,Raw Acacia Honey,8.99,Forest Whole Foods,,40.45,,0,5060919526485,6,500,g,0,1,5060919529820
321442,,6x500g,organic,Raw Lavender Honey,8.99,Forest Whole Foods,,40.45,,0,5060919526508,6,500,g,0,1,5060919529813
321443,,6x500g,organic,Raw Wildflower Honey,8.99,Forest Whole Foods,,40.45,,0,5060919526492,6,500,g,0,1,5060919529806
321444,,6x500g,organic,Raw Linden Honey,8.99,Forest Whole Foods,,40.45,,0,5061086411680,6,500,g,0,1,5061086411680
321445,,6x500g,organic,Date Sugar,5.99,Forest Whole Foods,,26.95,,0,,6,500,g,0,1,5061086413141
321451,,25kg,organic,Sucanat - Soft Whole Cane Sugar,,Pronatec,,84.7,,0,5028869014513,,25,kg,0,1,
321475,,1x250g,,Wildflower & Manuka Honey,8.99,Taylor Pass,,6.25,,0,9421026962416,1,250,g,0,1,
321476,,1x250g,,ManukaMGO 50+ Honey Blend,8.99,Taylor Pass,,6.25,,0,9421026962423,1,250,g,0,1,
321477,,1x250g,,Manuka UMF 5+,12.99,Taylor Pass,,9.05,,0,9421026961662,1,250,g,0,1,
321478,,1x250g,,Manuka UMF 10+,17.99,Taylor Pass,,12.6,,0,9421026961679,1,250,g,0,1,
321479,,1x250g,,Manuka UMF 12+,24.99,Taylor Pass,,17.5,,0,9421026962409,1,250,g,0,1,
321481,,1x250g,,Manuka UMF 15+,29.99,Taylor Pass,,21,,0,9421026962676,1,250,g,0,1,
321495,,1x250g,organic,Crystallised Coconut Nectar,5.55,Tiana,,4.15,,0,5060043610616,1,250,g,0,1,5060043610613
321613,,6x380g,,Ukrainian Sunflower Honey - jar,4.46,Wainwright's,,20,,0,5060010690610,6,380,g,0,1,5060010690627
321614,,6x380g,organic,Zambian Forest Honey - clear - jar,4.46,Wainwright's,,20,,0,5060010690481,6,380,g,0,1,5060010695486
321616,,1x3.18kg,organic,Zambian Forest Honey - clear - tub,30.15,Wainwright's,,22.6,,0,5060010690559,1,3.18,kg,0,1,5060010690559
321618,,6x380g,organic,Zambian Forest Honey - set - jar,4.46,Wainwright's,,20,,0,5060010690474,6,380,g,0,1,5060010695479
321620,,1x3.18kg,organic,Zambian Forest Honey - set - tub,30.15,Wainwright's,,22.6,,0,5060010690542,1,3.18,kg,0,1,5060010690542
350010,,12x200g,organic,Sweet Corn,1.18,Amaizin,r,10.65,,0,8718976020770,12,200,g,0,1,8718976020787
350100,,6x680g,demeter,Gherkins - Sweet & Sour,5.98,Clearspring,,26.95,,0,5021554001997,6,680,g,0,1,5021554001980
350102,,6x360g,demeter,Apple Sauce - 100% apple purée,1.89,Clearspring,,8.5,,0,5021554989875,6,360,g,0,1,5021554989882
350103,,6x350g,demeter,Chickpeas,1.99,Clearspring,,8.95,,0,5021554989547,6,350,g,0,1,5021554989554
350105,,6x340g,demeter,French Beans,1.99,Clearspring,,8.95,,0,5021554989110,6,340,g,0,1,5021554989127
350106,,6x350g,demeter,Baked Beans - unsweetened,2.4,Clearspring,,10.8,,0,,6,350,g,0,1,5021554989905
350107,,6x350g,demeter,Garden Peas,2.39,Clearspring,,10.75,,0,5021554989097,6,350,g,0,1,5021554989103
350108,,6x360g,demeter,Lentils,1.89,Clearspring,,8.5,,0,5021554989561,6,360,g,0,1,5021554989578
350109,,6x355g,demeter,Red Cabbage,2.19,Clearspring,,9.85,,0,5021554989851,6,355,g,0,1,5021554989868
350110,,6x360g,demeter,Sauerkraut,1.99,Clearspring,,8.95,,0,5021554989158,6,360,g,0,1,5021554989165
350112,,6x340g,demeter,Silverskin Onions - sweet & sour,3.88,Clearspring,,17.5,,0,5021554004295,6,340,g,0,1,5021554004301
350116,,6x350g,organic,Sweetcorn,2.19,Clearspring,,9.85,,0,5021554004059,6,350,g,0,1,5021554004066
350120,,6x350g,demeter,Broad Beans,2.74,Clearspring,,12.35,,0,5021554003274,6,350,g,0,1,5021554003267
350125,,6x350g,organic,Azuki Beans,2.2,Clearspring,,9.9,,0,5021554989912,6,350,g,0,1,5021554989929
350127,,6x350g,organic,Baked Beans - unsweetened,2.29,Clearspring,,10.3,,0,5021554004073,6,350,g,0,1,5021554004080
350128,,6x330g,organic,Bean Sprouts,2.79,Clearspring,,12.55,,0,5021554003830,6,330,g,0,1,5021554003823
350129,,6x280g,organic,Button Mushrooms,3.58,Clearspring,,16.15,,0,5021554003854,6,280,g,0,1,5021554003847
350130,,6x350g,demeter,Carrots & Peas,2.59,Clearspring,,11.65,,0,5021554989134,6,350,g,0,1,5021554989141
350133,,6x350g,organic,Red Kidney Beans,1.99,Clearspring,,8.95,,0,5021554989585,6,350,g,0,1,5021554989592
350135,,6x350g,organic,Mixed Beans,1.89,Clearspring,,8.5,,0,5021554989608,6,350,g,0,1,5021554989615
350205,,6x370g,organic,Mango Chutney,4.83,Geo-Organics,,21.75,,0,5060005460006,6,370,g,0,1,5060005460013
350300,,6x200g,organic,Green Olives,3.56,Epikouros,,16,,0,5200104109547,6,200,g,0,1,5200104108182
350305,,6x170g,organic,Green Olives Pitted,3.77,Epikouros,,16.95,,0,5200104109530,6,170,g,0,1,5200104108205
350307,,6x310g,organic,Green Peppers - in brine,3.53,Epikouros,,15.9,,0,5200104106959,6,310,g,0,1,5200104108588
350310,,6x200g,organic,Kalamata Olives,3.91,Epikouros,,17.6,,0,5200104109523,6,200,g,0,1,5200104100063
350315,,6x170g,organic,Kalamata Olives Pitted,4.12,Epikouros,,18.55,,0,5200104109516,6,170,g,0,1,5200104100087
350320,,6x200g,organic,Mixed Olives,3.77,Epikouros,,16.95,,0,5200104109554,6,200,g,0,1,5200104108144
350325,,6x170g,organic,Mixed Olives Pitted,3.98,Epikouros,,17.9,,0,5200104109561,6,170,g,0,1,5200104108168
350330,,3kg,organic,Kalamata Pitted Olives in brine - unpasteurised,,Epikouros,,28,,0,5200104103002,,3,kg,0,1,
350336,,3kg,organic,Green 'Konservolea' Pitted Olives - unpasteurised,,Epikouros,,22,,0,5200104103071,,3,kg,0,1,
350340,,6x220g,,Chipotle Shiitake Relish,4.03,Lion's Den,,18.15,,0,5070002555247,6,220,g,0,1,
350370,,6x205g,organic,Green olives al naturale,3.98,Mani,,17.9,,0,5202423330084,6,205,g,0,1,5202423601474
350374,,6x205g,organic,Green & Kalamata olives al naturale with chili,3.98,Mani,,17.9,,0,5202423133227,6,205,g,0,1,5202423136228
350375,,6x205g,organic,Kalamata olives al naturale,3.98,Mani,,17.9,,0,5202423330077,6,205,g,0,1,5202423601481
350380,,6x280g,organic,Kalamata olives in e.v. olive oil,4.98,Mani,,22.4,,0,5202423330015,6,280,g,0,1,5202423601450
350382,,6x175g,organic,Green & Kalamata pitted olives al naturale,3.98,Mani,,17.9,,0,5202423330060,6,175,g,0,1,5202423601467
350385,,6x180g,organic,Capers in e.v. olive oil,4.98,Mani,,22.4,,0,5202423330091,6,180,g,0,1,5202423601405
350387,,6x175g,organic,Mixed pitted olives al naturale with herbs,3.98,Mani,,17.9,,0,5202423133333,6,175,g,0,1,5202423136334
350388,,6x175g,organic,Mixed pitted olives al naturale with rosemary,3.98,Mani,,17.9,,0,5202423133326,6,175,g,0,1,5202423136327
350390,,6x180g,organic,Olive Paste,4.48,Mani,,20.15,,0,5202423281850,6,180,g,0,1,5202423601436
350393,,6x180g,organic,Sun-dried Tomatoes in e.v. olive oil,4.98,Mani,,22.4,,0,5202423330213,6,180,g,0,1,5202423601429
350395,,6x180g,organic,Sun-dried Tomato Paste,4.48,Mani,,20.15,,0,5202423180108,6,180,g,0,1,5202423601443
350400,,6x300g,organic,Beetroot & Horseradish Relish,3.33,Morgiel,,14,,0,5060570150258,6,300,g,0,1,15060570150255
350401,,6x300g,organic,Pickled Bay Bolete Mushrooms,6.8,Morgiel,,28.55,,0,5060570150272,6,300,g,0,1,115060570150279
350402,,6x300g,organic,Pickled Baby Beetroots,3.33,Morgiel,,14,,0,5060570150241,6,300,g,0,1,115060570150248
350403,,6x300g,organic,Pickled Cep Mushrooms,10.2,Morgiel,,42.85,,0,5060570150265,6,300,g,0,1,115060570150262
350404,,6x670g,organic,Pickled Gherkins with Red Peppers,4.19,Morgiel,,17.6,,0,5060570150234,6,670,g,0,1,115060570150231
350406,,6x680g,organic,Plain Sauerkraut,3.33,Morgiel,,14,,0,5060570150203,6,680,g,0,1,115060570150200
350408,,6x680g,organic,Sauerkraut with Carrot,3.33,Morgiel,,14,,0,5060570150210,6,680,g,0,1,115060570150217
350410,,6x820g,organic,Gherkins in Brine,4.38,Morgiel,,18.4,,0,5060570150227,6,820,g,0,1,115060570150224
350430,,5x190g,organic,Grilled Artichoke Antipasti,5.49,Mr Organic,,20.55,,0,5060178073454,5,190,g,0,1,5060178074451
350434,,5x190g,organic,Grilled Peppers Antipasti,4.49,Mr Organic,,16.8,,0,5060178073461,5,190,g,0,1,5060178074468
350438,,5x190g,organic,Sundried Tomatoes & Capers Antipasti,4.49,Mr Organic,,16.8,,0,5060178073638,5,190,g,0,1,5060178074444
350595,,6x350g,organic,Bean Chilli - Mexican Style,2.97,Biona,r,13.35,,0,5032722320352,6,350,g,0,1,5032722657823
350597,,6x350g,organic,Chickpea Coconut Curry,2.97,Biona,r,13.35,,0,5032722320369,6,350,g,0,1,5032722657830
350598,,6x350g,organic,Chickpea Tagine Moroccan Style,2.97,Biona,r,13.35,,0,5032722320444,6,350,g,0,1,5032722657915
350602,,6x200g,organic,Artichoke Hearts,4.89,Biona,,22,,0,5032722306547,6,200,g,0,1,5032722642980
350603,,6x140g,organic,Aubergine Pesto,3.59,Biona,,16.15,,0,5032722319660,6,140,g,0,1,5032722657076
350604,,6x350g,organic,Kimchi - Hot & Chunky,5.39,Biona,,24.25,,0,5032722320307,6,350,g,0,1,5032722657779
350606,,6x350g,organic,Baked Beans Hot & Spicy,2.97,Biona,r,13.35,,0,5032722320451,6,350,g,0,1,5032722657922
350607,,6x350g,organic,Aduki Beans,2.29,Biona,,10.3,,0,5032722320529,6,350,g,0,1,5032722657991
350608,,6x350g,organic,Black Beans,2.19,Biona,,9.85,,0,5032722316454,6,350,g,0,1,5032722653856
350609,,5x280g,organic,Italian Sliced Green Olives in brine,3.88,Biona,,14.55,,0,5032722319806,5,280,g,0,1,5032722657212
350610,,6x340g,organic,Beetroot - sliced,2.19,Biona,,9.85,,0,5032722301139,6,340,g,0,1,5032722641327
350611,,5x280g,organic,Bella Di Cerignola Green Olives in brine,3.39,Biona,,12.7,,0,5032722319455,5,280,g,0,1,5032722656857
350614,,6x120g,organic,Capers in E.V. Olive Oil,5.19,Biona,,23.35,,0,5032722304772,6,120,g,0,1,5032722643291
350615,,6x330g,organic,Cornichons (baby gherkins),4.99,Biona,,22.45,,0,5032722306172,6,330,g,0,1,5032722642591
350616,,6x140g,organic,Capers in wine vinegar,3.19,Biona,,14.35,,0,5032722319479,6,140,g,0,1,5032722656871
350617,,5x280g,organic,Peranzana Black Olives in brine,3.68,Biona,,13.8,,0,5032722319462,5,280,g,0,1,5032722656864
350618,,6x370g,organic,Greek Queen Green Olives stuffed with garlic in brine,3.69,Biona,,16.6,,0,5032722320260,6,370,g,0,1,5032722657731
350620,,6x350g,organic,Gherkins Sweet Sour - small,5.49,Biona,,24.7,,0,5032722301177,6,350,g,0,1,5032722641358
350622,,6x350g,organic,Kimchi,4.99,Biona,,22.45,,0,5032722315334,6,350,g,0,1,5032722652736
350623,,6x680g,organic,Gherkins Sweet Sour  - large,6.19,Biona,,27.85,,0,5032722301672,6,680,g,0,1,5032722640443
350624,,6x350g,demeter,Red Cabbage,2.39,Biona,,10.75,,0,5032722305915,6,350,g,0,1,5032722642348
350625,,6x360g,organic,Sauerkraut - small,2.5,Biona,,11.2,,0,5032722301160,6,360,g,0,1,5032722641341
350627,,6x680g,organic,Sauerkraut - large,3.79,Biona,,17.05,,0,5032722301351,6,680,g,0,1,5032722646421
350630,,6x350g,organic,Sweetcorn - jar,2.49,Biona,,11.2,,0,5032722301153,6,350,g,0,1,5032722640726
350631,,6x350g,organic,Sauerkraut -Beetroot,2.6,Biona,,11.65,,0,5032722317444,6,350,g,0,1,5032722654846
350633,,6x350g,organic,Golden Turmeric Sauerkraut,2.6,Biona,,11.65,,0,5032722317437,6,350,g,0,1,5032722654839
350634,,5x190g,organic,Grilled Artichoke Hearts - in oil,4.99,Biona,,18.7,,0,5032722319653,5,190,g,0,1,5032722657069
350635,,5x190g,organic,Grilled Red Pepper - in oil,3.89,Biona,,14.6,,0,5032722319677,5,190,g,0,1,5032722657083
350636,,5x280g,organic,Italian Pitted Black Olives - in brine,3.79,Biona,,14.2,,0,5032722319622,5,280,g,0,1,5032722657038
350637,,5x280g,organic,Italian Pitted Green Olives - in brine,3.79,Biona,,14.2,,0,5032722319639,5,280,g,0,1,5032722657045
350638,,5x190g,organic,Sun Dried Soft Tomatoes - in oil,4.19,Biona,,15.7,,0,5032722319646,5,190,g,0,1,5032722657052
350639,,6x370g,organic,Greek Queen Green Olives stuffed with pepper in brine,3.69,Biona,,16.6,,0,5032722320277,6,370,g,0,1,5032722657748
350640,,6x370g,organic,Greek Queen Green Olives stuffed with jalapeno in brine,3.69,Biona,,16.6,,0,5032722320284,6,370,g,0,1,5032722657755
350642,,6x370g,organic,Kalamata Olives pitted - in brine,3.69,Biona,,16.6,,0,5032722320291,6,370,g,0,1,5032722657762
350731,,6x310ml,organic,Caesar Dressing,4.79,Bonsan,,21.55,,0,5032722317604,6,310,ml,0,1,5032722655003
350735,,6x130g,organic,Green Pesto - bright & zesty,3.99,Bonsan,,17.95,,0,5032722317413,6,130,g,0,1,5032722654815
350741,,6x310ml,organic,Sweet Mustard Dressing,4.59,Bonsan,,20.65,,0,5032722317611,6,310,ml,0,1,5032722655010
350750,,6x140ml,organic,Worcester Sauce,4.29,Bonsan,,19.3,,0,5032722317222,6,140,ml,0,1,5032722654624
351675,,5x190g,organic,Peppers - grilled - in e.v. olive oil,4.25,Realfoods by Organico,,15.9,,0,5034210521524,5,190,g,0,1,5034210910144
351680,,5x190g,organic,Artichoke Hearts in sunflower oil,4.95,Realfoods by Organico,,18.55,,0,5034210130061,5,190,g,0,1,5034210920211
351686,,5x190g,organic,Sundried Tomatoes in Oil,4.85,Realfoods by Organico,,18.15,,0,503421013005,5,190,g,0,1,5034210920204
351695,,12x250g,organic,Capers in brine - large,4.45,Realfoods by Organico,,40.05,,0,5034210130153,12,250,g,0,1,5034210910571
351696,,12x100g,organic,Capers in brine - small,2.65,Realfoods by Organico,,23.85,,0,5034210521418,12,100,g,0,1,5034210910137
351750,,6x230g,organic,Kalamata Olives pitted in brine and wine vinegar,3.45,Realfoods by Organico,,15.5,,0,5034210600007,6,230,g,0,1,5034210960002
351751,,6x230g,organic,Green & Greek Olives pitted in brine,3.45,Realfoods by Organico,,15.5,,0,5034210600014,6,230,g,0,1,5034210960019
351775,,6x500g,,Mixed Vegetable Antipasti,14.58,Seggiano,,65.6,,0,5033742000248,6,500,g,0,1,15033742000245
351776,,6x280g,organic,Oven Roasted Tomatoes in EVOO,11.2,Seggiano,,50.4,,0,5033742000439,6,280,g,0,1,15033742000436
351778,,6x380g,,Roasted Artichoke Hearts in EVOO,11.47,Seggiano,,51.6,,0,5033742000033,6,380,g,0,1,15033742000030
351805,,6x700g,organic,Preserved Lemons,6.35,Carley's,,27.6,,0,5055052608709,6,700,g,0,1,15055052608706
351810,,6x300g,organic,Apple & Sultana Chutney,3.55,Carley's,,15.4,,0,5055052607283,6,300,g,0,1,15055052607280
351815,,6x300g,organic,Red Onion Marmalade,4.25,Carley's,,18.45,,0,5055052618548,6,300,g,0,1,15055052618545
351820,,6x300g,organic,Spiced Tomato Relish,3.15,Carley's,,13.7,,0,5055052607320,6,300,g,0,1,15055052607327
351830,,12x200g,,Black Olive Tapenade,7.82,Rift Valley Farms,h,70.4,,0,696168606682,12,200,g,0,1,696168606682
351904,,6x190g,,Hari's Lime & Green Chilli Pickle,5.04,Ouse Valley,,22.7,,0,5060125837733,6,190,g,0,1,
351914,,6x220g,,Cheeseboard Chutney,4.25,Ouse Valley,,19.1,,0,5060125834374,6,220,g,0,1,
351915,,6x190g,,Spiced Aubergine Pickle,4.25,Ouse Valley,,19.1,,0,5060125836514,6,190,g,0,1,115060125836511
351916,,6x220g,,Apricot & Ginger Chutney,4.25,Ouse Valley,,19.1,,0,5060125832721,6,220,g,0,1,115060125832728
351917,,6x215g,,Maharani's Mango Chutney,4.25,Ouse Valley,,19.1,,0,5060125835951,6,215,g,0,1,115060125835958
351918,,6x210g,,Piccalilli - Hot!,4.1,Ouse Valley,,18.45,,0,5060125834862,6,210,g,0,1,115060125834869
351919,,6x215g,,The Ploughman's Pickle,4.25,Ouse Valley,,19.1,,0,5060125832004,6,215,g,0,1,115060125832001
351920,,6x200g,,Tomato & Red Pepper Relish,4.1,Ouse Valley,,18.45,,0,5060125836576,6,200,g,0,1,115060125836573
351921,,12x105g,,Cheeseboard Chutney - Hamper Size,2.33,Ouse Valley,,21,,0,5060125836781,12,105,g,0,1,
351922,,6x220g,,Onion Marmalade,4.22,Ouse Valley,,19,,0,5060125837320,6,220,g,0,1,
351923,,6x215g,,Pear & Juniper Chutney,4.41,Ouse Valley,,19.85,,0,5060125834060,6,215,g,0,1,
352004,,6x330g,organic,Crushed Olive Salad,3.12,Hellenic Sun,,14.05,,0,5018076002403,6,330,g,0,1,15018076002400
352006,,6x330g,organic,Kalamata Olives in vinegar brine & olive oil,3.12,Hellenic Sun,,14.05,,0,5018076002328,6,330,g,0,1,15018076002325
352007,,6x330g,,Kalamata Olives - pitted in brine olive oil & red wine vinegar,2.6,Hellenic Sun,,11.7,,0,5018076002342,6,330,g,0,1,15018076002349
352008,,6x330g,organic,Green Olives - in brine,3.12,Hellenic Sun,,14.05,,0,5018076002335,6,330,g,0,1,15018076002332
352009,,6x330g,,Jumbo Green Olives - pitted in brine,2.6,Hellenic Sun,,11.7,,0,5018076002359,6,330,g,0,1,15018076002356
352012,,2kg,organic,Kalamata Olives - pitted in vinegar brine & olive oil,,Hellenic Sun,,17.25,,0,5018076002434,,2,kg,0,1,15018076002431
352014,,2kg,organic,Green Olives - pitted in brine & olive oil,,Hellenic Sun,,14.35,,0,5018076002427,,2,kg,0,1,5018076002427
352021,,10x250g,,Kalamata Olives in brine & vinegar - vacuum bag,2.39,Parthenon,,17.95,,0,609628440115,10,250,g,0,1,10609628440112
352022,,10x250g,,Mediterranean Mix Olives - vacuum bag,2.39,Parthenon,,17.95,,0,609628440412,10,250,g,0,1,10609628440419
352023,,6x330g,,Olive Medley Black Pepper & Cumin - pitted in brine,3.12,Hellenic Sun,,14.05,,0,5018076002373,6,330,g,0,1,15018076002370
352024,,6x330g,,Smoked Kalamata Olives - pitted in brine,4.18,Hellenic Sun,,18.8,,0,5018076002397,6,330,g,0,1,15018076002394
352026,,6x330g,,Turmeric Olives with Lemon Verbena - pitted in brine,3.12,Hellenic Sun,,14.05,,0,5018076002380,6,330,g,0,1,15018076002387
352049,,12x160g,organic,Supersweet Sweetcorn - easy open can,1.5,Suma,,13.5,,0,5017601047711,12,160,g,0,1,5017601047704
352052,,12x340g,organic,Supersweet Sweetcorn - easy open can - large,2.25,Suma,,20.25,,0,5017601046158,12,340,g,0,1,5017601046158
352058,,6x50g,,Black Garlic Ready-to-Eat Cloves,5.96,The Garlic Farm,,26.8,,0,5060042941797,6,50,g,0,1,5060042942558
352060,,8x500g,,Chipotle Pickle Chips,6,Pickle Project,,36,,0,5070003412464,8,500,g,0,1,5070003412471
352061,,8x500g,,Deli Dill Pickle Chips,6,Pickle Project,,36,,0,5070003412440,8,500,g,0,1,5070003412457
352062,,8x500g,,Sweet Dill Pickle Chips,6,Pickle Project,,36,,0,5070003412426,8,500,g,0,1,5070003412433
365653,,6x300g,organic,Luxury Mincemeat with Cognac,5.52,The Authentic Bread Co,,24.85,,0,5035540100496,6,300,g,0,1,5035540104111
370503,,6x350ml,,Apple Balsamic Vinegar,2.47,Aspall,r,11.1,,0,5012845205705,6,350,ml,0,1,5012845001604
370504,,6x350ml,organic,Balsamic Vinegar,3.49,Aspall,r,15.7,,0,5012845032967,6,350,ml,0,1,5012845350016
370507,,5l,organic,Balsamic Vinegar,,Aspall,r,29.3,,0,5012845500206,,5,l,0,1,
370511,,20l,organic,Cyder Vinegar,,Aspall,r,38.25,,0,5012845200052,,20,l,0,1,5012845200052
370512,,5l,organic,Cyder Vinegar,,Aspall,r,13.3,,0,5012845500053,,5,l,0,1,5012845500053
370516,,6x500ml,organic,Cyder Vinegar,2.1,Aspall,r,9.45,,0,5012845032752,6,500,ml,0,1,5012845000027
370517,,5l,,Red Wine Vinegar,,Aspall,r,8.6,,0,5012845500152,,5,l,0,1,
370518,,6x350ml,organic,Cyder Vinegar,1.81,Aspall,r,8.15,,0,5012845032608,6,350,ml,0,1,5012845007101
370519,,6x500ml,organic,Raw Unfiltered Cyder Vinegar,2.69,Aspall,r,12.1,,0,5012845032660,6,500,ml,0,1,5012845000669
370520,,5l,organic,Raw Unfiltered Cyder Vinegar,,Aspall,r,13.3,,0,5012845500084,,5,l,0,1,
370522,,6x500ml,,Raw Apple Cyder Vinegar  with Honey 35%,3.83,Aspall,r,14.35,V,2.87,5012845205583,6,500,ml,2,1,5012845001284
370523,,5l,,White Wine Vinegar (not organic),,Aspall,r,8.6,,0,5012845500107,,5,l,0,1,
370535,,6x350ml,organic,Red Wine Vinegar,1.79,Aspall,r,8.05,,0,5012845032202,6,350,ml,0,1,5012845007309
370550,,6x350ml,organic,White Wine Vinegar,1.79,Aspall,r,8.05,,0,5012845032028,6,350,ml,0,1,5012845007507
370552,,5l,organic,Organic White Wine Vinegar,,Aspall,r,13.1,,0,5012845500237,,5,l,0,1,
370602,,6x250ml,organic,Balsamic Vinegar - 1.32 density,18.39,Biona,h,82.75,,0,5032722320789,6,250,ml,0,1,5032722658257
370603,,6x500ml,organic,Balsamic Vinegar,4.99,Biona,,22.45,,0,5032722302280,6,500,ml,0,1,5032722640320
370607,,6x500ml,organic,Cider Vinegar - raw + the mother,3.29,Biona,,14.8,,0,5032722303072,6,500,ml,0,1,5032722640818
370610,,6x750ml,organic,Cider Vinegar - raw + the mother,4.15,Biona,,18.65,,0,5032722301665,6,750,ml,0,1,5032722640108
370612,,1x5l,organic,Cider Vinegar - raw + the mother,16.89,Biona,,12.65,,0,5032722305854,1,5,l,0,1,
370614,,6x250ml,organic,Coconut Vinegar + the mother,3.29,Biona,,14.8,,0,5032722319363,6,250,ml,0,1,5032722656765
370615,,12x150ml,organic,Balsamic Glaze,4.39,Biona,,39.5,,0,5032722314047,12,150,ml,0,1,5032722651401
370912,,6x250ml,organic,Balsamic Vinegar - small,6,Clearspring,,26.95,,0,5021554988199,6,250,ml,0,1,5021554988205
370917,,6x250ml,organic,Apple Balsamic Vinegar - small,6,Clearspring,,26.95,,0,5021554988212,6,250,ml,0,1,5021554988229
370919,,6x500ml,organic,Apple Cider Vinegar + the mother,5,Clearspring,,22.45,,0,5021554003090,6,500,ml,0,1,5021554003083
370920,,6x500ml,organic,Red Wine Vinegar,5,Clearspring,,22.45,,0,5021554983170,6,500,ml,0,1,5021554983187
370921,,6x250ml,organic,Red Wine Vinegar,2.79,Clearspring,,12.55,,0,5021554005988,6,250,ml,0,1,5021554005995
370922,,6x250ml,organic,White Wine Vinegar,2.79,Clearspring,,12.55,,0,5021554006008,6,250,ml,0,1,5021554006015
370934,,6x500ml,organic,"ACV - Ginger, Turmeric Black Pepper + the mother",5.3,Clearspring,,23.8,,0,5021554002154,6,500,ml,0,1,5021554002147
370939,,12x250ml,organic,Coconut Amino,5.09,Cocofina,r,45.8,,0,5060118260845,12,250,ml,0,1,5060118260852
371315,,6x770ml,organic,Apple Cider Vinegar - with the mother,5.26,Herons Folly Garden,,23.65,,0,,6,770,ml,0,1,
371317,,6x250ml,organic,Balsamic Vinegar of Modena,12.57,La Bio-Idea,,56.55,,0,8718976021623,6,250,ml,0,1,8718976021623
371346,,6x150ml,organic,Balsamic Modena Glaze,4.49,Mr Organic,,20.2,,0,5060178073249,6,150,ml,0,1,5060178073249
371350,,12x500ml,organic,Balsamic Modena Vinegar,4.49,Mr Organic,,40.4,,0,5060178072006,12,500,ml,0,1,5060178072013
371553,,6x250ml,organic,Italian Balsamic Vinegar,4.94,Realfoods by Organico,,22.25,,0,5034210210169,6,250,ml,0,1,5034210910731
371554,,6x250ml,organic,Italian Balsamic Glaze,6.94,Realfoods by Organico,,31.25,,0,,6,250,ml,0,1,15061044190029
371605,,6x500ml,organic,Raw Apple Cider Vinegar,2.97,Raw Health,r,13.35,,0,5032722311688,6,500,ml,0,1,5032722647985
371608,,12x1l,organic,Raw Apple Cider Vinegar,4.24,Raw Health,r,38.15,,0,5032722315969,12,1,l,0,1,5032722653368
371612,,12x500ml,organic,Raw ACV Infusion with Turmeric & Ginger,3.31,Raw Health,r,29.75,,0,5032722315976,12,500,ml,0,1,5032722653375
371620,,6x750ml,organic,Apple Cider Vinegar with the mother,5.5,Rayners,,24.7,,0,5019998632471,6,750,ml,0,1,5060006430244
371622,,6x500ml,organic,Apple Cider Vinegar with the mother,3.98,Rayners,,17.9,,0,5019998632402,6,500,ml,0,1,5060006430060
371624,,6x250ml,organic,Coconut Aminos,6.75,Rayners,,30.35,,0,5019998632457,6,250,ml,0,1,5060006430114
371628,,6x250ml,organic,Pomegranate Vinegar with the mother,5.5,Rayners,,24.7,,0,5019998632433,6,250,ml,0,1,5060006430091
371630,,6x500ml,organic,Red Wine Vinegar with the mother,3.98,Rayners,,17.9,,0,5019998632426,6,500,ml,0,1,5060006430084
371632,,6x500ml,organic,White Wine Vinegar with the mother,3.98,Rayners,,17.9,,0,5019998632419,6,500,ml,0,1,5060006430077
371638,,6x250ml,organic,Classic Super Dense Balsamic Glaze,10.26,Seggiano,,46.15,,0,5033742001023,6,250,ml,0,1,15033742001037
371639,,6x250ml,,Fig Super Dense Balsamic Glaze,9.73,Seggiano,,43.8,,0,5033742002297,6,250,ml,0,1,15033742002294
371640,,6x250ml,organic,Balsamic Modena Vinegar,5.26,Seggiano,,23.65,,0,5033742000484,6,250,ml,0,1,25033742000488
371660,,15x50ml,organic,Live Apple Cider Vinegar Shot,2.36,Willy's ACV,,26.6,,0,5060183134225,15,50,ml,0,1,5060655700040
371662,,6x500ml,organic,Live Apple Cider Vinegar,6.64,Willy's ACV,,29.9,,0,5060655701054,6,500,ml,0,1,5060655701061
371664,,6x500ml,organic,Live Apple Cider Vinegar with Honey & Turmeric,8.57,Willy's ACV,,38.55,,0,5060655701030,6,500,ml,0,1,5060655701139
371665,,6x500ml,organic,Live Apple Cider Vinegar Fire Cider,9.51,Willy's ACV,,42.8,,0,5060655701023,6,500,ml,0,1,50606557011220
371666,,6x250ml,organic,Fish & Chip Saucy Vinegar,4.98,Willy's ACV,,22.4,,0,5060655701450,6,250,ml,0,1,15070003941701
389060,,6x400g,organic,Pineapple Pieces - tinned in juice,4.39,Biona,,19.75,,0,5032722306615,6,400,g,0,1,5032722643055
389065,,6x400g,organic,Pineapple Rings - tinned in juice,4.39,Biona,,19.75,,0,5032722306813,6,400,g,0,1,5032722643338
389067,,6x330g,organic,Stem Ginger in Syrup,6.69,Biona,,30.1,,0,5032722307834,6,330,g,0,1,5032722644489
389838,,4.5kg,,Vegan Mayo,,BeSaucy,,25.7,,0,5060250593160,,4.5,kg,0,1,5060250593160
389839,,6x180g,,Vegan Mayo,3.07,BeSaucy,,13.8,,0,5060250593153,6,180,g,0,1,15060250593150
389845,,6x180g,,Vegan Black Truffle Mayo,3.62,BeSaucy,,16.3,,0,5060250591951,6,180,g,0,1,5060250592064
389846,,6x180g,,Vegan Dill & Gherkin Mayo,3.3,BeSaucy,,14.85,,0,5060250592095,6,180,g,0,1,5060250592118
389847,,2.5kg,,Vegan Garlic Mayo - tub,,BeSaucy,,16.4,,0,5060250591968,,2.5,kg,0,1,5060250591968
389848,,6x180g,,Vegan Garlic Mayo,3.3,BeSaucy,,14.85,,0,5060250591944,6,180,g,0,1,5060250592088
389849,,6x180g,,Vegan Smoked Chipotle Mayo,3.3,BeSaucy,,14.85,,0,5060250592101,6,180,g,0,1,5060250592125
389890,,6x170g,organic,Jalapeño Peppers - jar,3.58,Amaizin,,16.1,,0,8718976017183,6,170,g,0,1,8718976017190
389892,,6x220g,organic,Taco Sauce Hot,3.14,Amaizin,,14.15,,0,8718976017268,6,220,g,0,1,8718976017275
389894,,6x220g,organic,Taco Sauce Mild,3.14,Amaizin,,14.15,,0,8718976017282,6,220,g,0,1,8718976017299
389895,,12x400g,organic,Pineapple Pieces - in own juice,3.7,Amaizin,r,33.3,,0,8717496904317,12,400,g,0,1,8717496904331
389896,,12x400g,organic,Pineapple Sliced Rings - in own juice,3.72,Amaizin,r,33.5,,0,8717496904300,12,400,g,0,1,8717496904324
390074,,8x200ml,organic,Coconut Cream,2.08,Biona,,12.5,,0,5032722320581,8,200,ml,0,1,5032722658059
390087,,6x130g,organic,Ginger Turmeric Paste,3.29,Biona,,14.8,,0,5032722319998,6,130,g,0,1,5032722657403
390088,,6x130g,organic,Garlic Paste,3.29,Biona,,14.8,,0,5032722319424,6,130,g,0,1,5032722656826
390089,,6x130g,organic,Garlic & Ginger Paste,3.29,Biona,,14.8,,0,5032722319417,6,130,g,0,1,5032722656819
390090,,6x130g,organic,Ginger Paste,3.29,Biona,,14.8,,0,5032722319684,6,130,g,0,1,5032722657090
390091,,6x125g,demeter,Chilli Paste made with Amando Peppers,4.19,Biona,,18.85,,0,5032722319387,6,125,g,0,1,5032722656789
390093,,6x120g,organic,Asparagus Cream,3.69,Biona,,16.6,,0,5032722313620,6,120,g,0,1,5032722650909
390094,,6x250ml,organic,BBQ Sauce,3.69,Biona,,16.6,,0,5032722314061,6,250,ml,0,1,5032722651425
390095,,6x125g,demeter,Harissa Chilli Relish,3.79,Biona,,17.05,,0,5032722306011,6,125,g,0,1,5032722642447
390097,,6x125g,demeter,Horseradish Mustard,3.49,Biona,,15.7,,0,5032722306004,6,125,g,0,1,5032722642430
390098,,6x140ml,organic,Hot Pepper Sauce (tabasco) - gluten-free,4.29,Biona,,19.3,,0,5032722305793,6,140,ml,0,1,5032722642232
390099,,12x400g,organic,Baked Beans in tins,1.52,Biona,r,13.7,,0,5032722318632,12,400,g,0,1,5032722656024
390100,,6x360g,organic,Apple & Banana Purée - jar,2.49,Biona,,11.2,,0,5032722312593,6,360,g,0,1,5032722648944
390101,,6x360g,organic,Apple & Mango Purée - jar,2.49,Biona,,11.2,,0,5032722312609,6,360,g,0,1,5032722648951
390102,,6x700g,organic,Large Apple Purée - jar,3.69,Biona,,16.6,,0,5032722302051,6,700,g,0,1,5032722645127
390103,,6x120g,organic,Black Olive Pâté,3.99,Biona,,17.95,,0,5032722302082,6,120,g,0,1,5032722651357
390104,,6x360g,demeter,Small Apple Purée - jar,2.19,Biona,,9.85,,0,5032722313316,6,360,g,0,1,5032722650596
390105,,12x400g,organic,Tomatoes Chopped,1.49,Biona,,13.4,,0,5032722301016,12,400,g,0,1,5032722640078
390106,,6x360g,organic,Apple & Apricot Purée - jar,2.69,Biona,,12.1,,0,5032722313323,6,360,g,0,1,5032722650602
390107,,12x400g,organic,Tomatoes Chopped with Basil,1.59,Biona,,14.3,,0,5032722302952,12,400,g,0,1,5032722640696
390110,,12x400g,organic,Tomatoes Whole Plum,1.49,Biona,,13.4,,0,5032722301009,12,400,g,0,1,5032722640061
390112,,6x2.5kg,organic,Tomatoes Chopped - bulk,6.99,Biona,,31.45,,0,5032722301689,6,2.5,kg,0,1,5032722643796
390113,,12x400g,organic,Tomatoes - Whole Cherry - canned,1.89,Biona,,17,,0,5032722306424,12,400,g,0,1,5032722642850
390114,,6x360g,organic,Apple & Rhubarb Purée - jar,2.49,Biona,,11.2,,0,5032722315716,6,360,g,0,1,5032722653115
390115,,12x680g,organic,Passata,2.29,Biona,,20.6,,0,5032722301030,12,680,g,0,1,5032722640085
390116,,6x360g,organic,Pear Purée - jar,2.39,Biona,,10.75,,0,5032722318519,6,360,g,0,1,5032722655904
390117,,12x680g,organic,Passata with Basil,2.29,Biona,,20.6,,0,5032722306318,12,680,g,0,1,5032722642744
390118,,6x120g,organic,Green Pesto with pine kernels,4.29,Biona,,19.3,,0,5032722302075,6,120,g,0,1,5032722651340
390119,,12x680g,organic,Passata Rustica,2.59,Biona,,23.3,,0,5032722308435,12,680,g,0,1,5032722645608
390120,,6x400g,organic,Brown Lentil Curry - BPA-free can,1.86,Biona,r,8.35,,0,5032722316027,6,400,g,0,1,5032722653429
390121,,6x400g,organic,Black Beans - BPA-free can,1.49,Biona,,6.7,,0,5032722309791,6,400,g,0,1,5032722647022
390122,,6x400g,organic,Aduki Beans in tins,1.43,Biona,r,6.45,,0,5032722308244,6,400,g,0,1,5032722644953
390123,,6x120g,organic,Red Pesto with SD tomatoes,3.59,Biona,,16.15,,0,5032722313361,6,120,g,0,1,5032722650640
390124,,6x400g,organic,Black Beluga Lentils in tins,1.79,Biona,,8.05,,0,5032722314689,6,400,g,0,1,5032722652002
390126,,6x400g,organic,Black Chickpeas - BPA-free can,1.59,Biona,,7.15,,0,5032722316157,6,400,g,0,1,5032722653559
390127,,6x400g,organic,Borlotti Beans - BPA-free can,1.36,Biona,r,6.1,,0,5032722315341,6,400,g,0,1,5032722652743
390128,,6x170g,organic,Sun-dried Tomatoes in EV Olive Oil,5.69,Biona,,25.6,,0,5032722302068,6,170,g,0,1,5032722646094
390129,,6x350g,organic,Arrabbiata Pasta Sauce (hot & spicy),3.09,Biona,,13.9,,0,5032722308367,6,350,g,0,1,5032722645462
390130,,6x350g,organic,Basilico Tomato & Basil Sauce,3.09,Biona,,13.9,,0,5032722301054,6,350,g,0,1,5032722640115
390135,,6x200g,organic,Tomato Purée - jar,2.69,Biona,,12.1,,0,5032722301061,6,200,g,0,1,5032722640092
390136,,6x400g,organic,Cannellini Beans - BPA-free can,1.49,Biona,,6.7,,0,5032722309906,6,400,g,0,1,5032722647190
390137,,6x340g,organic,Tomato Ketchup with agave syrup,3.49,Biona,,15.7,,0,5032722302273,6,340,g,0,1,5032722640313
390138,,12x560g,organic,Squeezy Classic Tomato Ketchup,4.59,Biona,,41.3,,0,5032722313057,12,560,g,0,1,5032722650312
390139,,6x350g,organic,Toscana Pasta Sauce (Tuscan),3.09,Biona,,13.9,,0,5032722306455,6,350,g,0,1,5032722642881
390140,,6x230g,organic,Mayonnaise Sunflower Oil - jar,4.19,Biona,,18.85,,0,5032722301955,6,230,g,0,1,5032722640122
390142,,6x400g,organic,Butter Beans in tins,1.79,Biona,,8.05,,0,5032722302754,6,400,g,0,1,5032722641396
390143,,6x230g,organic,Baked Giant Beans in tins,2.29,Biona,,10.3,,0,5032722315808,6,230,g,0,1,5032722653207
390144,,6x400g,organic,Chilli Con Quinoa - BPA-free can,3.49,Biona,,15.7,,0,5032722317543,6,400,g,0,1,5032722654945
390145,,6x400g,organic,Chickpeas in tins,1.49,Biona,,6.7,,0,5032722301313,6,400,g,0,1,5032722641365
390146,,6x410g,organic,Chilli Black Beans - BPA-free can,1.79,Biona,,8.05,,0,5032722315075,6,410,g,0,1,5032722652453
390147,,6x400g,organic,Green Lentils in tins,1.69,Biona,,7.6,,0,5032722302235,6,400,g,0,1,5032722641389
390148,,6x400g,organic,Pinto Beans in tins,1.69,Biona,,7.6,,0,5032722302990,6,400,g,0,1,5032722640733
390149,,6x395g,organic,Chilli Red Kidney Beans in tins,1.89,Biona,,8.5,,0,5032722318373,6,395,g,0,1,5032722655775
390150,,6x400g,organic,Red Kidney Beans in tins,1.79,Biona,,8.05,,0,5032722301320,6,400,g,0,1,5032722640139
390151,,6x400g,organic,Haricot Beans in tins,1.49,Biona,,6.7,,0,5032722306189,6,400,g,0,1,5032722642607
390152,,6x400g,organic,Mixed Beans in tins,1.49,Biona,,6.7,,0,5032722302921,6,400,g,0,1,5032722641419
390153,,6x400g,organic,French Lentils Vert in tins,1.59,Biona,,7.15,,0,5032722309784,6,400,g,0,1,5032722647015
390154,,12x200g,organic,Edamame Beans tinned in Brine,1.86,Biona,r,16.75,,0,5032722315815,12,200,g,0,1,5032722653214
390155,,6x350g,demeter,Broad Beans,2.69,Biona,,12.1,,0,5032722313491,6,350,g,0,1,5032722650770
390156,,6x340g,organic,Garden Peas Freshly Canned,2.39,Biona,,10.75,,0,5032722317260,6,340,g,0,1,5032722654662
390157,,6x350g,organic,Chickpeas,2.09,Biona,,9.4,,0,5032722312647,6,350,g,0,1,5032722648999
390160,,6x350g,organic,Flageolet Beans,2.89,Biona,,13,,0,5032722312043,6,350,g,0,1,5032722648388
390161,,6x230g,organic,Egg-free Mayo - Vegan,3.49,Biona,,15.7,,0,5032722315358,6,230,g,0,1,5032722652750
390162,,6x350g,organic,Mixed Beans,2.19,Biona,,9.85,,0,5032722312630,6,350,g,0,1,5032722648982
390163,,6x350g,organic,Haricot Beans,2.19,Biona,,9.85,,0,5032722316461,6,350,g,0,1,5032722653863
390165,,6x350g,organic,Red Kidney Beans,2.29,Biona,,10.3,,0,5032722312616,6,350,g,0,1,5032722648968
390166,,6x360g,organic,Brown Lentils,2.09,Biona,,9.4,,0,5032722316058,6,360,g,0,1,5032722653450
390170,,6x230g,organic,Mayonnaise 40% Olive Oil - jar,4.99,Biona,,22.45,,0,5032722302778,6,230,g,0,1,5032722640474
390172,,6x200g,organic,Mustard - Dijon,3.29,Biona,,14.8,,0,5032722304925,6,200,g,0,1,5032722641440
390173,,6x200g,organic,Mustard - Wholegrain,3.49,Biona,,15.7,,0,5032722304932,6,200,g,0,1,5032722641457
390174,,6x300ml,organic,Squeezy Mustard - German (medium hot),2.89,Biona,,13,,0,5032722318892,6,300,ml,0,1,5032722656284
390175,,6x140ml,organic,Worcester Sauce,4.29,Biona,,19.3,,0,5032722305809,6,140,ml,0,1,5032722642249
390176,,6x250ml,organic,Sweet Chilli Sauce,3.69,Biona,,16.6,,0,5032722314054,6,250,ml,0,1,5032722651418
390177,,6x500g,organic,Plain Tofu - 250g drained weight,4.99,Biona,,22.45,,0,5032722306325,6,500,g,0,1,5032722642751
390178,,6x400g,organic,Tempeh - 175g drained weight,4.39,Biona,,19.75,,0,5032722316942,6,400,g,0,1,5032722654341
390179,,6x4x400g,organic,Tomatoes Chopped Peeled - 4 Pack,5.39,Biona,,24.25,,0,5032722318199,6,4x400,g,0,1,5032722655591
390180,,6x260g,organic,Cool Salsa Dip Sauce,3.09,Biona,,13.9,,0,5032722313477,6,260,g,0,1,5032722650756
390181,,6x260g,organic,Hot Salsa Dip Sauce,3.09,Biona,,13.9,,0,5032722313484,6,260,g,0,1,5032722650763
390184,,6x130ml,organic,Sriracha Chilli Sauce,3.29,Biona,,14.8,,0,5032722319394,6,130,ml,0,1,5032722656796
390185,,6x350g,organic,Seitan Pieces in ginger & soya Sauce,5.69,Biona,,25.6,,0,5032722312876,6,350,g,0,1,5032722650138
390186,,6x270g,organic,Squeezy Original Mayonnaise,4.7,Biona,,21.1,,0,5032722318533,6,270,g,0,1,5032722655928
390187,,6x350g,organic,Satay Spicy Peanut Simmer Sauce,4.19,Biona,,18.85,,0,5032722316096,6,350,g,0,1,5032722653498
390188,,9x470g,organic,Squeezy No Added Sugar Tomato Ketchup,3.69,Biona,,24.9,,0,5032722319882,9,470,g,0,1,5032722657298
390189,,6x4x400ml,organic,Coconut Milk (17% fat) - 4 Pack,8.99,Biona,,40.45,,0,5032722317628,6,4x400,ml,0,1,5032722655027
390190,,6x350g,organic,Tikka Masala Simmer Sauce,4.19,Biona,,18.85,,0,5032722316089,6,350,g,0,1,5032722653481
390194,,6x400g,organic,Banana Blossom in Brine,2.79,Biona,,12.55,,0,5032722317512,6,400,g,0,1,5032722654914
390195,,6x400ml,organic,Coconut Milk (17% fat) - large,2.49,Biona,,11.2,,0,5032722304413,6,400,ml,0,1,5032722640986
390196,,8x200ml,organic,Coconut Milk (17% fat) - small,1.88,Biona,,11.3,,0,5032722312869,8,200,ml,0,1,5032722650121
390197,,6x400ml,organic,Light 9% fat Coconut Milk,2.19,Biona,,9.85,,0,5032722311534,6,400,ml,0,1,5032722647831
390198,,6x400ml,organic,Coconut Cream,2.79,Biona,,12.55,,0,5032722315495,6,400,ml,0,1,5032722652897
390199,,8x210g,organic,Condensed Coconut Milk Sweetened,2.39,Biona,,14.35,,0,5032722317147,8,210,g,0,1,5032722654532
390200,,6x400ml,organic,Coconut Whipping Cream,3.49,Biona,,15.7,,0,5032722317451,6,400,ml,0,1,5032722654853
390201,,6x400ml,organic,Coconut Golden Milk,2.69,Biona,,12.1,,0,5032722317550,6,400,ml,0,1,5032722654952
390202,,6x400ml,organic,Green Curry Coconut Milk,3.19,Biona,,14.35,,0,5032722318847,6,400,ml,0,1,5032722656239
390203,,6x125g,organic,Thai Green Curry Paste,3.39,Biona,,15.25,,0,5032722320604,6,125,g,0,1,5032722658073
390204,,6x125g,organic,Thai Red Curry Paste,3.39,Biona,,15.25,,0,5032722312050,6,125,g,0,1,5032722657465
390207,,6x340g,organic,Sweetcorn - canned,2.49,Biona,,11.2,,0,5032722306622,6,340,g,0,1,5032722643062
390210,,6x2x160g,organic,Sweetcorn - multipack,2.89,Biona,,13,,0,5032722320550,6,2x160,g,0,1,5032722658028
390216,,6x210g,,Gochujang - sweet & spicy Korean chilli sauce,5.32,BOMBOM,r,23.95,,0,5065020512112,6,210,g,0,1,25065020512116
390217,,6x165g,,Kimchi Mayo,4.08,BOMBOM,r,18.35,,0,5065020512136,6,165,g,0,1,25065020512130
390218,,6x190g,,Ssamjang - rich & nutty Korean soyabean sauce,5.07,BOMBOM,r,22.8,,0,5065020512129,6,190,g,0,1,25065020512123
390219,,6x420g,,Korean BBQ sweet & spicy,7.56,BOMBOM,,34,,0,5065020512075,6,420,g,0,1,25065020512079
390221,,6x420g,,Korean BBQ soy & garlic,7.56,BOMBOM,,34,,0,5065020512082,6,420,g,0,1,25065020512086
390232,,6x410g,organic,Five Bean Salad - in a vinaigrette - BPA-free can,1.89,Biona,,8.5,,0,5032722317932,6,410,g,0,1,5032722655331
390234,,6x4x400g,organic,Black Beans - in tins 4-Pack,5.89,Biona,,26.5,,0,5032722318267,6,4x400,g,0,1,5032722655669
390236,,6x4x400g,organic,Chickpeas in tins 4-Pack,5.49,Biona,,24.7,,0,5032722318281,6,4x400,g,0,1,5032722655683
390238,,6x400g,organic,Flageolet Beans in tins,1.61,Biona,r,7.25,,0,5032722318304,6,400,g,0,1,5032722655706
390250,,7x250g,organic,Golden Rice & Lentils Mix,3.49,Biona,,18.3,,0,5032722319943,7,250,g,0,1,5032722657359
390251,,8x210g,organic,Porcini Mushroom Risotto Mix,3.99,Biona,,23.9,,0,5032722319929,8,210,g,0,1,5032722657335
390252,,8x210g,organic,Pumpkin Risotto Mix,3.69,Biona,,22.1,,0,5032722319936,8,210,g,0,1,5032722657342
390253,,7x250g,organic,Red Lentil Spiced Dhal Mix,3.49,Biona,,18.3,,0,5032722319967,7,250,g,0,1,5032722657373
390257,,6x570g,,Queen Borlotti Beans,3.1,Bold Bean Co,r,13.95,,0,5060940940304,6,570,g,0,1,15060940940301
390259,,6x570g,,Queen Carlin Peas,3.1,Bold Bean Co,r,13.95,,0,5060940940298,6,570,g,0,1,15060940940295
390263,,6x570g,,Queen Blackbean,3.1,Bold Bean Co,r,13.95,,0,5060940940199,6,570,g,0,1,15060940940196
390264,,6x570g,,Queen Butter Beans,3.1,Bold Bean Co,r,13.95,,0,5060940940175,6,570,g,0,1,15060940940172
390265,,6x570g,,Queen White Beans - was Queen Cannellini,3.1,Bold Bean Co,r,13.95,,0,5060940940267,6,570,g,0,1,15060940940264
390266,,6x570g,,Queen Chickpeas,3.1,Bold Bean Co,r,13.95,,0,5060940940182,6,570,g,0,1,15060940940189
390267,,6x570g,,Queen Red Kidney Beans,3.1,Bold Bean Co,r,13.95,,0,5060940940205,6,570,g,0,1,15060940940202
390268,,6x570g,organic,Queen Chickpeas,3.1,Bold Bean Co,r,13.95,,0,5060940940151,6,570,g,0,1,15060940940158
390269,,6x570g,organic,White Beans,3.1,Bold Bean Co,r,13.95,,0,5060940940168,6,570,g,0,1,15060940940165
390271,,6x390g,,Masala Baked Beans,3.32,Bold Bean Co,r,14.95,,0,5060940940335,6,390,g,0,1,15060940940332
390272,,6x390g,,Rich Tomato Baked Beans,3.32,Bold Bean Co,r,14.95,,0,5060940940373,6,390,g,0,1,15060940940370
390273,,6x390g,,Smoky Chilli Baked Beans,3.32,Bold Bean Co,r,14.95,,0,5060940940380,6,390,g,0,1,115060940940387
390275,,6x170g,organic,Coarse Grain Mustard,3.34,Carley's,,14.55,,0,5055052608761,6,170,g,0,1,15055052608768
390280,,6x170g,organic,English Mustard,3.94,Carley's,,17.15,,0,5055052620121,6,170,g,0,1,15055052620128
390310,,6x700g,organic,Apple Purée,3.55,Carley's,,15.4,,0,5055052620008,6,700,g,0,1,15055052620005
390350,,5kg,organic,Free Range Egg Mayonnaise - tub,,Byodo,,41.1,,0,4018462158050,,5,kg,0,1,4018462158050
390505,,6x400ml,organic,Coconut Milk,2.49,Clearspring,,11.2,,0,5021554989660,6,400,ml,0,1,5021554989677
390508,,6x200ml,organic,Coconut Milk,1.49,Clearspring,,6.7,,0,5021554002406,6,200,ml,0,1,5021554002390
390510,,6x200ml,organic,Extra Rich Coconut Cream,2.29,Clearspring,,10.3,,0,5021554002383,6,200,ml,0,1,5021554002376
390514,,6x500g,organic,Jackfruit (young chunks) in salted water - large,3.49,Clearspring,,15.7,,0,5021554002369,6,500,g,0,1,5021554002352
390582,,18x100g,organic,Apple & Blueberry Purée - single pouch,1.39,Clearspring,,18.75,,0,5021554005551,18,100,g,0,1,5021554005568
390583,,18x100g,organic,Apple & Mango Purée - single pouch,1.39,Clearspring,,18.75,,0,5021554005599,18,100,g,0,1,5021554005605
390584,,18x100g,organic,"Banana, Blueberry & Strawberry Purée - single pouch",1.39,Clearspring,,18.75,,0,5021554005612,18,100,g,0,1,5021554005629
390587,,18x100g,organic,"Banana, Strawberry & Mango Purée - single pouch",1.39,Clearspring,,18.75,,0,5021554005636,18,100,g,0,1,5021554005643
390588,,18x100g,organic,Pear Purée - single pouch,1.39,Clearspring,,18.75,,0,5021554005575,18,100,g,0,1,5021554005582
390605,,12x2x100g,organic,Apple Purée,1.99,Clearspring,,17.9,,0,5021554981589,12,2x100,g,0,1,5021554982012
390610,,12x2x100g,organic,Apple & Apricot Purée,1.99,Clearspring,,17.9,,0,5021554981558,12,2x100,g,0,1,5021554981985
390612,,12x2x100g,organic,Apple Banana Strawberry Purée,1.99,Clearspring,,17.9,,0,5021554004738,12,2x100,g,0,1,5021554004745
390615,,12x2x100g,organic,Apple & Blueberry Purée,1.99,Clearspring,,17.9,,0,5021554981565,12,2x100,g,0,1,5021554981992
390617,,12x2x100g,organic,Apple & Mango Purée,1.99,Clearspring,,17.9,,0,5021554986768,12,2x100,g,0,1,5021554986775
390620,,12x2x100g,organic,Apple & Plum Purée,1.99,Clearspring,,17.9,,0,5021554981572,12,2x100,g,0,1,5021554982005
390625,,12x2x100g,organic,Apple & Strawberry Purée,1.99,Clearspring,,17.9,,0,5021554984450,12,2x100,g,0,1,5021554984467
390630,,12x2x100g,organic,Pear Purée,1.99,Clearspring,,17.9,,0,5021554985266,12,2x100,g,0,1,5021554985273
390635,,12x2x100g,organic,Pear & Banana Purée,1.99,Clearspring,,17.9,,0,5021554986119,12,2x100,g,0,1,5021554986126
390640,,12x2x100g,organic,Prune Purée,1.99,Clearspring,,17.9,,0,5021554989745,12,2x100,g,0,1,5021554989752
390664,,6x150ml,organic,Pad Thai Sauce,5.59,Clearspring,,25.15,,0,5021554005490,6,150,ml,0,1,5021554005506
390735,,6x400ml,organic,Coconut Cream,1.73,Cocofina,r,7.8,,0,5060118261552,6,400,ml,0,1,5060118261569
390736,,6x400ml,organic,Coconut Milk,1.48,Cocofina,r,6.65,,0,5060118261538,6,400,ml,0,1,5060118261545
390737,,6x400ml,organic,Coconut Milk Light,1.4,Cocofina,r,6.3,,0,5060118561514,6,400,ml,0,1,5060118261521
390752,,6x400ml,organic,Coconut Milk,2.09,Coconut Merchant,r,9.35,,0,7791400073154,6,400,ml,0,1,47791400073152
390754,,12x200ml,organic,Coconut Milk,1.33,Coconut Merchant,r,11.95,,0,7791400073086,12,200,ml,0,1,57791400073081
391002,,5kg,organic,Dijon Extra Strong Smooth,,Delouis Fils,,45,,0,13258831010109,,5,kg,0,1,
391005,,6x200g,organic,Dijon Extra Strong Smooth,3.35,Delouis Fils,,15.05,,0,3258831001018,6,200,g,0,1,13258831008618
391207,,6x400g,organic,Jackfruit (young chunks) in salted water,2.59,Essential,,11.65,,0,5029220156194,6,400,g,0,1,5029220156798
391208,,3x3kg,organic,Jackfruit (young chunks) in salted water - large,11.04,Essential,,24.85,,0,5029220156590,3,3,kg,0,1,5029220156699
391210,,6x400g,organic,Mango Chunks in juice,3.99,Essential,,17.95,,0,5029220157191,6,400,g,0,1,
391213,,6x400g,organic,Pineapple Chunks in juice,3.99,Essential,,17.95,,0,5029220157092,6,400,g,0,1,5029220001494
391215,,6x400g,organic,Tropical Fruits in juice,2.99,Essential,,13.45,,0,5029220157290,6,400,g,0,1,5029220001517
391220,,3x2.9l,organic,Coconut Milk,15.6,Essential,,35.1,,0,391220,3,2.9,l,0,1,5029220001289
391230,,12x130g,organic,Tom Purée Tube Double Conc. - tube,2.2,Essential,,19.8,,0,5029220154695,12,130,g,0,1,15029220154692
391235,,12x400g,organic,Chopped Tomatoes,1.45,Essential,,13.05,,0,5029220154107,12,400,g,0,1,15029220154104
391475,,6x180g,organic,Balti Curry Paste,4.45,Geo-Organics,,19.95,,0,5060005460631,6,180,g,0,1,5060005460822
391477,,6x180g,organic,Bhuna Curry Paste,4.45,Geo-Organics,,19.95,,0,5060005460648,6,180,g,0,1,5060005462901
391480,,6x180g,organic,Rendang Paste - Indonesian,4.45,Geo-Organics,,19.95,,0,5060005461652,6,180,g,0,1,5060005460716
391481,,6x180g,organic,Satay Paste - Indonesian,4.45,Geo-Organics,,19.95,,0,5060005461638,6,180,g,0,1,5060005460693
391485,,6x180g,organic,Korma Curry Paste,4.45,Geo-Organics,,19.95,,0,5060005461430,6,180,g,0,1,5060005460808
391487,,6x180g,organic,Madras Curry Paste,4.45,Geo-Organics,,19.95,,0,5060005460501,6,180,g,0,1,5060005460884
391490,,6x180g,organic,Tikka Masala Curry Paste,4.45,Geo-Organics,,19.95,,0,5060005460839,6,180,g,0,1,5060005460846
391492,,6x180g,organic,Green Thai Curry Paste,4.45,Geo-Organics,,19.95,,0,5060005460747,6,180,g,0,1,5060005460754
391495,,6x180g,organic,Red Thai Curry Paste,4.45,Geo-Organics,,19.95,,0,5060005460723,6,180,g,0,1,5060005460730
391497,,6x180g,organic,Yellow Thai Curry Paste,4.45,Geo-Organics,,19.95,,0,5060005460587,6,180,g,0,1,5060005460785
391501,,6x150ml,organic,Worcester Sauce,4.74,Geo-Organics,h,21.35,,0,,6,150,ml,0,1,
391510,,6x240ml,organic,Vegan Mayo,3.26,Geo-Organics,,14.65,,0,5060005460228,6,240,ml,0,1,5060005460235
391540,,6x325ml,organic,Curry Ketchup,3.89,Geo-Organics,h,17.5,,0,5060005463564,6,325,ml,0,1,5060005463588
391542,,6x250ml,organic,No-Honey Mustard Vegan Dressing,3.89,Geo-Organics,h,17.5,,0,5060005463502,6,250,ml,0,1,5060005463526
391543,,6x250ml,organic,Smokey BBQ Vegan Sauce,3.44,Geo-Organics,h,15.5,,0,5060005463533,6,250,ml,0,1,5060005463557
391630,,6x210g,,Harissa - jar,4.95,Harry Brand,,22.25,,0,634041130831,6,210,g,0,1,634041130855
391655,,12x680g,organic,Passata,2.48,La Bio-Idea,,22.35,,0,8712153627103,12,680,g,0,1,8717496900951
391657,,12x680g,organic,Passata Basilico (with Basil),2.63,La Bio-Idea,,23.65,,0,8712153270903,12,680,g,0,1,8717496900968
391660,,12x130g,organic,Pesto Siciliano - vegetarian,3.77,La Bio-Idea,,33.9,,0,8718976016674,12,130,g,0,1,8718976016681
391662,,12x130g,organic,Pesto Rosso - vegan,3.77,La Bio-Idea,,33.9,,0,8717496900722,12,130,g,0,1,8718976021036
391665,,12x130g,organic,Pesto Genovese - vegetarian,3.77,La Bio-Idea,,33.9,,0,8718976016650,12,130,g,0,1,8718976016667
391670,,6x480g,organic,Tomato Ketchup,4.07,La Bio-Idea,,18.3,,0,8712153027187,6,480,g,0,1,8718976019613
391672,,6x890g,organic,Tomato Purée - cans,6.04,La Bio-Idea,,27.2,,0,8712153027163,6,890,g,0,1,8717496900753
391673,,12x200g,organic,Tomato Purée - jar,2.08,La Bio-Idea,,18.7,,0,8712153027125,12,200,g,0,1,8717496900746
391680,,12x400g,organic,Tomatoes - peeled in tins,1.69,La Bio-Idea,,15.2,,0,8712153027156,12,400,g,0,1,8717496900982
391685,,12x400g,organic,Tomatoes - chopped in tins,1.67,La Bio-Idea,,15.05,,0,8712153027170,12,400,g,0,1,8717496900999
392125,,12x400g,organic,Cherry Tomatoes - BPA-free,1.69,Mr Organic,r,15.2,,0,5060178070156,12,400,g,0,1,5060178071283
392128,,6x4x400g,organic,Chopped Tomatoes - 4 Pack,5.79,Mr Organic,,26.05,,0,5060178073188,6,4x400,g,0,1,5060178073171
392130,,12x400g,organic,Chopped Tomatoes - BPA-free,1.35,Mr Organic,r,12.15,,0,5060178070019,12,400,g,0,1,5060178070422
392132,,12x400g,organic,Peeled Tomatoes - BPA-free,1.35,Mr Organic,r,12.15,,0,5060178070064,12,400,g,0,1,5060178070477
392135,,6x350g,organic,Basilico Pasta Sauce,3.29,Mr Organic,,14.8,,0,5060178070286,6,350,g,0,1,5060178072501
392137,,6x350g,organic,Bolognese Pasta Sauce,3.29,Mr Organic,,14.8,,0,5060178070347,6,350,g,0,1,5060178072495
392138,,6x350g,organic,Cherry Tomato Pasta Sauce,3.29,Mr Organic,,14.8,,0,5060178072921,6,350,g,0,1,5060178072914
392139,,6x350g,organic,Chilli Arrabbiata Pasta Sauce,3.29,Mr Organic,,14.8,,0,5060178070361,6,350,g,0,1,5060178072488
392142,,6x480g,organic,Ketchup,3.59,Mr Organic,,16.15,,0,5060178070149,6,480,g,0,1,5060178070545
392143,,12x690g,organic,Passata - large,2.2,Mr Organic,r,19.8,,0,5060178070040,12,690,g,0,1,5060178070453
392144,,6x400g,organic,Passata - small,1.78,Mr Organic,r,8,,0,5060178070378,6,400,g,0,1,5060178070781
392145,,12x690g,organic,Passata Rustica,2.28,Mr Organic,r,20.55,,0,5060178070057,12,690,g,0,1,5060178070460
392148,,6x480g,organic,Ketchup - Naturally sweetened (apple juice),3.89,Mr Organic,,17.5,,0,5060178072723,6,480,g,0,1,5060178072730
392149,,6x200g,organic,Tomato Purée - jar,2.11,Mr Organic,r,9.5,,0,5060178070101,6,200,g,0,1,5060178070514
392151,,6x350g,organic,Roast Garlic Pasta Sauce - no added sugar,3.29,Mr Organic,,14.8,,0,5060178073713,6,350,g,0,1,5060178073720
392152,,6x350g,organic,Capers & Olives Pasta Sauce - no added sugar,3.29,Mr Organic,,14.8,,0,5060178073690,6,350,g,0,1,5060178073706
392153,,12x690g,organic,Passata With Fresh Basil,2.2,Mr Organic,r,19.8,,0,5060178070392,12,690,g,0,1,5060178070408
392154,,6x350g,organic,Lentil Ragu,3.29,Mr Organic,,14.8,,0,5060178074574,6,350,g,0,1,55060178074581
392155,,6x350g,organic,Seitan Ragu,3.29,Mr Organic,,14.8,,0,5060178071337,6,350,g,0,1,5060178072532
392158,,6x400g,organic,Passata - with mixed herbs,2.2,Mr Organic,r,9.9,,0,5060178073843,6,400,g,0,1,5060178073836
392159,,6x400g,organic,Passata - with chilli & garlic,2.2,Mr Organic,r,9.9,,0,5060178073881,6,400,g,0,1,5060178073874
392160,,6x350g,organic,Tofu Ragu,3.29,Mr Organic,,14.8,,0,5060178071313,6,350,g,0,1,5060178072556
392162,,6x350g,organic,Aubergine Ragu Pasta Sauce,3.29,Mr Organic,,14.8,,0,5060178075076,6,350,g,0,1,5060178075120
392168,,6x200g,organic,Tomato & Garlic Purée,2.11,Mr Organic,r,9.5,,0,5060178074710,6,200,g,0,1,5060178074727
392169,,6x200g,organic,Tomato & Pepper Purée,2.11,Mr Organic,r,9.5,,0,5060178074697,6,200,g,0,1,5060178074703
392173,,6x350g,organic,Bolognese Smooth Pasta Sauce,3.29,Mr Organic,,14.8,,0,5060178075007,6,350,g,0,1,5060178075014
392183,,6x350g,organic,Mushroom Ragu Pasta Sauce,3.29,Mr Organic,,14.8,,0,5060178075021,6,350,g,0,1,5060178075038
392187,,6x200g,organic,Kids' Veggie Pasta Sauce - carrot sweet potato courgette,2.49,Mr Organic,,11.2,,0,5060178073157,6,200,g,0,1,5060178073164
392188,,6x200g,organic,Kids' Veggie Pasta Sauce - tomato carrot parsnip,2.49,Mr Organic,,11.2,,0,5060178073034,6,200,g,0,1,5060178073027
392196,,6x190g,organic,Aubergine Pesto - no added sugar,3.31,Mr Organic,r,14.9,,0,5060178075366,6,190,g,0,1,5060178075434
392198,,6x190g,organic,Basil Pesto - no added sugar,3.31,Mr Organic,r,14.9,,0,5060178075342,6,190,g,0,1,5060178075403
392199,,6x190g,organic,Basil & Chilli Pesto - no added sugar,3.31,Mr Organic,r,14.9,,0,5060178075465,6,190,g,0,1,5060178075427
392200,,6x190g,organic,Chilli & Garlic Pesto,3.31,Mr Organic,r,14.9,,0,5060178075335,6,190,g,0,1,5060178075397
392201,,6x190g,organic,Grilled Pepper Pesto - no added sugar,3.31,Mr Organic,r,14.9,,0,5060178075380,6,190,g,0,1,5060178075458
392202,,6x190g,organic,Sundried Tomato Pesto - no added sugar,3.31,Mr Organic,r,14.9,,0,5060178075359,6,190,g,0,1,5060178075410
392203,,6x190g,organic,Tomato Olive Pesto - no added sugar,3.31,Mr Organic,r,14.9,,0,5060178075373,6,190,g,0,1,5060178075441
392270,,1x200ml,organic,Poppy Seed Dressing,6.02,Mrs Mack's,,4.5,,0,,1,200,ml,0,1,
392578,,6x190g,,Black Kale Pesto,6.31,Seggiano,,28.4,,0,5033742001580,6,190,g,0,1,15033742001587
392579,,6x190g,,Artichoke & Garlic Sauce,5.51,Seggiano,,24.8,,0,5033742002891,6,190,g,0,1,15033742002898
392581,,6x190g,,Pistachio Pesto,8.8,Seggiano,,39.6,,0,5033742002853,6,190,g,0,1,15033742002850
392583,,1x1000g,,Raw Basil Pesto Genovese,23.47,Seggiano,,17.6,,0,5033742002655,1,1000,g,0,1,
392585,,6x190g,,Raw Basil Pesto,6.31,Seggiano,,28.4,,0,5033742001566,6,190,g,0,1,15033742001563
392587,,6x190g,,Tomato Pesto,6.31,Seggiano,,28.4,,0,5033742001573,6,190,g,0,1,15033742001570
392589,,6x190g,,Tomato & Almond Pesto - Trapanese,5.24,Seggiano,,23.6,,0,5033742002846,6,190,g,0,1,15033742002843
392590,,6x190g,,Wild Fennel Tomato Pesto,6.31,Seggiano,,28.4,,0,5033742002839,6,190,g,0,1,15033742002836
392598,,6x350g,organic,Arrabbiata Pasta Sauce,3.38,Seggiano,,15.2,,0,5033742002280,6,350,g,0,1,15033742002287
392600,,6x350g,organic,Basilico Pasta Sauce,3.38,Seggiano,,15.2,,0,5033742002259,6,350,g,0,1,15033742002256
392602,,6x350g,organic,Marinara Pasta Sauce,3.38,Seggiano,,15.2,,0,5033742002266,6,350,g,0,1,15033742002263
392603,,6x350g,organic,Melanzane Aubergine Pasta Sauce,3.38,Seggiano,,15.2,,0,5033742002525,6,350,g,0,1,15033742002522
392604,,6x350g,organic,Puttanesca Pasta Sauce,3.38,Seggiano,,15.2,,0,5033742002273,6,350,g,0,1,15033742002270
392605,,12x500g,organic,Premium Sicilian Passata,3.2,Seggiano,,28.8,,0,5033742002419,12,500,g,0,1,115033742002416
392606,,12x330g,organic,Salsa Sicilian Cherry Tomatoes,2.84,Seggiano,,25.6,,0,5033742001221,12,330,g,0,1,15033742001228
392636,,6x215g,,Woodfired Hot Honey Sauce,6.67,Spiced Sussex,,30,,0,,6,215,g,0,1,
392740,,24x200g,organic,Tomato Puree - tubes,1.7,Suma,r,30.6,,0,,24,200,g,0,1,5017601048206
392742,,6x300g,organic,Mayonnaise - egg,4.6,Suma,,20.7,,0,5017601036593,6,300,g,0,1,5017601052869
393001,,10kg,organic,Sun-dried Tomato Halves,,Infinity Foods,s,76.4,,0,,,10,kg,0,1,
393002,,1kg,organic,Sun-dried Tomato Halves,,Infinity Foods,s,9.45,,0,5028869393007,,1,kg,0,1,5028869393007
393010,,6x130g,organic,Pesto Genovese - vegan,3.86,Sunita,,17.35,,0,5018076100796,6,130,g,0,1,5018076200618
393012,,6x130g,organic,Pesto Rosso - vegan,3.86,Sunita,,17.35,,0,5018076100871,6,130,g,0,1,5018076200700
393071,,6x120g,organic,Vegan Green Pesto,3.44,Realfoods by Organico,,15.5,,0,5034210523030,6,120,g,0,1,5034210910588
393073,,6x120g,organic,Vegan Red Pesto,3.44,Realfoods by Organico,,15.5,,0,5034210523047,6,120,g,0,1,5034210993642
393075,,6x300g,organic,Tomato & Basil Pasta Sauce,3.5,Realfoods by Organico,,15.75,,0,5034210110070,6,300,g,0,1,5034210910625
393116,,6x150g,organic,Chilli and Garlic Paste,7.09,The Garlic Farm,,31.9,,0,5060042943586,6,150,g,0,1,5060042943647
393117,,6x150g,organic,Garlic and Ginger Paste,7.09,The Garlic Farm,,31.9,,0,5060042943593,6,150,g,0,1,5060042943654
393118,,6x150g,organic,Miso and Garlic Paste,7.09,The Garlic Farm,,31.9,,0,5060042943609,6,150,g,0,1,5060042943661
393120,,6x265g,organic,Hoisin Sauce with Infused Black Garlic,7.39,The Garlic Farm,,33.25,,0,5060042943579,6,265,g,0,1,5060042942329
393121,,6x265g,organic,Tamari Soy Sauce with Infused Black Garlic,7.39,The Garlic Farm,,33.25,,0,5060042943555,6,265,g,0,1,5060042942343
393122,,6x265g,organic,Teriyaki Sauce Infused with Black Garlic,7.39,The Garlic Farm,,33.25,,0,5060042943562,6,265,g,0,1,5060042942336
393126,,6x162g,,Vampire Slayer - Seriously Hot Sauce,6.93,The Garlic Farm,,31.2,,0,5060042941988,6,162,g,0,1,5060042942350
393129,,6x330ml,organic,Chilli Garlic & Lime Dressing,7.92,The Garlic Farm,,35.65,,0,5060042941599,6,330,ml,0,1,5060042943777
393133,,6x330ml,organic,Honey Garlic and Mustard Dressing,7.92,The Garlic Farm,,35.65,,0,5060042941629,6,330,ml,0,1,5060042943753
393134,,6x330ml,organic,Garlic & Basil Pesto Dressing,7.13,The Garlic Farm,,32.1,,0,5060042941780,6,330,ml,0,1,5060042943760
393140,,12x310g,,Shatta Hot Chilli Sauce,4.48,Rift Valley Farms,h,40.3,,0,696168607146,12,310,g,0,1,696168607146
393370,,6x210g,,Spiced Cherry Jam with Cherry Brandy,2.97,Thursday Cottage,,13.35,,0,59471742063,6,210,g,0,1,59471742162
393750,,10x25g,,Chanterelle Forest Mushrooms,4.62,Foresta Foods,,34.65,,0,5906458120268,10,25,g,0,1,5906458120374
393752,,10x25g,,Mixed Forest Mushrooms,3.82,Foresta Foods,,28.65,,0,5906458120275,10,25,g,0,1,5906458120381
393755,,10x25g,,Porcini+ Forest Mushrooms,4.29,Foresta Foods,,32.2,,0,5906458120251,10,25,g,0,1,5906458120398
393757,,10x25g,,Shiitake Forest Mushrooms,3.82,Foresta Foods,,28.65,,0,5906458120244,10,25,g,0,1,5906458120367
393810,,6x30g,,Porcini/Ceps Mushrooms,4.89,Tropical Wholefoods,,21.95,,0,5030131120068,6,30,g,0,1,5030131220065
393815,,6x50g,,Shiitake Mushrooms,3.74,Tropical Wholefoods,,16.8,,0,5030131120099,6,50,g,0,1,5030131220096
394305,,6x46g,organic,Korma Curry Paste,3.03,Westcountry Spice,,11.8,,0,5060090631428,6,46,g,0,1,
394307,,6x46g,organic,Madras Curry Paste,3.03,Westcountry Spice,,11.8,,0,5060090631435,6,46,g,0,1,
394312,,6x46g,organic,Thai Green Curry Paste,3.03,Westcountry Spice,,11.8,,0,5060090631442,6,46,g,0,1,
394315,,6x46g,organic,Thai Red Curry Paste,3.03,Westcountry Spice,,11.8,,0,5060090631473,6,46,g,0,1,
394322,,6x150ml,organic,Fischy Sauce - gluten-free,3.67,Westcountry Spice,,14.25,,0,5060090631541,6,150,ml,0,1,
394324,,6x175g,organic,Hoisin Sauce - gluten-free,3.67,Westcountry Spice,,14.25,,0,5060090631251,6,175,g,0,1,
394326,,6x150ml,organic,Ketjap Manis Sweet Soy Sauce,3.67,Westcountry Spice,,14.25,,0,5060090631602,6,150,ml,0,1,
394328,,6x156g,organic,Kimchi Hot Sauce - gluten-free,3.67,Westcountry Spice,,14.25,,0,5060090631565,6,156,g,0,1,
394329,,6x150ml,organic,Smoky BBQ Sauce - gluten-free,3.67,Westcountry Spice,,14.25,,0,5060090634788,6,150,ml,0,1,
394332,,6x150ml,organic,Sriracha Hot Sauce - gluten-free,3.67,Westcountry Spice,,14.25,,0,5060090631572,6,150,ml,0,1,
394334,,6x175g,organic,Sweet Thai Chilli Dipping Sauce,3.67,Westcountry Spice,,14.25,,0,5060090631374,6,175,g,0,1,5060090630162
394336,,6x150ml,organic,Tamari Soy Sauce - gluten-free,3.67,Westcountry Spice,,14.25,,0,5060090631619,6,150,ml,0,1,
394340,,6x150ml,organic,Worcester Sauce - gluten-free,3.67,Westcountry Spice,,14.25,,0,5060090631558,6,150,ml,0,1,
394360,,6x240g,,Black Bean Rayu,6.34,White Mausu,,28.55,,0,5392000155596,6,240,g,0,1,5391539750166
394362,,6x240g,,Peanut Rayu,6.34,White Mausu,,28.55,,0,5392000155503,6,240,g,0,1,5391539750142
394364,,6x240g,,Peanut Rayu Extra Hot,6.34,White Mausu,,28.55,,0,5391539750098,6,240,g,0,1,5391539750159
394365,,6x240g,,Smoky Chilli Oil,6.34,White Mausu,,28.55,,0,5391539750081,6,240,g,0,1,5391539750173
395305,,6x240ml,organic,Chilli Sauce - sweet dipping,3.3,Yakso,,14.85,,0,5400313432003,6,240,ml,0,1,8712423018570
395306,,6x100g,organic,Gochujang,3.98,Yakso,,17.9,,0,8718754507196,6,100,g,0,1,8718754507202
395311,,6x250ml,organic,No Fish Sauce,3.98,Yakso,,17.9,,0,8718754503068,6,250,ml,0,1,8718754503075
395312,,6x250ml,organic,Oyster Sauce,3.69,Yakso,,16.6,,0,8718754503044,6,250,ml,0,1,8718754503051
395313,,12x100g,organic,Sambal Oelek,3.29,Yakso,,29.6,,0,8712423016811,12,100,g,0,1,8712423016842
395314,,6x200g,organic,Sriracha Mayonnaise,3.98,Yakso,,17.9,,0,8718754507110,6,200,g,0,1,8718754507127
395315,,6x100g,organic,Ssamjang,3.98,Yakso,,17.9,,0,8718754507172,6,100,g,0,1,8718754507189
400414,,6x250ml,organic,Black Seed Oil,16.19,Biona,,60.7,V,12.14,5032722320246,6,250,ml,2,1,5032722657717
410490,,12x225g,,Mo-Du Braised Sliced Seitan - canned,3.29,Marigold,,29.6,,0,5016084000169,12,225,g,0,1,25016084000156
410492,,6x280g,,Tempeh Slices - canned,3.94,Marigold,,17.75,,0,5016084000145,6,280,g,0,1,15016084000142
410494,,12x170g,,Tunah - Soya Bean - canned,4.19,Marigold,,37.7,,0,5016084000152,12,170,g,0,1,15016084000159
410502,,12x225g,,Braised Tofu - canned,3.95,Marigold,,35.55,,0,5016084210759,12,225,g,0,1,5016084395685
440501,,6x400g,organic,Aduki Beans,1.97,Amaizin,,8.85,,0,8718976015882,6,400,g,0,1,8718976015899
440503,,6x400g,organic,Baked Beans,2.59,Amaizin,,11.65,,0,8718976015844,6,400,g,0,1,8718976015851
440505,,6x400g,organic,Black Beans,1.79,Amaizin,,8.05,,0,8718976015820,6,400,g,0,1,8718976015837
440511,,6x400g,organic,Taco Bean Mix - in spicy sauce,2.3,Amaizin,,10.35,,0,8718976019804,6,400,g,0,1,87189760198116
440512,,6x400g,organic,Fagioli Toscani - braised cannellini in tomato sauce,2.47,La Bio-Idea,,11.1,,0,,6,400,g,0,1,87189760197744
440655,,6x160g,organic,Gluten-free Falafel Mix,2.69,Amisa,,12.1,,0,5032722313217,6,160,g,0,1,5032722650473
440721,,6x212g,,Country Vegetable Nut Roast Kit,4.13,Artisan & Co.,,18.6,,0,5034444125000,6,212,g,0,1,5034444925006
440722,,6x212g,,Cranberry & Pecan Nut Roast Kit,4.13,Artisan & Co.,,18.6,,0,5034444125031,6,212,g,0,1,5034444925037
440723,,6x212g,,Roasted Pepper & Pine Nut Roast Kit,4.13,Artisan & Co.,,18.6,,0,5034444125017,6,212,g,0,1,5034444925013
440724,,6x212g,,Wild Mushroom & Garlic Nut Roast Kit,4.13,Artisan & Co.,,18.6,,0,5034444125024,6,212,g,0,1,5034444925020
441050,,10kg,,Sosmix,,Granose,,69.8,,0,5050665012998,,10,kg,0,1,
441075,,6x400g,organic,Bean Cassoulet,3.54,Free & Easy,,15.95,,0,5015285811451,6,400,g,0,1,5015285911618
441076,,6x400g,organic,Lentil & Veg Balti Pie Filling,3.01,Free & Easy,r,13.55,,0,5015285000244,6,400,g,0,1,5015285000244
441077,,6x400g,organic,Chickpea & Bean Tagine,3.01,Free & Easy,r,13.55,,0,5015285811468,6,400,g,0,1,5015285911625
441078,,6x400g,organic,Lentil & Veg Country Pie Filling,3.01,Free & Easy,r,13.55,,0,5015285000251,6,400,g,0,1,5015285000251
441079,,6x400g,organic,Mediterranean Harissa Casserole,3.01,Free & Easy,r,13.55,,0,5015285000237,6,400,g,0,1,5015285000237
441080,,6x400g,organic,Chickpea & Vegetable Curry,3.54,Free & Easy,,15.95,,0,5015285810904,6,400,g,0,1,5015285811079
441081,,6x400g,organic,Middle Eastern Chickpea Casserole,3.54,Free & Easy,,15.95,,0,5015285000039,6,400,g,0,1,15015285000036
441082,,6x400g,organic,Three Bean Chilli,3.01,Free & Easy,r,13.55,,0,5015285810898,6,400,g,0,1,5015285811062
441083,,6x400g,organic,Sweet Potato Coconut & Kale Curry,3.54,Free & Easy,,15.95,,0,5015285000022,6,400,g,0,1,15015285000029
441085,,6x400g,organic,Vegetable Balti,3.54,Free & Easy,,15.95,,0,5015285811550,6,400,g,0,1,5015285911793
441087,,6x400g,organic,Vegetable Hot Pot,3.54,Free & Easy,,15.95,,0,5015285811567,6,400,g,0,1,5015285911809
441090,,4x230g,,Breakfast Pancake Mix,3.68,Free & Easy,,11.05,,0,5015285000091,4,230,g,0,1,15015285000043
441092,,4x250g,,Middle Eastern Flatbread Mix,3.68,Free & Easy,,11.05,,0,5015285000060,4,250,g,0,1,15015285000067
441098,,4x155g,,Yorkshire Pudding Mix,3.25,Free & Easy,,9.75,,0,5015285000077,4,155,g,0,1,15015285000074
441110,,6x130g,,Dairy Free Cheese Flavour Sauce Mix,3.24,Free & Easy,,14.6,,0,5015285810812,6,130,g,0,1,5015285811048
441115,,6x130g,,Gluten-free Gravy Sauce Mix,2.74,Free & Easy,,12.35,,0,5015285810799,6,130,g,0,1,5015285911076
441120,,6x400g,organic,Broccoli & Kale Soup,2.64,Free & Easy,,11.9,,0,5015285811703,6,400,g,0,1,5015285911946
441122,,6x400g,organic,Butternut Squash & Ginger Soup,2.64,Free & Easy,,11.9,,0,5015285811710,6,400,g,0,1,5015285911953
441125,,6x400g,organic,Carrot & Coconut Soup,2.64,Free & Easy,,11.9,,0,5015285811697,6,400,g,0,1,5015285911939
441127,,6x400g,organic,Lentil & Red Pepper Soup,2.64,Free & Easy,,11.9,,0,5015285811673,6,400,g,0,1,5015285911915
441130,,6x400g,organic,Pea & Mint Soup,2.64,Free & Easy,,11.9,,0,5015285811680,6,400,g,0,1,5015285911922
441132,,6x400g,organic,Sweet Potato & Chia Seed Soup,2.64,Free & Easy,,11.9,,0,5015285811727,6,400,g,0,1,5015285911960
441135,,6x400g,organic,Tomato Soup,2.64,Free & Easy,,11.9,,0,5015285811666,6,400,g,0,1,5015285911908
441138,,6x400g,organic,Broccoli & Kale Soup - low salt,2.64,Free & Easy,,11.9,,0,5015285811864,6,400,g,0,1,5015285912103
441140,,6x400g,organic,"Butternut Squash, Sweet Potato & Turmeric Soup - LS",2.64,Free & Easy,,11.9,,0,5015285811840,6,400,g,0,1,5015285912080
441142,,6x400g,organic,Carrot & Coriander Soup - low salt,2.64,Free & Easy,,11.9,,0,5015285811826,6,400,g,0,1,5015285912066
441144,,6x400g,organic,Sweet Potato & Quinoa Soup - low salt,2.64,Free & Easy,,11.9,,0,5015285811857,6,400,g,0,1,5015285912097
441207,,12x400g,organic,Carlin Peas,1.79,Hodmedod's,,16.1,,0,5060324810568,12,400,g,0,1,15060324810565
441210,,12x400g,organic,Vaal Dhal  (broad beans in mild sauce),1.98,Hodmedod's,,17.8,,0,5060324810223,12,400,g,0,1,15060324810220
441215,,12x400g,organic,Fava Beans (broad beans),1.79,Hodmedod's,,16.15,,0,5060324810216,12,400,g,0,1,15060324810213
441905,,6x200g,organic,Soya Mince,4.35,It's Soya Good,,19.55,,0,5034210310012,6,200,g,0,1,5034210910755
441907,,6x150g,organic,Soya Chunks,4.35,It's Soya Good,,19.55,,0,5034210310029,6,150,g,0,1,5034210910762
442661,,12x200g,organic,Beluga Lentils - small,1.71,La Bio-Idea,,15.35,,0,8718976020060,12,200,g,0,1,8718976020107
442662,,6x400g,organic,Borlotti Beans,1.86,La Bio-Idea,,8.35,,0,8717496900166,6,400,g,0,1,8717496901064
442665,,6x400g,organic,Butter Beans,2.11,La Bio-Idea,,9.5,,0,8717496900180,6,400,g,0,1,8717496901019
442667,,6x400g,organic,Cannellini Beans,1.8,La Bio-Idea,,8.1,,0,8717496900173,6,400,g,0,1,8717496901071
442670,,6x400g,organic,Chickpeas,1.8,La Bio-Idea,,8.1,,0,8717496900142,6,400,g,0,1,8717496901033
442672,,6x400g,organic,Brown Lentils,1.8,La Bio-Idea,,8.1,,0,8717496900425,6,400,g,0,1,8717496901040
442673,,6x400g,organic,Green Dupuis Lentils,2.34,La Bio-Idea,,10.55,,0,8718976015776,6,400,g,0,1,8718976015783
442675,,6x400g,organic,Mixed Beans,1.86,La Bio-Idea,,8.35,,0,8717496900159,6,400,g,0,1,8717496901057
442677,,6x400g,organic,Red Kidney Beans,1.91,La Bio-Idea,,8.6,,0,8717496900135,6,400,g,0,1,8717496901026
442748,,12x400g,organic,Aduki Beans,1.69,Mr Organic,,15.2,,0,5060178071863,12,400,g,0,1,5060178071870
442750,,12x400g,organic,Baked Beans,1.69,Mr Organic,,15.2,,0,5060178070866,12,400,g,0,1,5060178070859
442752,,12x400g,organic,Black Beans,1.49,Mr Organic,,13.4,,0,5060178070217,12,400,g,0,1,5060178071290
442753,,12x400g,organic,Beluga Lentils,1.59,Mr Organic,,14.3,,0,5060178074086,12,400,g,0,1,5060178074284
442755,,12x400g,organic,Borlotti Beans,1.59,Mr Organic,,14.3,,0,5060178070200,12,400,g,0,1,5060178070613
442757,,12x400g,organic,Cannellini Beans,1.59,Mr Organic,,14.3,,0,5060178070194,12,400,g,0,1,5060178070606
442760,,12x400g,organic,Chickpeas,1.49,Mr Organic,,13.4,,0,5060178070255,12,400,g,0,1,5060178070668
442761,,12x400g,organic,Chilli Mixed Beans,2.09,Mr Organic,,18.8,,0,5060178073935,12,400,g,0,1,5060178073942
442762,,12x400g,organic,Butter Beans,1.79,Mr Organic,,16.1,,0,5060178070187,12,400,g,0,1,5060178070590
442763,,12x400g,organic,Haricot Beans,1.59,Mr Organic,,14.3,,0,5060178074079,12,400,g,0,1,5060178074437
442765,,12x400g,organic,Lentils - green,1.59,Mr Organic,,14.3,,0,5060178070262,12,400,g,0,1,5060178070675
442766,,12x400g,organic,Low Sugar Baked Beans,1.89,Mr Organic,,17,,0,5060178073898,12,400,g,0,1,5060178073904
442767,,12x400g,organic,Mixed Beans,1.79,Mr Organic,,16.1,,0,5060178070279,12,400,g,0,1,5060178070682
442770,,12x400g,organic,Red Kidney Beans,1.69,Mr Organic,,15.2,,0,5060178070170,12,400,g,0,1,5060178070583
442771,,6x400g,organic,Spicy Mixed Bean Soup,2.29,Mr Organic,,10.3,,0,5060178074048,6,400,g,0,1,5060178075175
442773,,6x400g,organic,Tomato & Lentil Soup,2.29,Mr Organic,,10.3,,0,5060178074055,6,400,g,0,1,5060178075182
442774,,6x400g,organic,Black Bean Vegetable Soup,2.29,Mr Organic,,10.3,,0,5060178074963,6,400,g,0,1,5060178075205
442776,,6x400g,organic,Tomato & Basil Soup,2.29,Mr Organic,,10.3,,0,5060178074987,6,400,g,0,1,5060178075199
442777,,6x400g,organic,Creamy Red Pepper Soup,2.29,Mr Organic,,10.3,,0,5060178075083,6,400,g,0,1,5060178075137
442779,,6x400g,organic,Garden Pea & Vegetable Soup,2.29,Mr Organic,,10.3,,0,5060178075106,6,400,g,0,1,5060178075212
442781,,6x400g,organic,"Pumpkin, Carrot & Chilli Soup",2.29,Mr Organic,,10.3,,0,5060178075113,6,400,g,0,1,5060178075229
442789,,6x400g,organic,Leek & Potato Soup,2.29,Mr Organic,,10.3,,0,5060178075090,6,400,g,0,1,5060178075236
442791,,6x350g,organic,Butter Beans - jar,2.3,Mr Organic,,10.35,,0,5060178075274,6,350,g,0,1,5060178075281
442792,,6x350g,organic,Cannellini Beans - jar,2.3,Mr Organic,,10.35,,0,5060178075298,6,350,g,0,1,5060178075304
442793,,6x350g,organic,Chickpeas - jar,2.3,Mr Organic,,10.35,,0,5060178075250,6,350,g,0,1,5060178075267
442794,,6x350g,organic,Lentils - jar,2.3,Mr Organic,,10.35,,0,5060178075311,6,350,g,0,1,5060178075328
442800,,8x350g,organic,Gnocchi - gluten-free,3.99,Mr Organic,,23.9,,0,5060178073294,8,350,g,0,1,50601780734231
442804,,10x250g,organic,Porcini Tortellini,4.29,Mr Organic,,32.15,,0,5060178073409,10,250,g,0,1,
442806,,10x250g,organic,Vegetable Tortellini,4.29,Mr Organic,,32.15,,0,5060178073386,10,250,g,0,1,
443720,,8x250g,organic,Porcini Risotto,4.95,Realfoods by Organico,,29.7,,0,5034210170036,8,250,g,0,1,5034210910670
443764,,12x125g,organic,Protein Chunks - Pea & Fava,3.49,Profusion,,31.4,,0,5032722317970,12,125,g,0,1,5032722655379
443766,,12x125g,organic,Protein Mince - Pea & Fava,3.49,Profusion,,31.4,,0,5032722317963,12,125,g,0,1,5032722655362
443780,,6x400g,organic,Balinese Lentil & Red Pepper Soup,2.59,RIFCo,,11.65,,0,5034736000053,6,400,g,0,1,15034736000050
443782,,6x400g,organic,Mexican Bean Soup,2.59,RIFCo,,11.65,,0,5034736000039,6,400,g,0,1,15034736000036
443784,,6x400g,organic,Moroccan Chickpea Soup,2.59,RIFCo,,11.65,,0,5034736000046,6,400,g,0,1,15034736000043
443786,,6x400g,organic,Thai Green Curry,3.69,RIFCo,,16.6,,0,5034736000015,6,400,g,0,1,15034736000012
443788,,6x400g,organic,Spanish Chickpea Casserole,3.69,RIFCo,,16.6,,0,5034736000008,6,400,g,0,1,15034736000005
443790,,6x400g,organic,Sri Lankan Lentil & Coconut Soup,2.59,RIFCo,,11.65,,0,5034736000060,6,400,g,0,1,15034736000067
443792,,6x400g,organic,Thai Temple Curry,3.69,RIFCo,,16.6,,0,5034736000022,6,400,g,0,1,15034736000029
444205,,6x400g,,Edamame Beans - in water,3.16,Geo,,14.2,,0,5060005460402,6,400,g,0,1,5060005460556
444230,,6x400g,organic,Bombay Potatoes,3.35,Geo-Organics,,15.05,,0,5060005460280,6,400,g,0,1,5060005460297
444232,,6x400g,organic,Chickpea & Apricot Tagine,3.35,Geo-Organics,,15.05,,0,5060005462543,6,400,g,0,1,5060005462918
444234,,6x400g,organic,Chick Pea & Lentil Dahl,3.16,Geo-Organics,,14.2,,0,5060005460204,6,400,g,0,1,5060005461829
444236,,6x400g,organic,Coconut & Kale Dahl,3.35,Geo-Organics,,15.05,,0,5060005462567,6,400,g,0,1,5060005460365
444239,,6x400g,organic,Vegetable Hotpot,3.35,Geo-Organics,,15.05,,0,5060005460303,6,400,g,0,1,5060005460310
444240,,6x400g,organic,Moroccan Chickpea Tagine,3.35,Geo-Organics,,15.05,,0,5060005460327,6,400,g,0,1,5060005460341
444241,,6x400g,organic,Tadka Dahl,3.16,Geo-Organics,,14.2,,0,5060005462529,6,400,g,0,1,5060005460389
444461,,6x415g,organic,Bean Chilli,4.62,Stoked!,,20.8,,0,5070002038306,6,415,g,0,1,5070002038351
444462,,6x415g,organic,Bolognese,4.62,Stoked!,,20.8,,0,5070002038313,6,415,g,0,1,5070002038368
444463,,6x415g,organic,Lentil Dahl,4.62,Stoked!,,20.8,,0,5070002038320,6,415,g,0,1,5070002038382
444464,,6x400g,,Nacho Sauce,4.27,Stoked!,,19.2,,0,5070002038344,6,400,g,0,1,5070002038399
444465,,6x415g,organic,Thai Curry,4.62,Stoked!,,20.8,,0,5070002038337,6,415,g,0,1,5070002038375
444489,,12x400g,organic,Saag Aloo - Potatoes & Spinach,3.39,Suma,,30.5,,0,5017601050537,12,400,g,0,1,5017601050520
444490,,12x400g,organic,Baked Beans,1.27,Suma,r,11.4,,0,5017601032212,12,400,g,0,1,8012666040148
444491,,12x400g,organic,Baked Beans - Low Sugar,1.27,Suma,r,11.4,,0,5017601042372,12,400,g,0,1,5017601032205
444492,,12x400g,,Baked Beans & Lincoln Vegan Sausages,2.99,Suma,,26.9,,0,5017601041177,12,400,g,0,1,5017601041160
444493,,12x400g,,Mac 'N' Cheeze,2.99,Suma,,26.9,,0,5017601047971,12,400,g,0,1,5017601047964
444495,,6x2.65kg,organic,Baked Beans - catering size,6.98,Suma,r,31.4,,0,5017601038054,6,2.65,kg,0,1,5017601038047
444496,,12x400g,organic,Chickpea & Lentil Daal,2.59,Suma,,23.35,,0,5017601050513,12,400,g,0,1,5017601050506
444497,,6x400g,organic,Ravioli in a Creamy Mushroom Sauce - vegan,2.99,Suma,,13.45,,0,5017601049852,6,400,g,0,1,5017601049845
444498,,12x400g,,Vegan Meatball Bolognese,3,Suma,,27,,0,5017601042471,12,400,g,0,1,5017601042464
444501,,6x400g,organic,Ravioli with Tomato & Ricotta,2.99,Suma,,13.45,,0,5017601046714,6,400,g,0,1,5017601046707
444502,,6x400g,organic,Ravioli with Vegetable Sauce - vegan,2.99,Suma,,13.45,,0,5017601046677,6,400,g,0,1,5017601046660
444503,,12x400g,,Spicy Chorizo Vegan Stew,2.59,Suma,,23.35,,0,5017601046752,12,400,g,0,1,5017601046745
444504,,12x400g,,Vegetable Stew & Dumplings,2.59,Suma,,23.35,,0,5017601046738,12,400,g,0,1,5017601046721
444506,,12x400g,organic,Black Chickpeas,1.16,Suma,r,10.45,,0,5017601041696,12,400,g,0,1,5017601041689
444511,,12x400g,organic,Refried Fava Beans,2.38,Suma,,21.45,,0,5017601052531,12,400,g,0,1,5017601052524
444518,,12x400g,organic,Pinto Beans,1.21,Suma,r,10.9,,0,5017601047254,12,400,g,0,1,5017601047247
444596,,12x400g,organic,Black Beans,1.29,Suma,,11.6,,0,5017601039853,12,400,g,0,1,5017601039846
444598,,6x2.6kg,organic,Catering size Black Beans,4.24,Suma,r,19.1,,0,5017601046318,6,2.6,kg,0,1,5017601046301
445503,,12x400g,organic,Aduki Beans,1.16,Suma,r,10.45,,0,5017601036814,12,400,g,0,1,5017601036807
445505,,12x400g,organic,Red Kidney Beans,1.34,Suma,,12.1,,0,5017601014119,12,400,g,0,1,5017601014188
445506,,12x400g,organic,Borlotti Beans,1.16,Suma,r,10.45,,0,5017601040019,12,400,g,0,1,5017601040002
445507,,12x400g,organic,Butter Beans,1.31,Suma,r,11.8,,0,5017601014133,12,400,g,0,1,5017601014201
445508,,12x400g,organic,Cannellini Beans,1.16,Suma,r,10.45,,0,5017601027775,12,400,g,0,1,5017601027768
445509,,12x400g,organic,Brown Lentils,1.16,Suma,r,10.45,,0,5017901048190,12,400,g,0,1,5017601048183
445510,,12x400g,organic,Chickpeas,1.29,Suma,,11.6,,0,5017601014102,12,400,g,0,1,5017601014171
445511,,6x2.6kg,organic,Catering size Chickpeas,4.24,Suma,r,19.1,,0,5017601028376,6,2.6,kg,0,1,5017601028369
445512,,12x400g,organic,Green Lentils,1.29,Suma,,11.6,,0,5017601014157,12,400,g,0,1,5017601014225
445513,,12x400g,organic,Haricot Beans,1.29,Suma,,11.6,,0,5017601014126,12,400,g,0,1,5017601014195
445514,,12x400g,organic,Mixed Beans,1.16,Suma,r,10.45,,0,5017601014164,12,400,g,0,1,5017601014232
445585,,12x400g,,Chik'n Soup,2.49,Suma,,22.4,,0,5017601050230,12,400,g,0,1,5017601050223
445586,,12x400g,organic,Minestrone Soup,2.49,Suma,,22.4,,0,5017601050551,12,400,g,0,1,5017601050544
445587,,12x400g,organic,Mushroom Soup,2.49,Suma,,22.4,,0,5017601044673,12,400,g,0,1,5017601044666
445589,,12x400g,organic,Pea Soup,2.49,Suma,,22.4,,0,5017601044710,12,400,g,0,1,5017601044703
445590,,12x400g,organic,Rustic Vegetable Soup,2.29,Suma,,20.6,,0,5017601041795,12,400,g,0,1,5017601041788
445591,,12x400g,,Pea & Vegan Ham Soup,2.49,Suma,,22.4,,0,5017601044659,12,400,g,0,1,5017601044642
445593,,12x400g,organic,Smoky Lentil Soup,1.94,Suma,r,17.5,,0,5017601053354,12,400,g,0,1,5017601053347
445594,,12x400g,organic,Spicy Lentil Soup,2.29,Suma,,20.6,,0,5017601041986,12,400,g,0,1,5017601041948
445597,,12x400g,organic,Tomato Soup,2.29,Suma,,20.6,,0,5017601044697,12,400,g,0,1,5017601044680
445598,,12x400g,organic,Tuscan Bean Soup,2.09,Suma,,18.8,,0,5017601042051,12,400,g,0,1,5017601042044
445600,,12x400g,organic,Borlotti Beans Fresh,1.89,Suma,,17,,0,5017601042457,12,400,g,0,1,5017601042440
445601,,12x400g,organic,Cannellini Beans Fresh,1.89,Suma,,17,,0,5017601046653,12,400,g,0,1,5017601046646
445603,,12x200g,organic,Edamame Fresh,1.79,Suma,,16.1,,0,5017601047735,12,200,g,0,1,5017601047728
445604,,12x340g,organic,Peas Fresh,1.89,Suma,,17,,0,5017601042433,12,340,g,0,1,5017601042426
445605,,12x200g,organic,Flageolet Fresh,1.65,Suma,,14.85,,0,5017601047759,12,200,g,0,1,5017601047742
445703,,6x500g,organic,Polenta - ready to eat,1.98,Sunita,,8.9,,0,5018076100673,6,500,g,0,1,8003086000553
445708,,6x76g,organic,Sunflower Chunks,4.99,Sunflower Family,,22.5,,0,4260651250520,6,76,g,0,1,4260651250513
445709,,10x90g,organic,Sunflower Bolomix,4.99,Sunflower Family,,37.5,,0,4260651251015,10,90,g,0,1,4260651251022
445710,,10x90g,organic,Sunflower Burgermix,4.99,Sunflower Family,,37.5,,0,4260651251008,10,90,g,0,1,4260651250995
445711,,6x76g,organic,Sunflower Mince,4.99,Sunflower Family,,22.5,,0,4260651251107,6,76,g,0,1,4260651251091
446028,,6x200g,organic,Seitan in Tamari,4.99,Yakso,,22.45,,0,5400313000974,6,200,g,0,1,8712423018365
446030,,6x175g,organic,Tempeh,3.82,Yakso,,17.15,,0,5400313002534,6,175,g,0,1,8712423018433
462406,,12x3x50g,,Cacao & Almond Oat Bar Multipack,2.9,Deliciously Ella,,26.1,,0,5060482840186,12,3x50,g,0,1,15060482840183
470100,,6x100g,organic,Dairy Free Pear & Fig Porridge,1.71,Ella's Kitchen,,7.7,,0,5060503502321,6,100,g,0,1,5060503502338
470104,,6x90g,organic,Dairy Free Banana Yogurt - gluten free,1.73,Ella's Kitchen,,7.8,,0,5060503502369,6,90,g,0,1,5060503502376
470480,,7x5x25g,organic,Kids Apple & Sultana Oaty Bars,2.79,Freee from Doves Farm,,14.65,,0,5011766400008,7,5x25,g,0,1,5011766300728
470820,,6x40g,organic,Apple Rice Cake Clouds,1.98,Organix,,8.9,,0,5024121804120,6,40,g,0,1,5024121804922
470822,,6x40g,organic,Banana Rice Cake Clouds,1.98,Organix,,8.9,,0,5024121801129,6,40,g,0,1,5024121801921
470825,,6x40g,organic,Original Rice Cake Clouds,1.98,Organix,,8.9,,0,5024121101755,6,40,g,0,1,5024121101762
470826,,6x40g,organic,Summer Fruits Rice Cake Clouds,1.98,Organix,,8.9,,0,5024121802126,6,40,g,0,1,5024121802928
470857,,5x20g,organic,Melty Tomato Slices,0.87,Organix,,3.25,,0,5024121306105,5,20,g,0,1,5024121306808
470859,,5x110g,organic,Mini Oaty Bites - raspberry & orange with apple,3.8,Organix,,11.9,V,2.38,5024121099823,5,110,g,2,1,5024121099830
470862,,6x135g,organic,Banana Bread Biscuits,3.2,Organix,,14.4,,0,5024121101212,6,135,g,0,1,5024121101229
470863,,4x64g,organic,Jammie Monsters - strawberry & apple biscuits,3.57,Organix,,10.7,,0,5024121664212,4,64,g,0,1,5024121664915
470870,,7x70g,organic,Apples Apples Apples,1.3,Ella's Kitchen,r,6.8,,0,5060107332614,7,70,g,0,1,5060107332652
470871,,7x70g,organic,Carrots Carrots Carrots,1.52,Ella's Kitchen,,8,,0,5060107335950,7,70,g,0,1,5060107335967
470872,,7x70g,organic,Bananas Bananas Bananas,1.3,Ella's Kitchen,r,6.8,,0,5060107332638,7,70,g,0,1,5060107332676
470875,,7x70g,organic,Mangoes Mangoes Mangoes,1.3,Ella's Kitchen,r,6.8,,0,5060107332645,7,70,g,0,1,5060107332683
470877,,7x70g,organic,Pears Pears Pears,1.3,Ella's Kitchen,r,6.8,,0,5060107332621,7,70,g,0,1,5060107332669
470878,,7x70g,organic,Prunes Prunes Prunes,1.3,Ella's Kitchen,r,6.8,,0,5060107336056,7,70,g,0,1,5060107336063
470880,,7x70g,organic,Sweet Potato Sweet Potato,1.52,Ella's Kitchen,,8,,0,5060107336018,7,70,g,0,1,5060107336025
470881,,6x6x17g,organic,Chunky Apple & Date Fruit Bars,4.16,Organix,,18.7,,0,5024121422218,6,6x17,g,0,1,5024121422812
470882,,6x6x17g,organic,Chunky Banana & Date Fruit Bars,4.16,Organix,,18.7,,0,5024121423215,6,6x17,g,0,1,5024121423819
470884,,4x12x14g,organic,Raisins - box,3.8,Organix,,11.4,,0,5024121519116,4,12x14,g,0,1,5024121519918
470889,,3x5x20g,organic,Cocoa & Vanilla Gruffalo Biscuits,2.84,Organix,,6.4,,0,5024121666216,3,5x20,g,0,1,5024121666919
470890,,3x4x15g,organic,Cheese & Herbs  Puffs - multipack,3.21,Organix,,7.25,,0,5024121887307,3,4x15,g,0,1,5024121314803
470891,,6x6x17g,organic,Gruffalo Purple Prickle Fruit Bars,4.99,Organix,,18.7,V,3.74,5024121101564,6,6x17,g,2,1,5024121101571
470892,,6x6x23g,organic,Gruffalo Crumble - Apple Soft Oaty Bars,4.04,Organix,,15.2,V,3.04,5024121101533,6,6x23,g,2,1,105024121101540
470901,,3x4x15g,organic,Barbeque Gruffalo Claws,3.21,Organix,,7.25,,0,5024121326424,3,4x15,g,0,1,5024121326929
470905,,3x4x15g,organic,Cheese & Onion Gruffalo Claws,3.21,Organix,,7.25,,0,5024121324420,3,4x15,g,0,1,5024121324925
470907,,5x100g,organic,Farm Animal Biscuits,2.24,Organix,,8.4,,0,5024121617300,5,100,g,0,1,5024121617607
470909,,6x135g,organic,Gingerbread Men - large,3.2,Organix,,14.4,,0,5024121222207,6,135,g,0,1,5024121222108
470918,,3x4x20g,organic,Mini Cheese Cracker multipack,3.13,Organix,,7.05,,0,5024121626104,3,4x20,g,0,1,5024121626906
470923,,4x4x18g,organic,Melty Carrot Puffs multi pack,2.99,Organix,,9,,0,5024121377112,4,4x18,g,0,1,5024121377914
470924,,8x20g,organic,Melty Carrot Puffs,0.84,Organix,,5.05,,0,5024121885303,8,20,g,0,1,5024121885402
470926,,8x20g,organic,Melty Sweetcorn Rings,0.84,Organix,,5.05,,0,5024121884306,8,20,g,0,1,5024121884405
470929,,7x120g,organic,Banana Apple + Blueberry Baby Rice,1.44,Ella's Kitchen,r,7.55,,0,5060503502260,7,120,g,0,1,5060503502277
470930,,7x120g,organic,Apples & Bananas,1.45,Ella's Kitchen,r,7.6,,0,5060107330276,7,120,g,0,1,5060107330283
470931,,7x120g,organic,Baby Rice Apple & Pear,1.7,Ella's Kitchen,,8.9,,0,5060107331990,7,120,g,0,1,5060107332027
470932,,7x120g,organic,"Broccoli, Pear & Peas",1.45,Ella's Kitchen,r,7.6,,0,5060107330245,7,120,g,0,1,5060107330252
470933,,7x120g,organic,"Butternut Squash, Carrot, Apples and Prunes",1.45,Ella's Kitchen,r,7.6,,0,5060107330467,7,120,g,0,1,5060107330474
470934,,7x120g,organic,Baby Rice Banana & Apricot,1.7,Ella's Kitchen,,8.9,,0,5060107331983,7,120,g,0,1,5060107332010
470935,,7x120g,organic,"Carrot, Apple & Parsnip",1.45,Ella's Kitchen,r,7.6,,0,5060107330214,7,120,g,0,1,5060107330221
470936,,7x120g,organic,Peaches and Bananas,1.45,Ella's Kitchen,r,7.6,,0,5060107330382,7,120,g,0,1,5060107330399
470938,,7x120g,organic,"Sweet Potato, Pumpkin, Apple & Blueberry",1.45,Ella's Kitchen,r,7.6,,0,5060107330306,7,120,g,0,1,5060107330313
470939,,7x120g,organic,Strawberries and Apples,1.45,Ella's Kitchen,r,7.6,,0,5060107330368,7,120,g,0,1,5060107330375
470940,,7x120g,organic,"Sweet Potato, Broccoli & Carrots",1.45,Ella's Kitchen,r,7.6,,0,5060107330931,7,120,g,0,1,5060107330948
470943,,12x90g,organic,The Green One - Smoothie Fruit - singles,1.09,Ella's Kitchen,r,9.85,,0,5060107330412,12,90,g,0,1,5060107330443
470945,,12x90g,organic,The Purple One - Smoothie Fruit - singles,1.09,Ella's Kitchen,r,9.85,,0,5060107330139,12,90,g,0,1,5060107330160
470949,,7x120g,organic,"Mango, Pear & Papaya",1.7,Ella's Kitchen,,8.95,,0,5060107334786,7,120,g,0,1,5060107334793
470950,,12x90g,organic,The Red One - Smoothie Fruit - singles,1.09,Ella's Kitchen,r,9.85,,0,5060107330016,12,90,g,0,1,5060107330085
470952,,7x120g,organic,"Red Pepper, Sweet Potato & Apple",1.7,Ella's Kitchen,,8.95,,0,5060107334809,7,120,g,0,1,5060107334816
470960,,12x90g,organic,The Yellow One - Smoothie Fruit - singles,1.09,Ella's Kitchen,r,9.85,,0,5060107330030,12,90,g,0,1,5060107330108
470964,,6x90g,organic,Strawberry Greek Yoghurt,1.4,Ella's Kitchen,r,6.3,,0,5060107335882,6,90,g,0,1,5060107336117
470967,,6x100g,organic,Banana Baby Brekkie,1.71,Ella's Kitchen,,7.7,,0,5060107330788,6,100,g,0,1,5060107330795
470968,,6x100g,organic,Mango Baby Brekkie,1.71,Ella's Kitchen,,7.7,,0,5060107330764,6,100,g,0,1,5060107330771
470969,,6x100g,organic,Blueberry & Pear Brekkie,1.71,Ella's Kitchen,,7.7,,0,5060107330740,6,100,g,0,1,5060107330757
470976,,5x25g,organic,Banana Weaning Wands,1.6,Organix,,6,,0,5024121339127,5,25,g,0,1,5024121339929
470977,,6x130g,organic,Cheese Pie with veggies,2.29,Ella's Kitchen,,10.3,,0,5060107332188,6,130,g,0,1,5060107332195
470978,,5x25g,organic,Strawberry Weaning Wands,1.6,Organix,,6,,0,5024121338120,5,25,g,0,1,5024121338922
470985,,6x130g,organic,Vegetable Bake with Lentils,2.29,Ella's Kitchen,,10.3,,0,5060107332157,6,130,g,0,1,5060107332164
470987,,3x4x90g,organic,Berry Oaty Smooshy - multi,4.91,Ella's Kitchen,r,11.05,,0,5060503505711,3,4x90,g,0,1,5060503505728
470988,,3x4x90g,organic,Peach + Banana Oaty Smooshy - multi,4.91,Ella's Kitchen,r,11.05,,0,5060503505742,3,4x90,g,0,1,5060503505759
470998,,6x80g,organic,Dairy Free Rice Pudding Banana + Strawberry - GF,1.83,Ella's Kitchen,,8.25,,0,5060503502345,6,80,g,0,1,5060503502352
471180,,20x52pack,organic,Baby Water Wipes,2.52,Simply Gentle,,30.2,V,6.04,5060202922826,20,52,pack,2,1,5060202922833
471192,,4x32pack,organic,1 - Mini Bamboo Nappies (2-6kg),12.48,Beaming Baby,,37.45,,0,5060064445273,4,32,pack,0,1,5060064445402
471194,,4x30pack,organic,2 - Midi Bamboo Nappies (5-8kg),12.48,Beaming Baby,,37.45,,0,5060064445280,4,30,pack,0,1,5060064445419
471196,,4x26pack,organic,3 - Maxi Bamboo Nappies (7-11kg),12.48,Beaming Baby,,37.45,,0,5060064445297,4,26,pack,0,1,5060064445426
471198,,4x24pack,organic,4 - Maxi Plus Bamboo Nappies (9-15kg),12.48,Beaming Baby,,37.45,,0,5060064445303,4,24,pack,0,1,5060064445433
471482,,7x5x25g,organic,Kids Chocolate Chip Oaty Bars,2.79,Freee from Doves Farm,,14.65,,0,5011766400015,7,5x25,g,0,1,5011766300735
472608,,6x4x180ml,organic,Smooth Orange Juice,5.39,Pip,,20.2,V,4.04,5060218970293,6,4x180,ml,2,1,5060218976295
472635,,16x50pack,organic,Organic Cotton Baby Wipes,4.59,Natracare,,42.85,V,8.57,782126200112,16,50,pack,2,1,5019493201103
472698,,6x4x180ml,organic,"Blackcurrant, Raspberry & Apple Juice with Water",5.08,Pip,,19.05,V,3.81,5060218970286,6,4x180,ml,2,1,5060218976288
472699,,6x4x180ml,organic,"Mango, Orange & Apple Fruity Juice with Water",5.08,Pip,,19.05,V,3.81,5060218970279,6,4x180,ml,2,1,5060218976271
472705,,6x4x180ml,organic,Cloudy Apple Juice,5.08,Pip,,19.05,V,3.81,5060218974215,6,4x180,ml,2,1,5060218976219
472710,,6x4x180ml,organic,Pineapple & Mango Smoothie,5.39,Pip,,20.2,V,4.04,5060218974239,6,4x180,ml,2,1,5060218976233
472715,,6x4x180ml,organic,Strawberry & Blackcurrant Juice,5.39,Pip,,20.2,V,4.04,5060218974222,6,4x180,ml,2,1,5060218976226
472718,,6x4x180ml,organic,"Strawberry, Banana & Purple Carrot Smoothie",5.39,Pip,,20.2,V,4.04,5060218974260,6,4x180,ml,2,1,5060218976264
472722,,8x1l,organic,Valencia Orange Tetra,4.65,Pip,,23.25,V,4.65,5060218970552,8,1,l,2,1,5060218978558
480450,,6x300g,organic,Barley Miso - unpasteurised - jar,6.99,Clearspring,,31.45,,0,5021554980070,6,300,g,0,1,5021554980537
480451,,6x300g,organic,Barley Miso - pouch,6.09,Clearspring,,27.4,,0,5021554989813,6,300,g,0,1,5021554989820
480453,,1x1kg,organic,1kg Brown Rice Miso - unpasteurised - tub,18.25,Clearspring,,13.7,,0,5021554004714,1,1,kg,0,1,
480457,,6x300g,organic,Hatcho Miso - pouch - unpasteurised,5.59,Clearspring,,25.15,,0,5021554000655,6,300,g,0,1,5021554984320
480460,,6x300g,organic,300g Brown Rice Miso - unpasteurised - jar,5.79,Clearspring,,26.05,,0,5021554980056,6,300,g,0,1,5021554980544
480461,,6x150g,organic,150g Brown Rice Miso - unpasteurised - jar,3.99,Clearspring,,17.95,,0,5021554003816,6,150,g,0,1,5021554003809
480463,,6x300g,organic,Brown Rice Miso - pouch,5.99,Clearspring,,26.95,,0,5021554000839,6,300,g,0,1,5021554000853
480464,,1x1kg,organic,1kg White Miso - unpasteurised - tub,14.26,Clearspring,,10.7,,0,5021554004035,1,1,kg,0,1,
480465,,6x270g,organic,Reduced Salt Brown Rice Miso - unpasteurised - jar,5.39,Clearspring,,24.25,,0,5021554001010,6,270,g,0,1,5021554001003
480467,,6x150g,organic,Chickpea Miso - unpasteurised - jar,3.99,Clearspring,,17.95,,0,5021554004325,6,150,g,0,1,5021554004332
480468,,6x270g,organic,White Miso - unpasteurised - jar,4.29,Clearspring,,19.3,,0,5021554000990,6,270,g,0,1,5021554000983
480501,,6x245ml,organic,Instant Noodle Broth,6.49,Clearspring,,29.2,,0,5021554989622,6,245,ml,0,1,5021554989639
480504,,6x1l,organic,Shoyu Soya Sauce,11.99,Clearspring,,53.95,,0,5021554986706,6,1,l,0,1,5021554986713
480505,,6x500ml,organic,Shoyu Soya Sauce,6.49,Clearspring,,29.2,,0,5021554002192,6,500,ml,0,1,5021554980643
480506,,6x250ml,organic,Shoyu Soya Sauce,4.19,Clearspring,,18.85,,0,5021554004646,6,250,ml,0,1,5021554004653
480507,,6x150ml,organic,Dispenser - Shoyu Soya Sauce,4.59,Clearspring,,20.65,,0,5021554989684,6,150,ml,0,1,5021554989691
480510,,6x150ml,organic,Shoyu Soya Sauce,2.99,Clearspring,,13.45,,0,5021554002185,6,150,ml,0,1,5021554980650
480512,,2.5l,organic,Shoyu Soya Sauce,,Clearspring,,20.2,,0,5021554980100,,2.5,l,0,1,
480513,,6x1l,organic,Japanese Yaemon Tamari - double strength,18.99,Clearspring,,85.45,,0,5021554986720,6,1,l,0,1,5021554986737
480514,,20l,organic,Japanese Yaemon Tamari - double strength,,Clearspring,,252.25,,0,,,20,l,0,1,
480515,,6x500ml,organic,Japanese Yaemon Tamari - double strength,10.5,Clearspring,,47.25,,0,5021554002222,6,500,ml,0,1,5021554980629
480520,,6x150ml,organic,Japanese Yaemon Tamari - double strength,3.99,Clearspring,,17.95,,0,5021554002215,6,150,ml,0,1,5021554980636
480521,,6x250ml,organic,Japanese Yaemon Tamari - double strength,5.99,Clearspring,,26.95,,0,5021554004622,6,250,ml,0,1,5021554004639
480522,,2.5l,organic,Japanese Tamari - double strength,,Clearspring,,33.75,,0,,,2.5,l,0,1,5021554980124
480523,,6x250ml,organic,Japanese Tamari - single strength,3.99,Clearspring,,17.95,,0,5021554002307,6,250,ml,0,1,5021554002284
480524,,6x150ml,organic,Japanese Tamari - single strength,2.99,Clearspring,,13.45,,0,5021554002321,6,150,ml,0,1,5021554002314
480525,,6x250g,organic,Sweet White Miso - pouch,4.99,Clearspring,,22.45,,0,5021554000747,6,250,g,0,1,5021554987932
480526,,2.5l,organic,Japanese Tamari - single strength,,Clearspring,,23.95,,0,5021554002895,,2.5,l,0,1,5021554002895
480531,,8x4x10g,organic,Hearty Red Miso Soup - instant,4.29,Clearspring,,25.7,,0,5021554005797,8,4x10,g,0,1,5021554005803
480533,,8x4x15g,organic,Instant Miso Soup Paste - Ginger & Turmeric,3.29,Clearspring,,19.7,,0,5021554001232,8,4x15,g,0,1,5021554001225
480534,,8x4x15g,organic,Instant Miso Soup Paste - Hot & Spicy,3.29,Clearspring,,19.7,,0,5021554001195,8,4x15,g,0,1,5021554001188
480535,,8x4x15g,organic,Instant Miso Soup Paste - Creamy Sesame,3.29,Clearspring,,19.7,,0,5021554001218,8,4x15,g,0,1,5021554001201
480537,,8x4x10g,organic,Instant Miso Soup with Sea Vegetables,3.99,Clearspring,,23.95,,0,5021554985747,8,4x10,g,0,1,5021554985754
480538,,8x4x15g,organic,Instant Miso Soup Paste with Sea Vegetables,3.29,Clearspring,,19.7,,0,5021554986805,8,4x15,g,0,1,5021554986812
480539,,8x4x28g,organic,Umami Instant Stock,3.99,Clearspring,,23.9,,0,5021554987260,8,4x28,g,0,1,5021554987277
480540,,1x1kg,organic,1kg Barley Miso - unpasteurised - tub,20.92,Clearspring,,15.7,,0,5021554000693,1,1,kg,0,1,
480545,,8x4x15g,organic,White Instant Miso Soup Paste + sea veg,3.29,Clearspring,,19.7,,0,5021554988175,8,4x15,g,0,1,5021554988182
480553,,8x4x8g,organic,Mellow White Miso Soup - instant,4.29,Clearspring,,25.7,,0,5021554005759,8,4x8,g,0,1,5021554005766
480562,,6x150ml,organic,Soya Sauce,3.29,Clearspring,,14.8,,0,5021554984061,6,150,ml,0,1,5021554984078
480565,,6x150ml,organic,Sushi Soy Sauce,3.79,Clearspring,,17.05,,0,5021554984474,6,150,ml,0,1,5021554984481
480567,,6x150ml,organic,Sushi Rice Seasoning,5.98,Clearspring,,26.9,,0,5021554984498,6,150,ml,0,1,5021554984504
480570,,6x150ml,organic,Teriyaki,4.49,Clearspring,,20.2,,0,5021554984375,6,150,ml,0,1,5021554984382
480572,,6x150ml,organic,Teriyaki - gluten-free,5.19,Clearspring,,23.35,,0,5021554001898,6,150,ml,0,1,5021554001881
480590,,12x300g,organic,Long Life Silken Tofu - ambient,1.83,Clearspring,r,16.5,,0,5021554987710,12,300,g,0,1,5021554987727
480591,,12x200g,organic,Long Life Silken Tofu - ambient,1.51,Clearspring,r,13.6,,0,5021554005810,12,200,g,0,1,5021554005827
480770,,10x60g,organic,Instant Edamame Miso Soup,3.29,King Soba,,24.65,,0,619286801005,10,60,g,0,1,619286811004
480950,,6x250ml,,Liquid Aminos,4.24,Marigold,,19.1,,0,5016084291116,6,250,ml,0,1,5016080506832
481530,,5l,,Tamari - poly,,Sanchi,,32,,0,5012246113951,,5,l,0,1,
481565,,6x200g,organic,Barley Mugi Miso,3.59,Sanchi,,16.15,,0,5012246028620,6,200,g,0,1,5012246286242
490305,,8x250g,organic,Asia Noodles - wheat,2.69,Biona,,16.15,,0,5032722313262,8,250,g,0,1,5032722656468
490310,,8x250g,organic,Spelt Noodles,3.19,Biona,,19.15,,0,5032722313934,8,250,g,0,1,5032722656475
490503,,10kg,organic,100% Brown Rice Noodles GF,,Clearspring,,114.1,,0,,,10,kg,0,1,
490504,,10x200g,organic,Black Rice Noodles GF,3.99,Clearspring,,29.9,,0,5021554005452,10,200,g,0,1,5021554005469
490505,,8x180g,organic,Brown Rice Vermicelli Noodles GF,3.98,Clearspring,,23.9,,0,5021554005438,8,180,g,0,1,5021554005445
490506,,12x200g,organic,Brown Rice Udon Noodles,2.39,Clearspring,r,21.5,,0,5021554004899,12,200,g,0,1,5021554004905
490507,,12x200g,organic,Udon Noodles,2.39,Clearspring,r,21.5,,0,5021554004912,12,200,g,0,1,5021554004929
490508,,12x200g,organic,Skinny Soba Somen Noodles,2.39,Clearspring,r,21.5,,0,5021554004974,12,200,g,0,1,5021554004981
490509,,12x200g,organic,Wide Udon Noodles,2.39,Clearspring,r,21.5,,0,5021554004936,12,200,g,0,1,5021554004943
490510,,12x200g,organic,Soba Noodles,2.39,Clearspring,r,21.5,,0,5021554004950,12,200,g,0,1,5021554004967
490511,,6x200g,organic,100% Buckwheat Soba Noodles,4.49,Clearspring,,20.2,,0,5021554987949,6,200,g,0,1,5021554987956
490512,,10x200g,organic,100% Brown Rice Noodles GF,3.99,Clearspring,,29.9,,0,5021554989431,10,200,g,0,1,5021554989448
490513,,5x200g,organic,100% Wide Brown Rice Noodles GF,3.99,Clearspring,,14.95,,0,5021554989455,5,200,g,0,1,5021554989462
490530,,5x210g,organic,Miso Ramen with miso ginger soup,5.39,Clearspring,,20.2,,0,5021554001300,5,210,g,0,1,5021554001294
490535,,5x210g,organic,Shoyu Ramen with soya sauce soup,5.39,Clearspring,,20.2,,0,5021554001287,5,210,g,0,1,5021554001263
490640,,12x250g,organic,100% Buckwheat Noodles,2.79,King Soba,,25.1,,0,619286608000,12,250,g,0,1,619286618009
490645,,12x250g,organic,Millet & Rice Noodles,2.79,King Soba,,25.1,,0,619286605009,12,250,g,0,1,619286615008
490655,,12x250g,organic,100% Brown Rice Noodles,2.79,King Soba,,25.1,,0,619286603005,12,250,g,0,1,619286613004
490660,,12x250g,organic,Thai Rice Noodles,2.79,King Soba,,25.1,,0,619286606006,12,250,g,0,1,619286616005
490680,,12x250g,organic,Black Rice Noodles,2.97,King Soba,,26.7,,0,619286609038,12,250,g,0,1,619286619037
490685,,12x250g,organic,Brown Rice Wakame Noodles,2.79,King Soba,,25.1,,0,619286609021,12,250,g,0,1,619286619020
490690,,12x250g,organic,Pumpkin/Ginger Brown Rice Noodles,2.79,King Soba,,25.1,,0,619286609007,12,250,g,0,1,619286619006
490695,,12x250g,organic,Sweet Potato Buckwheat Noodles,2.79,King Soba,,25.1,,0,619286609014,12,250,g,0,1,619286619013
490723,,12x250g,organic,Pad Thai Noodles,2.79,King Soba,,25.1,,0,619286901002,12,250,g,0,1,619286911001
490725,,12x250g,organic,Pho Noodles,2.89,King Soba,,26.05,,0,619286609342,12,250,g,0,1,619286619341
490732,,12x250g,organic,Vermicelli Noodles,2.79,King Soba,,25.1,,0,619286901019,12,250,g,0,1,619286911018
490740,,6x280g,organic,Black Rice Ramen Noodles,3.94,King Soba,,17.75,,0,619286609137,6,280,g,0,1,619286619136
490742,,6x280g,organic,Brown Rice Ramen Noodles,3.48,King Soba,,15.65,,0,619286609069,6,280,g,0,1,619286619068
490745,,6x280g,organic,Buckwheat Ramen Noodles,3.48,King Soba,,15.65,,0,619286609075,6,280,g,0,1,619286619075
490758,,6x190g,organic,Brown Rice Ramen Noodle Kit - Shiro Miso & Sea Garden Salad,3.49,King Soba,,15.7,,0,619286814005,6,190,g,0,1,619286181404
490774,,6x85g,organic,Chilli Miso Ramen Noodle Cup,2.2,King Soba,,9.9,,0,619286836007,6,85,g,0,1,619286183606
490776,,6x85g,organic,Ginger Miso Ramen Noodle Cup- with tofu,2.2,King Soba,,9.9,,0,619286835000,6,85,g,0,1,619286183507
490778,,6x85g,organic,Classic Miso Ramen Noodle Cup,2.2,King Soba,,9.9,,0,619286834003,6,85,g,0,1,619286183408
490905,,6x250g,organic,Egg Noodles,2.63,Yakso,,11.8,,0,8718754500470,6,250,g,0,1,8718754500487
500506,,6x90g,organic,Kukicha Roasted Twig Tea - loose,4.39,Clearspring,,19.75,,0,5021554000891,6,90,g,0,1,5021554000877
500516,,4x20bags,organic,Kukicha Roasted Twig Tea Bags - boxed,3.49,Clearspring,,10.45,,0,5021554001676,4,20,bags,0,1,5021554001669
500521,,4x20bags,organic,Sencha Green Tea Bags - boxed,3.49,Clearspring,,10.45,,0,5021554001744,4,20,bags,0,1,5021554001737
500524,,10x40g,organic,Hojicha Powder – ground roasted green tea,7.19,Clearspring,r,53.9,,0,5021554006084,10,40,g,0,1,5021554006091
500526,,4x20bags,organic,Hojicha Roasted Green Tea Bags - boxed,3.49,Clearspring,,10.45,,0,5021554001690,4,20,bags,0,1,5021554001683
500528,,6x70g,organic,"Japanese Hojicha, Roasted Green Tea - loose",5.29,Clearspring,,23.8,,0,,6,70,g,0,1,5021554000907
500536,,6x90g,organic,Sencha Traditional Green Tea - loose,7.49,Clearspring,,33.7,,0,5021554000952,6,90,g,0,1,5021554000938
500541,,4x20bags,organic,Genmaicha Green Tea bags with Roasted Brown Rice,3.49,Clearspring,,10.45,,0,5021554001652,4,20,bags,0,1,5021554001645
500543,,6x90g,organic,Genmaicha Roasted Rice Tea - loose,6.99,Clearspring,,31.45,,0,5021554000860,6,90,g,0,1,5021554003977
500546,,6x8x1g,organic,Matcha Shot - Premium grade Green Tea Powder,5.01,Clearspring,r,22.5,,0,5021554003236,6,8x1,g,0,1,5021554003229
500547,,4x30g,organic,Caddy Powder Matcha Green Tea - Ceremonial grade,13.59,Clearspring,r,40.75,,0,5021554988496,4,30,g,0,1,5021554988502
500548,,10x40g,organic,Sachet Powder Matcha Green Tea - Premium grade,8.79,Clearspring,r,65.9,,0,5021554988519,10,40,g,0,1,5021554988526
500549,,6x100g,organic,Sachet Powder Matcha Green Tea - Premium grade,19.19,Clearspring,r,86.35,,0,5021554004790,6,100,g,0,1,5021554004806
500551,,4x20bags,organic,Matcha Sencha Green Tea Bags,3.99,Clearspring,,11.95,,0,5021554001614,4,20,bags,0,1,5021554001607
500554,,4x20bags,organic,Matcha Genmaicha Green Tea Bags,3.99,Clearspring,,11.95,,0,5021554001591,4,20,bags,0,1,5021554001584
500556,,4x20bags,organic,Matcha Ginger Green Tea Bags,3.99,Clearspring,,11.95,,0,5021554001553,4,20,bags,0,1,5021554001546
500557,,4x20bags,organic,Oolong Semi-Fermented Blue Tea Bags,3.99,Clearspring,,11.95,,0,5021554001638,4,20,bags,0,1,5021554001621
500558,,4x20bags,organic,Matcha Three Mint Green Tea Bags,3.99,Clearspring,,11.95,,0,5021554001577,4,20,bags,0,1,5021554001560
500560,,4x20bags,organic,Matcha Turmeric Green Tea Bags,3.99,Clearspring,,11.95,,0,5021554001522,4,20,bags,0,1,5021554001515
500562,,10x40g,organic,Sachet Powder Kuwa Matcha - Mulberry Leaf Tea,7.19,Clearspring,r,53.9,,0,5021554004875,10,40,g,0,1,5021554004882
500563,,6x85g,organic,Matcha Sencha Green Tea loose - pouch,10.99,Clearspring,,49.45,,0,5021554005926,6,85,g,0,1,
500577,,6x100g,organic,Instant Decaf Coffee - Latin American,9.06,Clipper,,40.75,,0,5021991939426,6,100,g,0,1,5021991969218
500605,,6x20bags,,Bengal Spice Tea Bags,4,Celestial Seasonings,,18,,0,70734053283,6,20,bags,0,1,10070734512176
500606,,6x20bags,,Cinnamon and Apple Spice Tea Bags,4,Celestial Seasonings,,18,,0,70734529399,6,20,bags,0,1,10070734529396
500607,,6x20bags,,Lemon Zinger Tea Bags,3.7,Celestial Seasonings,,16.65,,0,70734053177,6,20,bags,0,1,10070734500623
500610,,6x20bags,,Mandarin Orange Spice,3.7,Celestial Seasonings,,16.65,,0,70734000317,6,20,bags,0,1,10070734500654
500612,,6x20bags,,Sleepytime Extra Wellness Tea Bags,4,Celestial Seasonings,,18,,0,70734518294,6,20,bags,0,1,10070734518291
500615,,6x20bags,,Sleepytime Tea Bags,3.7,Celestial Seasonings,,16.65,,0,70734000034,6,20,bags,0,1,10070734500609
510405,,8x50g,organic,Wasabi-style horseradish paste - tubes,3.89,Biona,,23.3,,0,5032722311206,8,50,g,0,1,5032722647503
510424,,6x250ml,organic,Shoyu Soya Sauce - glass bottle,4.59,Biona,,20.65,,0,5032722316256,6,250,ml,0,1,5032722653658
510428,,6x145ml,organic,Tamari Soya Sauce - glass bottle,3.29,Biona,,14.8,,0,5032722316218,6,145,ml,0,1,5032722653610
510430,,6x250ml,organic,Tamari Soya Sauce - glass bottle,4.79,Biona,,21.55,,0,5032722316263,6,250,ml,0,1,5032722653665
510450,,6x380g,organic,Brown Rice Amazake,4.69,Clearspring,,21.1,,0,5021554000372,6,380,g,0,1,5021554981022
510452,,6x370g,organic,Millet Amazake,4.69,Clearspring,,21.1,,0,5021554002048,6,370,g,0,1,5021554980711
510455,,6x360g,organic,Oat Amazake,4.69,Clearspring,,21.1,,0,5021554986584,6,360,g,0,1,5021554986591
510510,,6x150g,organic,Chilli Umami Paste,4.69,Clearspring,,21.1,,0,5021554003755,6,150,g,0,1,5021554003748
510515,,6x150g,organic,Ginger Umami Paste,4.69,Clearspring,,21.1,,0,5021554003779,6,150,g,0,1,5021554003762
510518,,6x200g,organic,Umeboshi Plums,10,Clearspring,,44.95,,0,5021554980032,6,200,g,0,1,5021554980575
510521,,1kg,organic,Umeboshi Plums,,Clearspring,,34.5,,0,5021554985280,,1,kg,0,1,
510522,,6x150g,organic,Organic Umeboshi Paste,7.4,Clearspring,,33.25,,0,5021554989707,6,150,g,0,1,5021554989714
510525,,6x150ml,organic,Brown Rice Vinegar,2.69,Clearspring,,12.1,,0,5021554001164,6,150,ml,0,1,5021554980803
510526,,6x250ml,organic,Rice Vinegar,3.69,Clearspring,,16.6,,0,5021554002253,6,250,ml,0,1,5021554002246
510527,,6x150ml,organic,Rice Mirin - organic,4.49,Clearspring,,20.2,,0,5021554005476,6,150,ml,0,1,5021554005483
510528,,6x250ml,organic,Rice Mirin - organic,6.99,Clearspring,,31.45,,0,5021554002239,6,250,ml,0,1,5021554002208
510529,,6x150ml,organic,Ume Su Plum Seasoning  - organic,2.99,Clearspring,,13.45,,0,5021554004097,6,150,ml,0,1,5021554004103
510530,,6x500ml,organic,Brown Rice Vinegar,5.99,Clearspring,,26.95,,0,5021554001171,6,500,ml,0,1,5021554980797
510531,,6x250g,organic,Brown Rice Mochi - gluten-free,6.29,Clearspring,,28.3,,0,5021554989332,6,250,g,0,1,5021554989349
510532,,6x250g,organic,Brown Rice Black Soya Bean Mochi - GF,6.69,Clearspring,,30.1,,0,5021554989356,6,250,g,0,1,5021554989363
510536,,6x150ml,organic,Mikawa Mirin - sweet rice,4.99,Clearspring,,22.45,,0,5021554984108,6,150,ml,0,1,5021554984115
510544,,6x150ml,organic,Yuzu Ponzu,5.69,Clearspring,,25.6,,0,5021554001324,6,150,ml,0,1,5021554001317
510547,,10x50g,organic,Organic Sushi Ginger,3.69,Clearspring,,27.65,,0,5021554989509,10,50,g,0,1,5021554989516
510548,,6x250ml,organic,Ume Su Plum Seasoning  - organic,4.29,Clearspring,,19.3,,0,5021554004134,6,250,ml,0,1,5021554004141
510558,,6x40g,organic,Shiitake Mushrooms,7.99,Clearspring,,35.95,,0,5021554987918,6,40,g,0,1,5021554987925
510560,,6x125g,organic,Kuzu Mountain Starch,7.99,Clearspring,,35.95,,0,5021554985655,6,125,g,0,1,5021554985662
510562,,6x100g,,Pickled Daikon Radish,4.99,Clearspring,,22.45,,0,5021554986195,6,100,g,0,1,5021554986201
510565,,6x30g,organic,Organic Dried Daikon Radish,2.99,Clearspring,,13.45,,0,5021554000976,6,30,g,0,1,5021554000969
510575,,6x25g,,Wasabi Powder - non-organic,3.99,Clearspring,,17.95,,0,5021554988083,6,25,g,0,1,5021554988076
531006,,8x30g,organic,Atlantic Agar Flakes,5.98,Clearspring,,35.9,,0,5021554001768,8,30,g,0,1,5021554001751
531009,,8x30g,,Japanese Arame,5.98,Clearspring,,35.9,,0,5021554001508,8,30,g,0,1,5021554001492
531012,,10x20g,,Green Nori Flakes,1.99,Clearspring,,14.95,,0,5021554970019,10,20,g,0,1,5021554980810
531016,,8x25g,organic,Atlantic Dulse,4.68,Clearspring,,28.1,,0,5021554001805,8,25,g,0,1,5021554001799
531018,,6x25g,,Japanese Sea Vegetable Salad,4.99,Clearspring,,22.45,,0,5021554984641,6,25,g,0,1,5021554986027
531019,,5x30g,,Japanese Wakame,5.69,Clearspring,,21.3,,0,5021554001119,5,30,g,0,1,5021554001096
531020,,8x17g,,Sushi Nori - Toasted - 7 sheets,3.38,Clearspring,,20.3,,0,5021554001072,8,17,g,0,1,5021554987628
531021,,6x25g,,Nori - 10 sheets,3.99,Clearspring,,17.95,,0,5021554001065,6,25,g,0,1,5021554980834
531029,,8x25g,organic,Atlantic Sea Salad,3.98,Clearspring,,23.9,,0,5021554001782,8,25,g,0,1,5021554001775
531031,,8x25g,organic,Atlantic Wakame,4.18,Clearspring,,25.1,,0,5021554001843,8,25,g,0,1,5021554001836
531036,,5x40g,,Japanese Hokkaido Kombu,5.49,Clearspring,,20.6,,0,5021554001157,5,40,g,0,1,5021554001140
531041,,20x4g,organic,Ginger Seaveg Crispies - toasted nori snack,1.03,Clearspring,r,15.5,,0,5021554005353,20,4,g,0,1,5021554005360
531043,,6x5x4g,organic,Multipack Ginger Seaveg Crispies,3.99,Clearspring,r,17.95,,0,5021554005377,6,5x4,g,0,1,5021554005384
531045,,20x4g,organic,Turmeric Seaveg Crispies - toasted nori snack,1.03,Clearspring,r,15.5,,0,5021554005391,20,4,g,0,1,5021554005407
531047,,6x5x4g,organic,Multipack Turmeric Seaveg Crispies,3.99,Clearspring,r,17.95,,0,5021554005414,6,5x4,g,0,1,5021554005421
531050,,20x4g,organic,Original Seaveg Crispies - toasted nori snack,1.03,Clearspring,r,15.5,,0,5021554005278,20,4,g,0,1,5021554005285
531052,,6x5x4g,organic,Multipack Original Seaveg Crispies,3.99,Clearspring,r,17.95,,0,5021554005292,6,5x4,g,0,1,5021554005308
531059,,20x4g,organic,Chilli Seaveg Crispies - toasted nori snack,1.03,Clearspring,r,15.5,,0,5021554005315,20,4,g,0,1,5021554005322
531061,,6x5x4g,organic,Multipack Chilli Seaveg Crispies,3.99,Clearspring,r,17.95,,0,5021554005339,6,5x4,g,0,1,5021554005346
531065,,5x20g,organic,Dulse,5.59,Cornish Seaweed,,20.9,,0,700254742434,5,20,g,0,1,701722601826
531071,,5x20g,organic,Irish Moss,5.57,Cornish Seaweed,,20.9,,0,700254742380,5,20,g,0,1,701722601888
531077,,5x15g,organic,Sea Greens,5.59,Cornish Seaweed,,20.9,,0,701722601710,5,15,g,0,1,701722601857
531078,,5x40g,organic,Dulse Flakes,7.09,Cornish Seaweed,,26.6,,0,701722601727,5,40,g,0,1,701722601789
531079,,5x60g,organic,Kelp Flakes,6.51,Cornish Seaweed,,24.4,,0,701722601772,5,60,g,0,1,701722601796
531080,,5x30g,organic,Sea Salad Flakes,6.8,Cornish Seaweed,,25.5,,0,700254742403,5,30,g,0,1,701722601802
531082,,5x60g,organic,Mixed Seaweed Flakes,6.51,Cornish Seaweed,,24.4,,0,701722601765,5,60,g,0,1,701722601819
531085,,5x40g,organic,Sea Spaghetti,5.57,Cornish Seaweed,,20.9,,0,700254742410,5,40,g,0,1,701722601840
531090,,8x70g,organic,Cornish Seaweed Salt,3.72,Cornish Seaweed,,22.3,,0,700254742427,8,70,g,0,1,701722601864
531096,,6x20g,organic,Dulse Flakes - shaker,4.95,Cornish Seaweed,,20.9,,0,742186748337,6,20,g,0,1,742186748344
531098,,6x40g,organic,Kelp Flakes - shaker,4.95,Cornish Seaweed,,20.9,,0,742186748320,6,40,g,0,1,742186748320
531100,,6x40g,organic,Mixed Seaweed Flakes - shaker,4.95,Cornish Seaweed,,20.9,,0,742186748375,6,40,g,0,1,742186748382
531104,,6x10g,organic,Seagreens Flakes - shaker,4.95,Cornish Seaweed,,20.9,,0,742186748351,6,10,g,0,1,742186748368
531108,,6x12g,organic,Sea Salad Flakes - shaker,4.95,Cornish Seaweed,,20.9,,0,742186748306,6,12,g,0,1,742186748306
531560,,1x60pack,demeter,Seaweed Food Capsules (single),21.36,Seagreens,,13.35,V,2.67,5036983000015,1,60,pack,2,1,
544008,,4x40bags,organic,Rooibos,3.15,Dragonfly Tea,,9.45,,0,5032558000428,4,40,bags,0,1,5032558001265
544110,,4x40bags,organic,Rooibos - Earl Grey,3.15,Dragonfly Tea,,9.45,,0,5032558000411,4,40,bags,0,1,5032558001258
544112,,4x40bags,organic,Rooibos - Vanilla,3.15,Dragonfly Tea,,9.45,,0,5032558000404,4,40,bags,0,1,5032558001241
544130,,6x20bags,organic,Chamomile Tea Bags,2.87,English Tea Shop,,12.9,,0,680275029250,6,20,bags,0,1,10680275029257
544132,,6x20bags,organic,Lemongrass Citrus & Ginger Tea Bags,2.87,English Tea Shop,,12.9,,0,680275029137,6,20,bags,0,1,10680275029134
544134,,6x20bags,organic,Perfect Peppermint - FT - Tea Bags,2.87,English Tea Shop,,12.9,,0,680275029243,6,20,bags,0,1,10680275029240
544136,,6x20bags,organic,Rooibos - FT - Tea Bags,2.88,English Tea Shop,,12.95,,0,680275029106,6,20,bags,0,1,10680275029103
560362,,4x20bags,organic,Ginger & Turmeric,3.18,Clipper,,9.55,,0,5021991943317,4,20,bags,0,1,5021991974113
560364,,4x20bags,organic,Cleanse With Benefits - citrus nettle fennel,3.18,Clipper,,9.55,,0,5021991943324,4,20,bags,0,1,5021991974120
560371,,4x20bags,organic,Sleep Time - chamomile & lemonbalm etc,3.18,Clipper,,9.55,,0,5021991941757,4,20,bags,0,1,5021991974144
560385,,6x20bags,organic,Sleep Easy Infusion,1.99,Clipper,r,8.95,,0,5021991888175,6,20,bags,0,1,5021991988172
560400,,4x20bags,organic,Lemon and Ginger Infusion,3.18,Clipper,,9.55,,0,5021991941719,4,20,bags,0,1,5021991971709
560401,,4x20bags,organic,Liquorice & Mint Infusion,3.18,Clipper,,9.55,,0,5021991942204,4,20,bags,0,1,5021991972270
560405,,6x20bags,organic,Chamomile Infusion,1.99,Clipper,r,8.95,,0,5021991200021,6,20,bags,0,1,5021991500275
560407,,6x20bags,organic,Peppermint Infusion,1.99,Clipper,r,8.95,,0,5021991200014,6,20,bags,0,1,5021991500282
560408,,6x20bags,organic,Blackcurrant & Blueberry Infusion,1.99,Clipper,r,8.95,,0,5021991945410,6,20,bags,0,1,5021991976223
560410,,6x20bags,organic,Dandelion Infusion,1.99,Clipper,r,8.95,,0,5021991200052,6,20,bags,0,1,5021991500497
560411,,6x20bags,organic,Fennel Infusion,1.99,Clipper,r,8.95,,0,5021991200113,6,20,bags,0,1,5021991664519
560413,,6x20bags,organic,Nettle Infusion,1.99,Clipper,r,8.95,,0,5021991200106,6,20,bags,0,1,5021991400117
560417,,6x20bags,organic,Lemon & Ginger Infusion,1.99,Clipper,r,8.95,,0,5021991200083,6,20,bags,0,1,5021991500626
560418,,6x20bags,organic,Liquorice Infusion,1.99,Clipper,r,8.95,,0,5021991200137,6,20,bags,0,1,5021991575648
560421,,4x20bags,organic,Blackcurrant & Blueberry Infusion,3.18,Clipper,,9.55,,0,5021991945168,4,20,bags,0,1,5021991975974
560422,,4x20bags,organic,Chamomile & Peach Infusion,3.18,Clipper,,9.55,,0,5021991944512,4,20,bags,0,1,5021991975325
560426,,4x20bags,organic,Orange & Turmeric Infusion,3.18,Clipper,,9.55,,0,5021991941566,4,20,bags,0,1,5021991975837
560428,,4x20bags,organic,Peppermint & Spearmint Infusion,3.18,Clipper,,9.55,,0,5021991945151,4,20,bags,0,1,5021991975967
560430,,4x80bags,organic,Redbush Tea Bags,5.22,Clipper,,15.65,,0,5021991280016,4,80,bags,0,1,5021991977565
560431,,4x20bags,organic,Chamomile Lemon & Honey Infusion,3.18,Clipper,,9.55,,0,5021991946332,4,20,bags,0,1,5021991977145
560505,,6x20bags,organic,Chamomile Tea Bags,3.01,Hambleden,,13.55,,0,5023552000019,6,20,bags,0,1,150235520000160
560510,,6x20bags,organic,Elderflower Tea Bags,4.03,Hambleden,,18.1,,0,5023552000026,6,20,bags,0,1,150235520000238
560520,,6x20bags,organic,Hibiscus Tea Bags,3.01,Hambleden,,13.55,,0,5023552000040,6,20,bags,0,1,150235520000474
560530,,6x20bags,organic,Lemon Verbena Tea Bags,3.01,Hambleden,,13.55,,0,5023552000064,6,20,bags,0,1,150235520000610
560535,,6x20bags,organic,Limeflower Tea Bags,4.03,Hambleden,,18.1,,0,5023552000071,6,20,bags,0,1,15023552000078
560538,,6x20bags,organic,Nettle Tea Bags,3.01,Hambleden,,13.55,,0,5023552000118,6,20,bags,0,1,150235520001150
560540,,6x20bags,organic,Peppermint Tea Bags,3.01,Hambleden,,13.55,,0,5023552000088,6,20,bags,0,1,150235520000856
560545,,6x20bags,organic,Rosehip Tea Bags,4.02,Hambleden,,18.1,,0,5023552000002,6,20,bags,0,1,150235520000092
560548,,6x20bags,organic,Turmeric Chai Tea Bags,4.05,Hambleden,,18.1,,0,5023552002303,6,20,bags,0,1,150235520023008
560551,,4x20bags,organic,Golden Balance Turmeric Bags,3.02,Dragonfly Tea,,9.05,,0,5032558000251,4,20,bags,0,1,5032558001562
560554,,4x20bags,organic,Mint Garden Digestif Bags,3.02,Dragonfly Tea,,9.05,,0,5032558000268,4,20,bags,0,1,5032558001531
560555,,4x20bags,organic,Cape Malay Rooibos Chai Bags,3.02,Dragonfly Tea,,9.05,,0,5032558000022,4,20,bags,0,1,5032558000152
560556,,4x20bags,organic,Happy Times Tulsi Bags,3.02,Dragonfly Tea,,9.05,,0,5032558000305,4,20,bags,0,1,5032558001579
560561,,4x20bags,organic,Lively Lemon & Ginger Bags,3.02,Dragonfly Tea,,9.05,,0,5032558000770,4,20,bags,0,1,5032558001364
560563,,4x20bags,organic,Sleepy Mint & Honeybush Bags,3.02,Dragonfly Tea,,9.05,,0,5032558000749,4,20,bags,0,1,5032558001272
560564,,4x20bags,organic,Sweet Rosehip & Raspberry Bags,3.02,Dragonfly Tea,,9.05,,0,5032558000756,4,20,bags,0,1,5032558001289
560565,,4x20bags,organic,Mountain Honeybush Tea Bags,3.02,Dragonfly Tea,,9.05,,0,5032558000206,4,20,bags,0,1,5032558000237
560566,,4x20bags,organic,Three Mint Medley Bags,3.02,Dragonfly Tea,,9.05,,0,5032558000763,4,20,bags,0,1,5032558001296
560567,,4x20bags,organic,Night Sky Calm Bags,3.02,Dragonfly Tea,,9.05,,0,5032558000244,4,20,bags,0,1,5032558001517
560568,,4x20bags,organic,Cape Rooibos & Honeybush Bags,3.02,Dragonfly Tea,,9.05,,0,5032558000282,4,20,bags,0,1,5032558001555
560705,,6x40g,organic,Chamomile - loose,4.03,Hambleden,,18.1,,0,5023552000507,6,40,g,0,1,150235520002003
560710,,6x50g,organic,Hibiscus - loose,4.03,Hambleden,,18.1,,0,5023552002174,6,50,g,0,1,15023552002171
560720,,6x20g,organic,Lemon Verbena - loose,4.03,Hambleden,,18.1,,0,502355200054,6,20,g,0,1,15023552000214
560730,,6x45g,organic,Peppermint - loose,4.03,Hambleden,,18.1,,0,5023552000569,6,45,g,0,1,15023552000221
560735,,6x45g,organic,Raspberry Leaf - loose,4.03,Hambleden,,18.1,,0,5023552000576,6,45,g,0,1,15023552000228
560738,,6x55g,organic,Earl Grey Tea - loose,4.04,Hambleden,,18.1,,0,5023552002341,6,55,g,0,1,15023552002348
560740,,6x70g,organic,Everyday Tea - loose,4.04,Hambleden,,18.1,,0,5023552002358,6,70,g,0,1,15023552002355
560745,,6x65g,organic,Green Tea - loose,4.04,Hambleden,,18.1,,0,5023552000613,6,65,g,0,1,15023552000207
560760,,6x20bags,organic,Chai Black Tea Bags,2.87,English Tea Shop,,12.9,,0,6802750291202,6,20,bags,0,1,10680275029127
560764,,6x20bags,organic,English Breakfast Tea Bags - FT,2.87,English Tea Shop,,12.9,,0,680275029090,6,20,bags,0,1,10680275029097
560766,,6x20bags,organic,Earl Grey Tea Bags - FT,2.87,English Tea Shop,,12.9,,0,680275029144,6,20,bags,0,1,10680275029141
560770,,6x20bags,organic,Pure Green Tea Bags,2.87,English Tea Shop,,12.9,,0,680275029151,6,20,bags,0,1,10680275029158
560771,,6x304g,organic,Advent Calendar Tea Book - white,11.96,English Tea Shop,,53.8,,0,680275064176,6,304,g,0,1,10680275066832
560772,,6x304g,organic,Advent Calendar Triangular - green,13.16,English Tea Shop,,59.2,,0,,6,304,g,0,1,10680275064593
560773,,6x74g,organic,Luxury Tea Collection - White Tin - 36 bags,11.52,English Tea Shop,,51.85,,0,680275060826,6,74,g,0,1,10680275060823
560774,,6x200g,organic,Sachets Advent Calendar - green,6.81,English Tea Shop,,30.65,,0,680275064206,6,200,g,0,1,10680275066122
560808,,4x20bags,organic,Camomile Mellow,3.19,Hampstead,r,9.55,,0,813427001143,4,20,bags,0,1,10813427001652
560809,,4x20bags,demeter,Herbal Harmonies Selection Pack,3.19,Hampstead,r,9.55,,0,813427001112,4,20,bags,0,1,10813427001621
560810,,4x20bags,demeter,Digest Well - was Fennel & Peppermint,3.19,Hampstead,r,9.55,,0,813427000443,4,20,bags,0,1,10813427001188
560811,,4x20bags,demeter,Christmas Tea,3.19,Hampstead,r,9.55,,0,813427002225,4,20,bags,0,1,10813427002222
560812,,4x20bags,organic,Cleanse Well Tea,3.19,Hampstead,r,9.55,,0,813427002256,4,20,bags,0,1,10813427002253
560815,,4x20bags,demeter,Lemon Ginger,3.19,Hampstead,r,9.55,,0,813427000436,4,20,bags,0,1,10813427001195
560820,,4x20bags,demeter,Peppermint & Spearmint,3.19,Hampstead,r,9.55,,0,813427000399,4,20,bags,0,1,10813427001218
560822,,4x20bags,organic,Relax Well Tea,3.19,Hampstead,r,9.55,,0,813427002232,4,20,bags,0,1,10813427002239
560823,,4x20bags,demeter,Meditate Lavender & Valerian,3.19,Hampstead,r,9.55,,0,813427001129,4,20,bags,0,1,10813427001645
560824,,4x20bags,organic,Rooibos,3.19,Hampstead,r,9.55,,0,813427002126,4,20,bags,0,1,10813427002123
560825,,4x20bags,organic,Rosehip Hibiscus,3.19,Hampstead,r,9.55,,0,813427000429,4,20,bags,0,1,10813427001225
560826,,4x20bags,organic,Sleep Well,3.19,Hampstead,r,9.55,,0,813427002133,4,20,bags,0,1,10813427002130
560827,,4x20bags,organic,She's Well Tea,3.19,Hampstead,r,9.55,,0,813427002249,4,20,bags,0,1,10813427002246
560828,,4x20bags,organic,Turmeric & Cinnamon,3.19,Hampstead,r,9.55,,0,813427002119,4,20,bags,0,1,10813427002116
560851,,1x500g,organic,Chamomile Flower - EU & NOP,15.71,Organic Herb Trading,,11.75,,0,,1,500,g,0,1,
560852,,1x500g,organic,Elderberry Rosehip & Hibiscus,16.87,Organic Herb Trading,,12.65,,0,,1,500,g,0,1,
560856,,1x500g,organic,Hibiscus Flower Pieces - teabag cut,16.2,Organic Herb Trading,,12.15,,0,,1,500,g,0,1,
560857,,1x500g,organic,Rooibos Leaf,24.42,Organic Herb Trading,,18.3,,0,,1,500,g,0,1,
561482,,4x20bags,organic,"Gut Health - ginger, peppermint & kombucha",3.93,Pukka,r,11.8,,0,5063270132142,4,20,bags,0,1,5063270132135
561484,,4x20bags,organic,"Unwind - lion’s mane, ashwagandha & blueberry",3.93,Pukka,r,11.8,,0,5063270132265,4,20,bags,0,1,5063270132258
561490,,4x20bags,organic,"Chamomile, Vanilla & Manuka Honey",3.97,Pukka,r,11.9,,0,5060229012241,4,20,bags,0,1,5060229012258
561493,,8x8bags,organic,Digest Collection - taster pack,1.99,Pukka,,11.85,,0,5063270127940,8,8,bags,0,1,5063270127933
561494,,4x20bags,organic,Herbal Tea collection,3.97,Pukka,r,11.9,,0,5060229012371,4,20,bags,0,1,5063270115534
561495,,4x20bags,organic,Lemongrass & Ginger,4.96,Pukka,,14.85,,0,5065000523923,4,20,bags,0,1,5065000523800
561500,,4x20bags,organic,After Dinner,3.97,Pukka,r,11.9,,0,5060519144102,4,20,bags,0,1,45060519144100
561501,,4x20bags,organic,Elderberry & Echinacea,4.96,Pukka,,14.85,,0,5060229011473,4,20,bags,0,1,5060229011480
561504,,4x20bags,organic,"Lemon, Ginger & a touch of Manuka",4.96,Pukka,,14.85,,0,5063270111079,4,20,bags,0,1,5063270111062
561506,,4x20bags,organic,Peppermint & Licorice,3.97,Pukka,r,11.9,,0,5060229011107,4,20,bags,0,1,5060229011114
561510,,4x20bags,organic,"Relax - chamomile, fennel & marshmallow",3.97,Pukka,r,11.9,,0,850835000030,4,20,bags,0,1,5065000523534
561511,,4x20bags,organic,Turmeric Ginger & Orange,4.96,Pukka,,14.85,,0,5060519140753,4,20,bags,0,1,45060519140751
561516,,4x20bags,organic,"Night Time Berry  - berries, echinacea & chamomile",3.97,Pukka,r,11.9,,0,5060519146229,4,20,bags,0,1,5063270112328
561518,,4x20bags,organic,"Radiance - nettle, fennel & aloe vera",4.96,Pukka,,14.85,,0,5060519148254,4,20,bags,0,1,45060519148252
561519,,4x40bags,organic,"Lemon, Ginger & a touch of Manuka",7.1,Pukka,,21.3,,0,5063270119273,4,40,bags,0,1,5063270119280
561520,,4x20bags,organic,Vanilla Spice Chai - cinnamon & sweet vanilla,4.96,Pukka,,14.85,,0,850835000726,4,20,bags,0,1,5065000523596
561521,,4x20bags,organic,"Morning Berry - rooibos, ginseng, blackcurrant",4.96,Pukka,,14.85,,0,5060519148711,4,20,bags,0,1,45060519148719
561524,,4x20bags,organic,Uplift Citrus Yerba Green,4.96,Pukka,,14.85,,0,,4,20,bags,0,1,5063270126271
561528,,4x40bags,organic,Night Time,6.38,Pukka,r,19.15,,0,5063270119396,4,40,bags,0,1,5063270119389
561529,,4x20bags,organic,Night Time Apple Chai,3.97,Pukka,r,11.9,,0,5063270126523,4,20,bags,0,1,5063270126516
561530,,4x20bags,organic,Night Time Tea,3.97,Pukka,r,11.9,,0,5065000523183,4,20,bags,0,1,5065000523411
561531,,4x20bags,organic,"Peace - chamomile, spearmint, hemp, licorice",3.97,Pukka,r,11.9,,0,5060519145468,4,20,bags,0,1,45060519145466
561532,,4x20bags,organic,Three Chamomile,3.97,Pukka,r,11.9,,0,5060229012562,4,20,bags,0,1,5060229012579
561533,,8x8bags,organic,Sleep Collection - taster pack,1.99,Pukka,,11.85,,0,5063270128053,8,8,bags,0,1,5063270128046
561540,,4x20bags,organic,Three Ginger,3.97,Pukka,r,11.9,,0,5065000523145,4,20,bags,0,1,5065000523428
561545,,4x20bags,organic,Three Mint,3.97,Pukka,r,11.9,,0,5065000523138,4,20,bags,0,1,5065000523435
561547,,4x40bags,organic,Three Mint,6.38,Pukka,r,19.15,,0,5063270133231,4,40,bags,0,1,5063270133224
561553,,4x20bags,organic,Winter Warmer,4.96,Pukka,,14.85,,0,,4,20,bags,,1,
561554,,4x20bags,organic,Wild Apple Cinnamon with Ginger,4.96,Pukka,,14.85,,0,5060229011046,4,20,bags,0,1,5060229011053
561588,,4x15bags,organic,Chamomile Rosehip Turmeric Tea Bags,4.08,Taka Turmeric,,12.25,,0,5060514450093,4,15,bags,0,1,15060514450090
561590,,4x15bags,organic,Ginger Lemon Turmeric Tea Bags,4.08,Taka Turmeric,,12.25,,0,5060514450048,4,15,bags,0,1,15060514450045
561592,,4x15bags,organic,Hibiscus Cinnamon Turmeric Tea Bags,4.08,Taka Turmeric,,12.25,,0,5060514450017,4,15,bags,0,1,15060514450014
561597,,4x15bags,organic,Rooibos Honeybush Turmeric Tea Bags,4.08,Taka Turmeric,,12.25,,0,5060514450086,4,15,bags,0,1,15060514450083
561598,,4x15bags,organic,Masala Chai Turmeric Tea Bags,4.08,Taka Turmeric,,12.25,,0,5060514450031,4,15,bags,0,1,55060514450036
561599,,4x18bags,organic,And Breathe,4.88,The Herbtender,,14.65,,0,5060691520879,4,18,bags,0,1,15060691520876
561600,,4x18bags,organic,Good Morning,4.88,The Herbtender,,14.65,,0,5060691520855,4,18,bags,0,1,15060691520852
561601,,4x18bags,organic,Good Night,4.88,The Herbtender,,14.65,,0,5060691520862,4,18,bags,0,1,15060691520869
561602,,4x18bags,organic,Pure Focus,4.88,The Herbtender,,14.65,,0,5060691520848,4,18,bags,0,1,15060691520845
561603,,4x18bags,organic,Vital Glow,4.88,The Herbtender,,14.65,,0,5060691520831,4,18,bags,0,1,15060691520838
561610,,12x40bags,,Malawi Peppermint Infusion Tea,4,Revolver,,36,,0,5016681291304,12,40,bags,0,1,5016681291304
561712,,4x40bags,organic,Rooibos Tea Bags,2.68,Tick Tock,,8.05,,0,5032558000183,4,40,bags,0,1,5032558003146
561716,,4x80bags,organic,Rooibos Tea Bags,5.25,Tick Tock,,15.75,,0,5032558000190,4,80,bags,0,1,5032558003337
561717,,6x100g,organic,Rooibos Tea Loose,2.67,Tick Tock,,12,,0,5032558003818,6,100,g,0,1,5032558003740
561718,,4x40bags,organic,Green Rooibos Tea Bags,2.85,Tick Tock,,8.55,,0,5032558003047,4,40,bags,0,1,5032558004020
561722,,4x40bags,,Rooibos Earl Grey Tea Bags,2.85,Tick Tock,,8.55,,0,5032558022994,4,40,bags,0,1,5032558003214
571550,,4x40g,organic,Chamomile,4.12,Steenbergs,h,12.35,,0,5060287603863,4,40,g,0,1,15060287603860
571552,,4x30g,organic,Dandelion,3.47,Steenbergs,h,10.4,,0,5060287606659,4,30,g,0,1,15060287606656
571554,,4x50g,organic,Double Mint,3.9,Steenbergs,h,11.7,,0,5060287603832,4,50,g,0,1,15060287603839
571555,,4x40g,,Dreamtime,3.9,Steenbergs,h,11.7,,0,5060287604099,4,40,g,0,1,15060287604096
571558,,4x30g,organic,Happy Hippy,4.77,Steenbergs,h,14.3,,0,5060287603825,4,30,g,0,1,15060287603822
571559,,4x30g,organic,Hibiscus,3.02,Steenbergs,h,9.05,,0,5060287603900,4,30,g,0,1,15060287603907
571560,,4x20g,organic,Lemon Verbena,3.02,Steenbergs,h,9.05,,0,5060287603986,4,20,g,0,1,15060287603983
571561,,4x30g,organic,Lemongrass,2.9,Steenbergs,h,8.7,,0,5060287603924,4,30,g,0,1,15060287603921
571562,,4x100g,organic,Liquorice,5.63,Steenbergs,h,16.9,,0,5060287603931,4,100,g,0,1,15060287603938
571563,,4x30g,organic,Nettle,3.47,Steenbergs,h,10.4,,0,5060287604044,4,30,g,0,1,15060287604041
571564,,4x50g,organic,Peppermint,3.67,Steenbergs,h,11,,0,5060287603887,4,50,g,0,1,15060287603884
571565,,4x40g,organic,Raspberry Leaf,3.9,Steenbergs,h,11.7,,0,5060287606635,4,40,g,0,1,15060287606632
571566,,4x90g,organic,Rooibos,4.77,Steenbergs,h,14.3,,0,5060287603870,4,90,g,0,1,15060287603877
571569,,4x100g,organic,Yerba Maté,3.9,Steenbergs,h,11.7,,0,5060287606642,4,100,g,0,1,15060287606649
571570,,4x100g,organic,Black Tea Christmas Blend,4.33,Steenbergs,h,13,,0,5060287602309,4,100,g,0,1,15060287602306
571571,,4x100g,organic,Christmas Tisane,4.33,Steenbergs,h,13,,0,5060287603894,4,100,g,0,1,15060287603891
571703,,6x17bags,organic,Ashwagandha Balance,2.75,Yogi,,12.35,,0,4012824436015,6,17,bags,0,1,4012824436015
571704,,6x17bags,organic,pH Balance Tea,2.75,Yogi,,12.35,,0,4012824406810,6,17,bags,0,1,4012824436817
571706,,6x17bags,organic,Bedtime Tea,2.75,Yogi,,12.35,,0,4012824406766,6,17,bags,0,1,4012824436763
571708,,6x17bags,organic,Breathe Deep Tea,2.75,Yogi,,12.35,,0,4012824406827,6,17,bags,0,1,4012824436824
571709,,6x17bags,organic,Choco Tea,2.75,Yogi,,12.35,,0,4012824406728,6,17,bags,0,1,4012824436725
571710,,6x17bags,organic,Echinacea Tea,2.75,Yogi,,12.35,,0,4012824402522,6,17,bags,0,1,4012824432529
571711,,6x17bags,organic,Classic Chai,2.75,Yogi,,12.35,,0,4012824406711,6,17,bags,0,1,4012824436718
571713,,6x17bags,organic,Happy Belly Tea,2.75,Yogi,,12.35,,0,4012824436695,6,17,bags,0,1,4012824436695
571714,,6x17bags,organic,Detox Tea,2.75,Yogi,,12.35,,0,4012824406803,6,17,bags,0,1,4012824436800
571717,,6x17bags,organic,Licorice Mint,2.75,Yogi,,12.35,,0,4012824402447,6,17,bags,0,1,4012824432444
571718,,6x17bags,organic,Echinacea Immune Tea,2.75,Yogi,,12.35,,0,4012824406865,6,17,bags,0,1,4012824436862
571719,,6x18bags,organic,The Finest Selection Tea Bags,2.85,Yogi,,12.8,,0,4012824404403,6,18,bags,0,1,4012824434400
571723,,6x17bags,organic,Ginger Lemon Tea,2.75,Yogi,,12.35,,0,4012824406872,6,17,bags,0,1,4012824436879
571724,,6x17bags,organic,Tulsi Relax Tea,2.75,Yogi,,12.35,,0,4012824405622,6,17,bags,0,1,4012824435629
571725,,6x17bags,organic,Sweet Chai Yogi Tea,2.75,Yogi,,12.35,,0,4012824402454,6,17,bags,0,1,4012824432451
571726,,6x17bags,organic,Ginger Orange Tea,2.75,Yogi,,12.35,,0,4012824406889,6,17,bags,0,1,4012824436886
571727,,6x17bags,organic,Sweet Chili Mexican Spice Yogi Tea,2.75,Yogi,,12.35,,0,4012824402430,6,17,bags,0,1,4012824432437
571729,,6x17bags,organic,Turmeric Orange Tea,2.75,Yogi,,12.35,,0,4012824404526,6,17,bags,0,1,4012824434523
571734,,6x17bags,organic,Tangy Blood Orange Tea,2.75,Yogi,,12.35,,0,4012824406636,6,17,bags,0,1,4012824436633
571736,,6x17bags,organic,Immune Boost Tea,2.75,Yogi,,12.35,,0,4012824406841,6,17,bags,0,1,4012824436848
571738,,6x17bags,organic,Licorice Tea,2.75,Yogi,,12.35,,0,4012824406735,6,17,bags,0,1,4012824436732
571739,,6x17bags,organic,Men's Tea,2.75,Yogi,,12.35,,0,4012824406780,6,17,bags,0,1,4012824436787
571741,,6x17bags,organic,Rose Tea,2.75,Yogi,,12.35,,0,4012824406858,6,17,bags,0,1,4012824436855
571742,,6x17bags,organic,Soul Balm Tea,2.75,Yogi,,12.35,,0,4012824405530,6,17,bags,0,1,44012824435537
571744,,6x17bags,organic,Digestion Tea,2.75,Yogi,,12.35,,0,4012824406797,6,17,bags,0,1,4012824436794
571746,,6x17bags,organic,Throat Comfort Tea,2.75,Yogi,,12.35,,0,4012824406834,6,17,bags,0,1,4012824436831
571748,,6x17bags,organic,Turmeric Chai,2.75,Yogi,,12.35,,0,4012824406759,6,17,bags,0,1,4012824436756
571752,,6x17bags,organic,Women's Energy Tea,2.75,Yogi,,12.35,,0,4012824406773,6,17,bags,0,1,4012824436770
571753,,6x17bags,organic,Refresh & Focus Tea,2.67,Yogi,h,12,,0,4012824407305,6,17,bags,0,1,4012824437302
571754,,6x17bags,organic,Spicy Strawberry Tea,2.67,Yogi,h,12,,0,4012824407244,6,17,bags,0,1,4012824437241
571755,,6x17bags,organic,Sweet Dreams Tea,2.67,Yogi,h,12,,0,4012824407367,6,17,bags,0,1,4012824437364
571883,,6x17bags,organic,Green Balance Tea,2.75,Yogi,,12.35,,0,4012824401914,6,17,bags,0,1,4012824431911
571884,,6x17bags,organic,Green Energy Tea,2.75,Yogi,,12.35,,0,4012824406896,6,17,bags,0,1,4012824436893
571886,,6x17bags,organic,Green Matcha Lemon Tea,2.75,Yogi,,12.35,,0,4012824406902,6,17,bags,0,1,4012824436909
571890,,6x17bags,organic,Green Jasmine Tea,2.75,Yogi,,12.35,,0,4012824402003,6,17,bags,0,1,4012824432000
571892,,6x17bags,organic,Green Ginger Lemon Tea,2.75,Yogi,,12.35,,0,4012824402058,6,17,bags,0,1,4012824432055
571896,,6x17bags,organic,Morning Energy Tea,2.75,Yogi,,12.35,,0,4012824406391,6,17,bags,0,1,4012824436398
571899,,6x17bags,organic,White Tea with Aloe Vera,2.75,Yogi,,12.35,,0,4012824404366,6,17,bags,0,1,4012824434363
571906,,4x20bags,organic,Camomile Tea Sachets,3.18,Essential,s,9.55,,0,5029220154213,4,20,bags,0,1,5029220154619
571907,,4x20bags,organic,Fennel Tea Sachets,3.18,Essential,s,9.55,,0,5029220154244,4,20,bags,0,1,5029220154640
571908,,4x20bags,organic,Ginger & Lemon Tea Sachets,3.18,Essential,s,9.55,,0,5029220154251,4,20,bags,0,1,5029220154657
571909,,4x20bags,organic,Hibiscus Tea Sachets,3.18,Essential,s,9.55,,0,5029220154220,4,20,bags,0,1,5029220154626
571911,,4x20bags,organic,Liquorice Tea Sachets,3.18,Essential,s,9.55,,0,5029220154275,4,20,bags,0,1,5029220154602
571912,,4x20bags,organic,Peppermint & Spearmint Tea Sachets,3.18,Essential,s,9.55,,0,5029220154268,4,20,bags,0,1,5029220154664
571913,,4x20bags,organic,Peppermint Tea Sachets,3.18,Essential,s,9.55,,0,5029220154237,4,20,bags,0,1,5029220154633
571932,,6x250g,organic,Yerba Mate Loose Leaf - contains caffeine,7.57,Forest Whole Foods,,34.05,,0,5060919520704,6,250,g,0,1,
571951,,6x17bags,organic,Bedtime Rooibos Vanilla Tea,2.75,Yogi,,12.35,,0,4012824402263,6,17,bags,0,1,4012824432260
571954,,6x17bags,organic,Berry Vanilla Tea,2.75,Yogi,,12.35,,0,4012824406322,6,17,bags,0,1,4012824436329
571955,,6x17bags,organic,Breathe Deep Tea,2.75,Yogi,,12.35,,0,4012824401037,6,17,bags,0,1,4012824431034
571960,,6x17bags,organic,Relax Tea,2.75,Yogi,,12.35,,0,4012824401167,6,17,bags,0,1,4012824431164
571973,,6x17bags,organic,Well Being Tea,2.75,Yogi,,12.35,,0,4012824401587,6,17,bags,0,1,4012824431584
571976,,6x17bags,organic,Inner Harmony,2.75,Yogi,,12.35,,0,4012824403796,6,17,bags,0,1,4012824433793
571977,,6x17bags,organic,Heartwarming Tea,2.75,Yogi,,12.35,,0,4012824401723,6,17,bags,0,1,4012824431720
571978,,6x17bags,organic,Lime Mint Tea,2.75,Yogi,,12.35,,0,4012824500921,6,17,bags,0,1,4012824430549
571981,,6x17bags,organic,Ginger Tea,2.75,Yogi,,12.35,,0,4012824529519,6,17,bags,0,1,4012824431829
571984,,6x17bags,organic,Feel Pure,2.75,Yogi,,12.35,,0,4012824401860,6,17,bags,0,1,4012824431867
571989,,6x17bags,organic,Maca Chai Tea,2.75,Yogi,,12.35,,0,4012824405387,6,17,bags,0,1,4012824435384
571992,,6x17bags,organic,Pumpkin Chai,2.75,Yogi,h,12.35,,0,,6,17,bags,0,1,4012824435452
571993,,6x17bags,organic,Mango Chai Tea,2.75,Yogi,,12.35,,0,4012824406575,6,17,bags,0,1,4012824436572
571995,,6x17bags,organic,Women's Tea,2.75,Yogi,,12.35,,0,4012824528406,6,17,bags,0,1,4012824431119
571996,,6x17bags,organic,Women's Balance Tea,2.75,Yogi,,12.35,,0,4012824401631,6,17,bags,0,1,4012824431638
571999,,6x17bags,organic,Mental Clarity,2.75,Yogi,,12.35,,0,4012824436077,6,17,bags,0,1,4012824436077
572003,,6x17bags,organic,Rooibos Yogi Tea,2.75,Yogi,,12.35,,0,4012824500252,6,17,bags,0,1,4012824430259
572010,,6x17bags,organic,Himalayan Blend Yogi Tea,2.75,Yogi,,12.35,,0,4012824500108,6,17,bags,0,1,4012824430105
572029,,10x1pack,organic,Yogi Christmas Advent Calendar,12.95,Yogi,,97,,0,4012824404212,10,1,pack,0,1,4012824733855
572031,,6x17bags,organic,Yogi Christmas Tea Bags,2.75,Yogi,,12.35,,0,4012824434219,6,17,bags,0,1,4012824434219
572037,,6x60g,organic,Gift Box Favourite Teas Selection,12.69,Yogi,,57.1,,0,4012824723818,6,60,g,0,1,4012824733817
572055,,8x90g,organic,Loose Classic Chai,2.95,Yogi,,17.7,,0,4012824529274,8,90,g,0,1,4012824539266
572057,,8x90g,organic,Loose Choco Chai,2.95,Yogi,,17.7,,0,4012824529366,8,90,g,0,1,4012824539358
572100,,12x15bags,organic,Anise Fennel Caraway Tea,2.44,Floradix,,22,,0,4004148013058,12,15,bags,0,1,4004148320026
572102,,12x15bags,organic,Camomile Tea,2.44,Floradix,,22,,0,4004148013041,12,15,bags,0,1,4004148320033
572104,,12x15bags,organic,Dandelion Tea,2.44,Floradix,,22,,0,4004148013294,12,15,bags,0,1,4004148320040
572108,,12x15bags,organic,Hawthorn Tea,2.44,Floradix,,22,,0,4004148013195,12,15,bags,0,1,4004148320064
572110,,12x15bags,organic,Lemon Balm Tea,2.44,Floradix,,22,,0,4004148013119,12,15,bags,0,1,4004148320088
572114,,12x15bags,organic,Mate Tea,2.44,Floradix,,22,,0,4004148013102,12,15,bags,0,1,4004148320095
572115,,12x15bags,organic,Sage Tea,2.44,Floradix,,22,,0,4004148013171,12,15,bags,0,1,4004148320132
572116,,12x15bags,organic,Peppermint Tea,2.44,Floradix,,22,,0,4004148013072,12,15,bags,0,1,4004148320125
572117,,12x15bags,organic,Thyme Tea,2.44,Floradix,,22,,0,4004148043116,12,15,bags,0,1,4004148320156
572118,,12x15bags,organic,Lemon Verbena Tea,2.44,Floradix,,22,,0,4004148013270,12,15,bags,0,1,4004148320163
575010,,4x40bags,organic,11 O'clock Rooibosch Tea Bags,2.9,Eleven O'Clock,,8.7,,0,6001478058061,4,40,bags,0,1,5032558002064
575015,,4x80bags,organic,11 O'clock Rooibosch Tea Bags,5.38,Eleven O'Clock,,16.15,,0,6001478058054,4,80,bags,0,1,5032558002071
580269,,1x30g,organic,Hojicha Roasted Matcha - tin,16.53,OMG,r,12.4,,0,5060411706248,1,30,g,0,1,5060411706767
580270,,1x30g,organic,AAA Grade Matcha - tin,28.35,OMG,r,21.25,,0,5023937004939,1,30,g,0,1,
580272,,1x30g,organic,AA grade Matcha - tin,17.08,OMG,r,12.8,,0,5023937005141,1,30,g,0,1,
580275,,1x50g,organic,Matcha Grade AA - bag,24,OMG,r,18,,0,5060411707306,1,50,g,0,1,5060411707573
580276,,1x30g,organic,Matcha Grade AAA+ - tin,35.67,OMG,r,26.75,,0,5023937006179,1,30,g,0,1,5023937004649
580278,,5x6x10g,organic,Matcha Latte Sachets Original,8.27,OMG,r,31,,0,5060411707061,5,6x10,g,0,1,5060411707108
580279,,1x260g,organic,AAA Grade Gift Set,40.93,OMG,h,30.7,,0,5023937005165,1,260,g,0,1,5023937005165
580281,,5x6x12g,organic,Matcha Latte Sachets Vanilla,8.27,OMG,r,31,,0,5060411707078,5,6x12,g,0,1,5060411707092
580308,,6x40bags,organic,Decaf Earl Grey Fairtrade Tea Bags - 40's,4.43,Clipper,,19.95,,0,5021991942600,6,40,bags,0,1,5021991972690
580310,,6x40bags,organic,Assam Tea Bags,3.17,Clipper,,14.25,,0,5021991000225,6,40,bags,0,1,5021991975141
580314,,6x40bags,organic,Breakfast Fairtrade 40 Tea Bags,3.69,Clipper,,16.6,,0,5021991942617,6,40,bags,0,1,5021991972706
580318,,4x80bags,organic,Earl Grey Tea Bags - 80's,5.1,Clipper,,15.3,,0,5021991938542,4,80,bags,0,1,5021991977572
580320,,250bags,organic,Earl Grey - food service,,Clipper,,21.95,,0,5021991500046,,250,bags,0,1,5021991500046
580321,,6x40bags,organic,Earl Grey Fairtrade Tea Bags - 40's,3.64,Clipper,,16.4,,0,5021991942624,6,40,bags,0,1,5021991972713
580328,,6x40bags,organic,Fairtrade  Everyday Tea Bags,3.64,Clipper,,16.4,,0,5021991942587,6,40,bags,0,1,5021991972676
580329,,4x80bags,organic,Fairtrade  Everyday Tea Bags,4.92,Clipper,,14.75,,0,5021991942037,4,80,bags,0,1,5021991971983
580330,,4x80bags,organic,English Breakfast Tea Bags - 80's,5.11,Clipper,,15.3,,0,5021991942044,4,80,bags,0,1,5021991971990
580331,,4x80bags,organic,Everyday Tea Bags,4.67,Clipper,,14,,0,5021991943942,4,80,bags,0,1,5021991974748
580332,,6x40bags,organic,Everyday Decaffeinated Tea Bags,4.43,Clipper,,19.95,,0,5021991942211,6,40,bags,0,1,5021991972287
580334,,4x80bags,organic,Fairtrade Decaffeinated Tea Bags,7.62,Clipper,,22.85,,0,5021991942051,4,80,bags,0,1,5021991972003
580345,,4x20bags,organic,Pure Green Mountain Tea,3.02,Dragonfly Tea,,9.05,,0,5032558000503,4,20,bags,0,1,5032558000534
580346,,4x20bags,organic,Moroccan Mint Green Tea Bags,3.02,Dragonfly Tea,,9.05,,0,5032558000701,4,20,bags,0,1,5032558000732
580347,,4x20bags,organic,Moonlight Jasmine Green Tea Bags,3.02,Dragonfly Tea,,9.05,,0,5032558000626,4,20,bags,0,1,5032558001432
580349,,4x20bags,organic,Digestive Pu'er Tea Bags - was Good Dragon,3.02,Dragonfly Tea,,9.05,,0,5032558001302,4,20,bags,0,1,5032558001357
580350,,4x20bags,organic,Swirling Mist White Tea Bags,3.02,Dragonfly Tea,,9.05,,0,5032558000817,4,20,bags,0,1,5032558000831
580354,,4x20bags,organic,Digestive Chai Pu'er Tea Bags,3.02,Dragonfly Tea,,9.05,,0,5032558000459,4,20,bags,0,1,5032558001494
580395,,6x100g,organic,Green Tea Loose (Chun Mee),3.49,Qi,,15.75,,0,653783000097,6,100,g,0,1,10653783000094
580396,,6x20bags,organic,Decaffeinated Green Tea Bags,3.99,Qi,,17.95,,0,653783000738,6,20,bags,0,1,10653783000735
580397,,6x25bags,organic,Green Tea Bags,2.49,Qi,,11.2,,0,653783000257,6,25,bags,0,1,65378352625
580401,,6x25bags,organic,Green Tea Bags with Ginger,2.99,Qi,,13.5,,0,653783000349,6,25,bags,0,1,65378318928
580402,,6x25bags,organic,Green Tea Bags Detox,3.29,Qi,,14.85,,0,653783000158,6,25,bags,0,1,65378319925
580406,,6x100g,organic,Jasmine Loose Leaf Green Tea,6.92,Qi,,31.1,,0,653783000110,6,100,g,0,1,10653783000117
580408,,6x25bags,organic,Oolong Tea,3.01,Qi,,13.55,,0,653783001032,6,25,bags,0,1,30653783001033
580411,,8x40g,organic,Oolong Loose Leaf Tea,6.56,Qi,,39.35,,0,653783001049,8,40,g,0,1,30653783001040
580412,,6x25bags,,White Chai Tea,4.49,Qi,,20.2,,0,653783000332,6,25,bags,0,1,30653783000333
580413,,6x25bags,,Wellness Tea,4.27,Qi,,19.2,,0,653783001063,6,25,bags,0,1,10653783001060
580415,,6x25bags,organic,White Tea Bags,2.79,Qi,,12.55,,0,653783000288,6,25,bags,0,1,65378313923
580420,,6x17bags,organic,Black Chai,2.75,Yogi,,12.35,,0,4012824406742,6,17,bags,0,1,4012824436749
580423,,6x17bags,organic,Green Chai Yogi Tea,2.75,Yogi,,12.35,,0,4012824500723,6,17,bags,0,1,4012824430754
580426,,6x17bags,organic,Positive Energy Cranberry Hibiscus Tea,2.75,Yogi,,12.35,,0,4012824402218,6,17,bags,0,1,4012824432215
580442,,6x20bags,organic,Green Tea Bags & Matcha,2.99,Qi,,13.5,,0,653783000707,6,20,bags,0,1,10653783000704
580455,,6x100g,demeter,Green Tea Loose - Single Estate,5.59,Hampstead,r,25.15,,0,813427000863,6,100,g,0,1,10813427000907
580459,,6x100g,demeter,Earl Grey Loose,5.59,Hampstead,r,25.15,,0,813427000900,6,100,g,0,1,10813427000945
580464,,6x100g,demeter,English Breakfast Loose,5.59,Hampstead,r,25.15,,0,813427000887,6,100,g,0,1,10813427000921
580465,,6x100g,demeter,First Flush Loose,7.2,Hampstead,r,32.35,,0,813427000894,6,100,g,0,1,10813427000938
580466,,4x20bags,organic,Indian Chai - spiced black tea bags,3.19,Hampstead,r,9.55,,0,813427000948,4,20,bags,0,1,10813427001263
580467,,4x20bags,organic,Focus Well - was Oriental Chai,3.19,Hampstead,r,9.55,,0,813427000986,4,20,bags,0,1,10813427001287
580470,,6x100g,demeter,Darjeeling Loose,5.59,Hampstead,r,25.15,,0,813427000870,6,100,g,0,1,10813427000914
580475,,6x50g,demeter,Oolong Loose,5.59,Hampstead,r,25.15,,0,813427000108,6,50,g,0,1,10813427000105
580476,,4x20bags,organic,Green Tea & Raspberry,3.18,Hampstead,r,9.55,,0,813427000849,4,20,bags,0,1,10813427001256
580478,,4x20bags,demeter,French Vanilla Black Tea Bags,3.18,Hampstead,r,9.55,,0,813427000818,4,20,bags,0,1,10813427001232
580479,,6x100g,organic,Assam Loose,5.59,Hampstead,r,25.15,,0,813427002201,6,100,g,0,1,10813427002208
580481,,4x20bags,organic,Black Tea Bags Selection Pack,3.18,Hampstead,r,9.55,,0,813427000801,4,20,bags,0,1,10813427001157
580482,,4x20bags,organic,Green Tea Bags Selection Pack,3.18,Hampstead,r,9.55,,0,813427000856,4,20,bags,0,1,10813427001164
580483,,4x20bags,organic,Assam Tea Bags,3.18,Hampstead,r,9.55,,0,813427000795,4,20,bags,0,1,10813427001119
580484,,4x20bags,demeter,Green Tea Bags,3.18,Hampstead,r,9.55,,0,813427000726,4,20,bags,0,1,10813427001065
580486,,4x20bags,demeter,Ginger Green Tea Bags,3.18,Hampstead,r,9.55,,0,813427000955,4,20,bags,0,1,10813427001133
580487,,4x20bags,organic,Jasmine Green Tea Bags,3.18,Hampstead,r,9.55,,0,813427000771,4,20,bags,0,1,10813427001096
580489,,4x20bags,demeter,Mint Green Tea Bags,3.18,Hampstead,r,9.55,,0,813427000757,4,20,bags,0,1,10813427001089
580490,,4x20bags,demeter,Earl Grey Tea Bags,3.18,Hampstead,r,9.55,,0,813427000719,4,20,bags,0,1,10813427001058
580491,,4x20bags,organic,English Breakfast Tea Bags,3.18,Hampstead,r,9.55,,0,813427000702,4,20,bags,0,1,10813427001041
580493,,4x20bags,demeter,Darjeeling Bags,3.18,Hampstead,r,9.55,,0,813427000733,4,20,bags,0,1,10813427001072
580494,,4x20bags,organic,Matcha Green Tea & Nettle Bags,3.18,Hampstead,r,9.55,,0,813427002102,4,20,bags,0,1,10813427002109
580532,,1x500g,organic,Assam GBOP Loose Leaf Tea,11.47,Organic Herb Trading,,8.6,,0,,1,500,g,0,1,
580533,,1x500g,organic,Darjeeling TGBOP Loose Leaf Tea,17.27,Organic Herb Trading,,12.95,,0,,1,500,g,0,1,
580534,,1x500g,organic,Earl Grey Loose Leaf Tea,22.73,Organic Herb Trading,,17.05,,0,,1,500,g,0,1,
580535,,1x500g,organic,Decaffeinated Black Loose Leaf Tea,20.87,Organic Herb Trading,,15.65,,0,,1,500,g,0,1,
580538,,1x500g,organic,English Breakfast Loose Leaf Tea,17.33,Organic Herb Trading,,13,,0,,1,500,g,0,1,
580542,,1x500g,organic,Jasmine Green Loose Leaf Tea,27.47,Organic Herb Trading,,20.6,,0,,1,500,g,0,1,
580544,,1x500g,organic,Sencha Green Chinese Loose Leaf Tea,18.2,Organic Herb Trading,,13.65,,0,,1,500,g,0,1,
580620,,4x20bags,organic,Supreme Green Matcha - Fair Trade,4.96,Pukka,,14.85,,0,5060229012005,4,20,bags,0,1,5060229012012
580625,,4x40bags,organic,Supreme Matcha Green,7.11,Pukka,,21.3,,0,5063270123720,4,40,bags,0,1,5063270123713
580626,,6x30g,organic,Matcha Vanilla Chai powder - tin,12.83,Pukka,,57.75,,0,5063270131824,6,30,g,0,1,5063270131817
580627,,6x30g,organic,Matcha Tulsi Lemon powder - tin,12.83,Pukka,,57.75,,0,5063270131657,6,30,g,0,1,5063270131640
580651,,4x20bags,organic,Clean Matcha Green,4.96,Pukka,,14.85,,0,5060229014436,4,20,bags,0,1,45060229014434
580654,,4x20bags,organic,Ginseng Matcha Green,4.96,Pukka,,14.85,,0,5060229014528,4,20,bags,0,1,45060229014526
580656,,4x20bags,organic,Mint Matcha Green,4.96,Pukka,,14.85,,0,5060229014467,4,20,bags,0,1,45060229014465
581020,,4x20bags,organic,Classic Earl Grey Tea Bags,3.02,Dragonfly Tea,,9.05,,0,5032558001203,4,20,bags,0,1,5032558001234
581025,,4x20bags,organic,Traditional English Breakfast Tea Bags,3.02,Dragonfly Tea,,9.05,,0,5032558001104,4,20,bags,0,1,5032558001135
581030,,4x20bags,organic,Elegant English Breakfast,4.96,Pukka,,14.85,,0,5060229011565,4,20,bags,0,1,5060229011596
581032,,4x20bags,organic,Gorgeous Earl Grey,4.96,Pukka,,14.85,,0,5060229011589,4,20,bags,0,1,5060229011619
581050,,4x20bags,organic,Original Chai - cinnamon & cardamom,4.96,Pukka,,14.85,,0,8508350007190,4,20,bags,0,1,5065000523572
590630,,4x80bags,organic,Green Fairtrade Teabags - 80's,5.47,Clipper,,16.4,,0,5021991940989,4,80,bags,0,1,5021991972027
590634,,6x40bags,organic,Green Fairtrade Teabags - 40's,3.86,Clipper,,17.35,,0,5021991942631,6,40,bags,0,1,5021991972720
590638,,6x20bags,organic,Pure Green Fairtrade - bags,3.27,Clipper,,14.7,,0,5021991941009,6,20,bags,0,1,5021991971020
590639,,4x80bags,organic,Green Tea & Lemon Fairtrade Teabags - 80's,5.46,Clipper,,16.4,,0,5021991940996,4,80,bags,0,1,502199197201015
590641,,6x20bags,organic,Green Tea with Lemon Bags,3.27,Clipper,,14.7,,0,5021991941030,6,20,bags,0,1,5021991971051
590682,,6x26bags,organic,26 bag White Tea Bags,2.82,Clipper,,12.7,,0,5021991999710,6,26,bags,0,1,5021991999666
590707,,6x40bags,organic,Decaffeinated Green Tea Bags,4.62,Clipper,,20.8,,0,5021991942594,6,40,bags,0,1,5021991972683
590810,,6x100bags,,Fairtrade Everyday Tea Bags - food service,8.19,Clipper,,36.85,,0,5021991600111,6,100,bags,0,1,5021991974083
591145,,5x80bags,,China Green Tea Pure & Simple - 80's,2.89,Qi,,10.85,,0,65378320433,5,80,bags,0,1,65378320426
591148,,6x20bags,,Green Tea Clarity,3.69,Qi,,16.6,,0,6537830008370,6,20,bags,0,1,5060249660286
591164,,6x20bags,,WellBeing Green Tea - 20's,2.59,Qi,,11.65,,0,653783000639,6,20,bags,0,1,1935217700022
591200,,12x40bags,,Malawi Earl Grey,3.09,Revolver,,27.8,,0,5016681291502,12,40,bags,0,1,5016681291502
591201,,12x80bags,,Malawi Everyday Breakfast Tea,3.09,Revolver,,27.8,,0,5016681294008,12,80,bags,0,1,5016681294008
591202,,12x80bags,,Malawi Gold Tea,3.53,Revolver,,31.8,,0,5016681291205,12,80,bags,0,1,5016681291205
591203,,12x80bags,,Malawi Platinum Tea,4.44,Revolver,,40,,0,5016681291601,12,80,bags,0,1,5016681291601
591220,,4x100g,organic,Assam,5.63,Steenbergs,h,16.9,,0,5060287604648,4,100,g,0,1,15060287604645
591221,,4x60g,organic,Earl Grey,4.33,Steenbergs,h,13,,0,5060287604686,4,60,g,0,1,15060287604683
591222,,4x100g,organic,English Breakfast,4.77,Steenbergs,h,14.3,,0,5060287604655,4,100,g,0,1,15060287604652
591224,,4x100g,organic,Gingerbread Chai,4.92,Steenbergs,h,14.75,,0,5060287604747,4,100,g,0,1,15060287604744
600460,,6x200g,organic,Dark Roast beans,5.34,Bird & Wild,,24,,0,700461912835,6,200,g,0,1,604565273352
600462,,6x200g,organic,Dark Roast R&G,5.34,Bird & Wild,,24,,0,700461912828,6,200,g,0,1,604565273345
600464,,6x200g,organic,Light Roast beans,5.34,Bird & Wild,,24,,0,5060910341582,6,200,g,0,1,115060910341572
600465,,6x200g,organic,Light Roast R&G,5.34,Bird & Wild,,24,,0,5060910341599,6,200,g,0,1,115060910341596
600468,,6x200g,organic,Medium Roast beans,5.34,Bird & Wild,,24,,0,700461912859,6,200,g,0,1,604565273338
600469,,6x200g,organic,Medium Roast R&G,5.34,Bird & Wild,,24,,0,700461912842,6,200,g,0,1,604565273321
600481,,6x200g,,CaféDirect Colombia Reserva - 3,5.36,CaféDirect,r,24.15,,0,5060198252747,6,200,g,0,1,15060198252744
600485,,6x200g,organic,CaféDirect Machu Picchu R&G - 4,5.36,CaféDirect,r,24.15,,0,5060198252754,6,200,g,0,1,15060198252751
600487,,6x200g,,CaféDirect Decaf Machu Picchu,5.36,CaféDirect,r,24.15,,0,5060198252716,6,200,g,0,1,15060198252713
600489,,6x200g,organic,CaféDirect Mayan Gold -5,5.36,CaféDirect,r,24.15,,0,5060198252778,6,200,g,0,1,15060198252775
600497,,6x200g,organic,Whole Coffee Beans - Machu Picchu - 4,5.36,CaféDirect,r,24.15,,0,5060198252761,6,200,g,0,1,15060198252768
600499,,6x200g,organic,Whole Coffee Beans - Mayan Gold - 5,5.36,CaféDirect,r,24.15,,0,5060198252785,6,200,g,0,1,15060198252782
600519,,6x100g,,Instant Machu Picchu Coffee - 4,8.71,CaféDirect,,39.2,,0,5060198250040,6,100,g,0,1,5060198250057
600521,,6x100g,,Instant Decaf Machu Picchu Coffee - 4,8.71,CaféDirect,,39.2,,0,5060198252518,6,100,g,0,1,15060198252515
600525,,1x500g,,Classic Instant Coffee - single tin - 3,40.92,CaféDirect,,30.65,,0,5018190009081,1,500,g,0,1,
600546,,1x750g,organic,Whole Coffee Beans - Machu Picchu - 4,20.6,CaféDirect,,15.45,,0,5060198252358,1,750,g,0,1,
600550,,8x200g,organic,Ethiopian Yirgacheffe R&G Coffee - 3,8,Equal Exchange,,48,,0,5018190017123,8,200,g,0,1,5018190017321
600571,,1x500g,organic,Instant Decaf Coffee - 3 - tin,45,Clipper,,33.75,,0,5021991543234,1,500,g,0,1,
600572,,1x500g,organic,Instant Coffee House Blend- 4 - tin,39.73,Clipper,,29.8,,0,5021991245510,1,500,g,0,1,
600575,,6x100g,organic,Instant Decaffeinated Coffee,9.06,Clipper,,40.75,,0,5021991245534,6,100,g,0,1,5021991245541
600576,,6x100g,organic,Instant Coffee - Latin American,8.23,Clipper,,37.05,,0,5021991939419,6,100,g,0,1,5021991969201
600578,,6x100g,organic,Instant Coffee - House Blend,8.2,Clipper,,36.9,,0,5021991245497,6,100,g,0,1,5021991245503
600579,,6x100g,organic,Instant Coffee - Rich Roast,8.19,Clipper,,36.85,,0,5021991247613,6,100,g,0,1,5021991248610
600580,,8x227g,organic,House Blend Coffee R&G,7.71,Clipper,,46.3,,0,5021991245558,8,227,g,0,1,5021991245565
600587,,8x227g,organic,Italian Style Coffee R&G,7.71,Clipper,,46.3,,0,5021991245626,8,227,g,0,1,5021991645624
600592,,8x227g,organic,Decaffeinated Coffee R&G,9.06,Clipper,,54.35,,0,5021991245640,8,227,g,0,1,5021991645648
600605,,8x200g,organic,Medium R&G Coffee - 3,6,Equal Exchange,r,36,,0,5018190017000,8,200,g,0,1,5018190017208
600607,,8x200g,organic,Colombian Excelso R&G Coffee - 3,8,Equal Exchange,,48,,0,5018190007209,8,200,g,0,1,5018190017284
600610,,8x200g,organic,Dark City Roast Coffee Ground - 4,6,Equal Exchange,r,36,,0,5018190017024,8,200,g,0,1,5018190017222
600615,,8x200g,organic,Decaf Medium Roast Ground Coffee - 3,9,Equal Exchange,s,54,,0,5018190017048,8,200,g,0,1,5018190017246
600635,,1x1000g,organic,Coffee Beans - medium roast - 3,30,Equal Exchange,,22.5,,0,5018190017420,1,1000,g,0,1,
600640,,1x1000g,organic,Coffee Beans - Dark City roast - 4,30,Equal Exchange,,22.5,,0,5018190017444,1,1000,g,0,1,
600645,,1x1000g,organic,Coffee Beans - espresso - 4,30,Equal Exchange,,22.5,,0,5018190017406,1,1000,g,0,1,5018190017406
600647,,1x1000g,organic,Coffee Beans - Italian roast - 5,30,Equal Exchange,,22.5,,0,5018190017505,1,1000,g,0,1,
600648,,1x1000g,organic,Coffee Beans - women grown - 3,30,Equal Exchange,,22.5,,0,5018190017901,1,1000,g,0,1,
600654,,8x200g,organic,Coffee Beans - Italian roast - 5,6,Equal Exchange,r,36,,0,5018190017727,8,200,g,0,1,5018190017734
600657,,8x200g,organic,Coffee Beans - medium roast - 3,6,Equal Exchange,r,36,,0,5018190017567,8,200,g,0,1,5018190017574
600660,,8x200g,organic,Coffee Beans - Dark City roast - 4,6,Equal Exchange,r,36,,0,5018190017581,8,200,g,0,1,5018190017598
600662,,8x200g,organic,Coffee Beans - decaffeinated - 3,9,Equal Exchange,s,54,,0,5018190017604,8,200,g,0,1,5018190017611
600664,,8x200g,organic,Coffee Beans - women grown - 3,6,Equal Exchange,r,36,,0,5018190017741,8,200,g,0,1,5018190017758
600683,,8x200g,organic,Festive Blend Ground Coffee - 4,6.99,Equal Exchange,,41.95,,0,5018190002044,8,200,g,0,1,5018190002051
600685,,8x200g,organic,Italian Coffee R&G - 5,6,Equal Exchange,r,36,,0,5018190017161,8,200,g,0,1,5018190017369
600695,,8x200g,organic,Women Grew This Coffee R&G - 3,6,Equal Exchange,r,36,,0,5018190017468,8,200,g,0,1,5018190017475
600770,,5kg,organic,Infinity Blend - wholebean coffee in a box,,Infinity Foods,,111,,0,5028869600778,,5,kg,0,1,5028869600778
600772,,1kg,organic,Infinity Blend - wholebean coffee in a bag,,Infinity Foods,,23.35,,0,5028869007720,,1,kg,0,1,5028869007720
600803,,6x200g,,Grumpy Yule Ground,6.16,Grumpy Mule,r,27.7,,0,5060198252976,6,200,g,0,1,15060198252973
600833,,6x200g,organic,Beans - Sumatra - 4,7.65,Grumpy Mule,,34.4,,0,5060003732389,6,200,g,0,1,5060003732419
600845,,6x200g,organic,Colombia Ground - 4,7.65,Grumpy Mule,,34.4,,0,5060003732297,6,200,g,0,1,5060003732334
600846,,6x200g,organic,Honduras Ground - 4,7.64,Grumpy Mule,,34.4,,0,5060003732327,6,200,g,0,1,5060003732365
600847,,6x200g,organic,Peru Ground -  Chiclayo - 3,7.65,Grumpy Mule,,34.4,,0,5060003732310,6,200,g,0,1,5060003732358
600848,,6x200g,organic,Sumatra Ground Gayo Highlands - 4,7.65,Grumpy Mule,,34.4,,0,5060003732303,6,200,g,0,1,5060003732341
600849,,6x200g,organic,Easy Does It Ground - Decaf - 3,8,Grumpy Mule,,36,,0,5060003732495,6,200,g,0,1,5060003732501
600850,,6x200g,organic,Top Notch Ground - 3,7.64,Grumpy Mule,,34.4,,0,5060003732242,6,200,g,0,1,5060003732273
600851,,6x200g,,High & Mighty Ground Espresso Blend - 5,7.64,Grumpy Mule,,34.4,,0,5060003732259,6,200,g,0,1,5060003732280
600852,,6x200g,,Kick Ass House Blend Ground - 4,7.65,Grumpy Mule,,34.4,,0,5060003732235,6,200,g,0,1,5060003732266
600856,,6x200g,organic,Beans - Colombia - 4,7.65,Grumpy Mule,,34.4,,0,5060003732372,6,200,g,0,1,5060003732402
600857,,6x200g,organic,Beans - Easy Does It Decaf - 3,8.01,Grumpy Mule,,36,,0,5060003732518,6,200,g,0,1,5060003732525
600858,,6x200g,organic,Beans - Top Notch - 3,7.65,Grumpy Mule,,34.4,,0,5060003732457,6,200,g,0,1,5060003732464
600859,,6x200g,,Beans - High & Mighty Espresso Blend - 5,7.65,Grumpy Mule,,34.4,,0,5060003732471,6,200,g,0,1,5060003732488
600860,,6x200g,,Beans - Kick Ass House Blend - 4,7.65,Grumpy Mule,,34.4,,0,5060003732433,6,200,g,0,1,5060003732440
600861,,6x200g,organic,Beans - Peru Chiclayo - 3 - Bird Friendly,7.65,Grumpy Mule,,34.4,,0,5060003732396,6,200,g,0,1,5060003732426
601100,,10x500g,organic,Zapatista Coffee Beans,14.72,Café Rebelde,,110,,0,5029220888897,10,500,g,0,1,
601114,,20x250g,organic,Zapatista Coffee Ground,7.69,Café Rebelde,,115.4,,0,5029220888996,20,250,g,0,1,
601306,,6x200g,organic,Rich Americano R&G Coffee - 4,4.67,Percol,,20.95,,0,5016311000023,6,200,g,0,1,15016311000020
601330,,6x205g,organic,Gishwati Rwandan Cloud Forest Coffee R&G - 4,7.84,Source,,35.3,,0,5060433880193,6,205,g,0,1,604565253842
601331,,6x205g,organic,Decaf Mexican Cloud Forest - R&G,8.44,Source,,38,,0,604565129024,6,205,g,0,1,604565253866
601332,,6x205g,organic,Kilimanjaro Espresso Cloud Forest Coffee R&G - 5,7.84,Source,,35.3,,0,604565191489,6,205,g,0,1,604565253880
601334,,6x205g,organic,Rio Coco Nicaragua R&G - 3,8.16,Source,,36.7,,0,604565404145,6,205,g,0,1,5021438009262
601335,,6x205g,organic,Mexican La Sierra Cloud Forest Coffee R&G - 3,7.84,Source,,35.3,,0,5060003731467,6,205,g,0,1,6045652538048
601336,,6x205g,organic,Uganda Mount Elgon Cloud Forest R&G - 4,7.84,Source,,35.3,,0,5060003731542,6,205,g,0,1,6045652538284
601365,,6x200g,organic,Decaffeinated - ziplock cafetière ground,7.93,Red Roaster,,35.7,,0,634158638121,6,200,g,0,1,
601367,,6x200g,organic,Peru - bag cafetière ground,6.78,Red Roaster,,30.5,,0,604565934109,6,200,g,0,1,604565934109
601368,,6x200g,organic,Peru - bag wholebean,6.78,Red Roaster,,30.5,,0,604565934093,6,200,g,0,1,604565934093
601370,,6x200g,organic,Glasshouse - ziplock cafetière ground,7.2,Red Roaster,,32.4,,0,634158638145,6,200,g,0,1,634158638145
601372,,1kg,organic,Glasshouse - bag wholebean,,Red Roaster,,23.65,,0,,,1,kg,0,1,
601374,,6x200g,organic,Glasshouse - bag wholebean,7.2,Red Roaster,,32.4,,0,634158638114,6,200,g,0,1,
601390,,6x250g,,Copacabana Blend Coffee Beans,7.98,Revolver,,35.9,,0,5016681251605,6,250,g,0,1,5016681251605
601391,,6x200g,,Cuba Coffee Beans,9.58,Revolver,,43.1,,0,5016681026203,6,200,g,0,1,5016681026203
601392,,6x200g,,Cuba Ground Coffee,9.58,Revolver,,43.1,,0,5016681026609,6,200,g,0,1,5016681026609
601394,,6x200g,organic,Peru Coffee Beans,7.47,Revolver,,33.6,,0,5016681032105,6,200,g,0,1,5016681032105
601395,,6x200g,organic,Peru Ground Coffee,7.47,Revolver,,33.6,,0,5016681032600,6,200,g,0,1,5016681032600
601396,,6x200g,organic,Swiss Water Process® Decaffeinated Ground Coffee,9.97,Revolver,,44.85,,0,5016681104505,6,200,g,0,1,5016681104505
601399,,6x200g,organic,Honduras Ground Coffee,7.47,Revolver,,33.6,,0,5016681041602,6,200,g,0,1,5016681041602
601400,,6x200g,,Malawi Ground Coffee,6.64,Revolver,,29.9,,0,5016681019601,6,200,g,0,1,5016681019601
601401,,6x200g,,Malawi Wholebean Coffee,6.64,Revolver,,29.9,,0,5016681019700,6,200,g,0,1,5016681019700
611305,,6x250g,,Drinking Chocolate - tub,5.36,Clipper,,24.15,,0,5021991938795,6,250,g,0,1,5021991968402
611307,,6x350g,,Instant Hot Chocolate - tub,5.79,Clipper,,26.05,,0,5021991938771,6,350,g,0,1,5021991968389
611310,,4x1kg,,Instant Hot Chocolate - tub,18.73,Clipper,,56.25,,0,5021991938788,4,1,kg,0,1,5021991968396
611314,,9x100g,organic,Nocaf,3.39,Clipper,,22.9,,0,5013665117674,9,100,g,0,1,5013665148708
611315,,9x125g,,Wake Up,4.4,Clipper,,29.7,,0,5013665117698,9,125,g,0,1,5013665148722
611514,,1x250g,organic,Cacao Powder,7.27,Forest Whole Foods,,5.45,,0,,1,250,g,0,1,5060510103979
611710,,6x125g,organic,Cocoa Powder - FairTrade,3.12,Green & Black,r,14.05,,0,5011835101690,6,125,g,0,1,5011835000924
611715,,15x150g,organic,Cooking Chocolate Bar - 70%,2.91,Green & Black,r,32.7,,0,5011835102390,15,150,g,0,1,5011835001594
612005,,25kg,organic,Cocoa Powder - 10-12% fat,,Infinity Bulk,,340,,0,,,25,kg,0,1,
612010,,1kg,organic,Cocoa Powder - 10-12% fat,,Infinity Foods,,20,,0,5028869612016,,1,kg,0,1,5028869612016
612011,,15kg,organic,Cacao Butter - Raw,,Infinity Bulk,,440,,0,,,15,kg,0,1,
612012,,5kg,organic,Cacao Butter - Raw,,Infinity Foods,,148.5,,0,5028869120122,,5,kg,0,1,
612014,,1kg,organic,Cacao Butter - Raw,,Infinity Foods,,31.2,,0,5028869120146,,1,kg,0,1,5028869120146
612016,,6x250g,organic,Cacao Butter - Raw,10.67,Infinity Foods,,48,,0,5028869120160,6,250,g,0,1,5028869120160
612018,,25kg,organic,Cacao Powder 10-12% - Raw,,Infinity Bulk,,420,,0,,,25,kg,0,1,
612020,,1kg,organic,Cacao Powder 10-12% - Raw,,Infinity Foods,,23.5,,0,5028869120207,,1,kg,0,1,5028869120207
612030,,5kg,organic,55% Dark Couverture,,Infinity Foods,,98.5,,0,5028869000066,,5,kg,0,1,5028869000066
612035,,5kg,organic,73% Very Dark Couverture,,Infinity Foods,,111.9,,0,5028869000073,,5,kg,0,1,5028869000073
612040,,5kg,organic,Milk Couverture,,Infinity Foods,,98.5,,0,5028869000080,,5,kg,0,1,5028869000080
612045,,5kg,organic,White Couverture,,Infinity Foods,,103.05,,0,5028869000097,,5,kg,0,1,5028869000097
612050,,2.5kg,organic,55% Dark Couverture,,Infinity Foods,,50.1,,0,5028869000028,,2.5,kg,0,1,5028869000028
612055,,2.5kg,organic,73% Very Dark Couverture,,Infinity Foods,,56.85,,0,5028869000035,,2.5,kg,0,1,5028869000035
612060,,2.5kg,organic,Milk Couverture,,Infinity Foods,,50.1,,0,5028869000042,,2.5,kg,0,1,5028869000042
612065,,2.5kg,organic,White Couverture,,Infinity Foods,,52.55,,0,5028869000059,,2.5,kg,0,1,5028869090054
612595,,8x120g,,Dark Peanut Butter Truffle Bites,4.58,Montezuma,,22.6,V,4.52,5060719920865,8,120,g,2,1,5060719920872
612605,,6x100g,organic,Organic Barley Cup,5.25,Barley Cup,,23.6,,0,5010801000098,6,100,g,0,1,5901154045198
612606,,6x100g,,Barley Cup with Calcium and Vitamins,4.49,Barley Cup,,20.2,,0,5901154046799,6,100,g,0,1,5901154040353
612607,,6x100g,,Barley Cup Original - small,3.75,Barley Cup,,16.85,,0,5901154045129,6,100,g,0,1,5901154045136
612609,,6x100g,,Barley Cup with Fibre,4.49,Barley Cup,,20.2,,0,5901154046751,6,100,g,0,1,5901154040292
612610,,6x200g,,Barley Cup Original - large,6.6,Barley Cup,,29.65,,0,5010801000043,6,200,g,0,1,5901154045150
612612,,6x200g,,Barley Cup Granules,7.49,Barley Cup,,33.7,,0,5010801000067,6,200,g,0,1,5901154045174
612613,,6x100g,,Barley Cup with Magnesium,4.49,Barley Cup,,20.2,,0,5901154046775,6,100,g,0,1,5901154040308
612615,,6x100g,organic,Organic Chicory Cup,5.49,Barley Cup,,24.7,,0,5901154044979,6,100,g,0,1,5901154044993
612625,,6x200g,organic,Hot Chocolate - pouch,4.99,Booja Booja,,22.45,,0,5060002044582,6,200,g,0,1,5060002044599
612626,,6x200g,organic,Hazelnut Hot Chocolate - pouch,4.99,Booja Booja,h,22.45,,0,5060002044834,6,200,g,0,1,5060002044841
612627,,6x200g,organic,Orange Hot Chocolate - pouch,4.99,Booja Booja,h,22.45,,0,5060002044797,6,200,g,0,1,5060002044803
612628,,6x200g,organic,Vanilla Chai Spice Hot Chocolate - pouch,4.99,Booja Booja,h,22.45,,0,5060002044810,6,200,g,0,1,5060002044827
612855,,6x100g,organic,Instant Chicory Drink,5.72,Prewetts,,25.75,,0,5013387432017,6,100,g,0,1,15060221550106
613499,,8x300g,demeter,Fine Drinking Chocolate,7.48,Vivani,,44.9,,0,4044889004779,8,300,g,0,1,4044889014860
613500,,12x150g,organic,Fine Dark Cooking Chocolate,5.99,Vivani,,53.9,,0,4044889002225,12,150,g,0,1,4044889015317
614601,,24x250ml,organic,Gusto Real Cherry Cola,1.47,Gusto,h,22,V,4.4,5060042490288,24,250,ml,2,1,15060042490285
614602,,24x250ml,organic,Gusto Real Cola,1.47,Gusto,h,22,V,4.4,5060042490042,24,250,ml,2,1,15060042490049
620018,,4x100g,organic,Beetroot Latte with ginger - Barista,9.27,Sweet Revolution,,27.8,,0,5060211132322,4,100,g,0,1,5060211132346
620020,,4x100g,organic,Chai Latte with reishi - Barista,9.27,Sweet Revolution,,27.8,,0,5060211132247,4,100,g,0,1,5060211132025
620023,,4x100g,organic,Cacao Latte with Chaga - Barista,9.27,Sweet Revolution,,27.8,,0,5060211132209,4,100,g,0,1,5060211132001
620024,,4x100g,organic,Matcha Latte with vanilla - Barista,11.55,Sweet Revolution,,34.65,,0,5065012623093,4,100,g,0,1,5065012623109
620026,,4x100g,organic,Turmeric Latte with black pepper - Barista,9.27,Sweet Revolution,,27.8,,0,5060211132254,4,100,g,0,1,5060211132032
620100,,5x200g,organic,Hot Chocolate - Instant,8.33,Sweet Revolution,,31.25,,0,5060211132131,5,200,g,0,1,5060211132391
620105,,5x200g,organic,Matcha Latte - Instant,8.33,Sweet Revolution,,31.25,,0,5060211132421,5,200,g,0,1,5060211132438
620110,,5x200g,organic,Reishi Chai Latte - Instant,8.33,Sweet Revolution,,31.25,,0,5060211132360,5,200,g,0,1,5060211132445
620115,,5x200g,organic,Turmeric Latte - Instant,8.33,Sweet Revolution,,31.25,,0,5060211132407,5,200,g,0,1,5060211132414
639070,,12x250ml,organic,Activate Sparkling ACV with lemon and mint,2.99,Apealworld,,22.4,V,4.48,5070002296379,12,250,ml,2,1,5065020332000
639071,,12x250ml,organic,Defence Sparkling ACV with ginger,2.99,Apealworld,,22.4,V,4.48,5070002296300,12,250,ml,2,1,5070002296393
639072,,12x250ml,organic,Metabolism Sparkling ACV with mixed spices,2.99,Apealworld,,22.4,V,4.48,5070002296317,12,250,ml,2,1,5070002296386
639086,,12x250ml,,Blood Orange Bitters Water Kefir,1.88,Agua de Madre,,16.95,,0,5060647380694,12,250,ml,0,1,15060647380691
639088,,12x250ml,,Lemon & Ginger Water Kefir,1.88,Agua de Madre,,16.95,,0,5060647380663,12,250,ml,0,1,15060647380660
639091,,12x250ml,,Passion Fruit & Raspberry Water Kefir,1.88,Agua de Madre,,16.95,,0,5060647380700,12,250,ml,0,1,15060647380707
639093,,12x250ml,,Pink Grapefruit & Lime Water Kefir,1.88,Agua de Madre,,16.95,,0,5060647380687,12,250,ml,0,1,15060647380684
640105,,6x750ml,,Mulled Winter Punch - non-alcoholic,3.6,Belvoir,r,13.5,V,2.7,5022019210121,6,750,ml,2,1,5022019212125
640110,,6x750ml,,Spiced Ginger Punch - non-alcoholic,3.6,Belvoir,r,13.5,V,2.7,5022019220120,6,750,ml,2,1,5022019222124
640360,,12x1l,organic,Coconut Water,3.31,Cocofina,r,24.8,V,4.96,5060118260203,12,1,l,2,1,5060118260210
640366,,12x330ml,organic,Against the Current - Rhubarb + Hibiscus,1.96,Counter Culture,,14.4,V,2.88,5065021631058,12,330,ml,2,1,5065021631065
640367,,12x330ml,organic,Try Dry - Citrus Yuzu,1.96,Counter Culture,,14.4,V,2.88,,12,330,ml,2,1,5065021631010
640368,,12x330ml,organic,AI of the Storm - Mango + Ginger + Lime,1.96,Counter Culture,,14.4,V,2.88,5065021631089,12,330,ml,2,1,5065021631096
640370,,12x330ml,organic,Look Up - Lemongrass + Ginger,1.96,Counter Culture,,14.4,V,2.88,769503848266,12,330,ml,2,1,769503848273
640371,,12x330ml,organic,Fruit Machine Learning - Raspberry + Elderflower,1.96,Counter Culture,,14.4,V,2.88,769503848297,12,330,ml,2,1,769503848303
640375,,12x250ml,organic,Blood Orange Kombucha - can,1.65,Equinox,r,12.35,V,2.47,5060452360829,12,250,ml,2,1,15060452360826
640376,,12x250ml,organic,Cola & Lime Kombucha - can,1.65,Equinox,r,12.35,V,2.47,5060452361000,12,250,ml,2,1,15060452361007
640378,,12x250ml,organic,Fiery Ginger Kombucha - can,1.65,Equinox,r,12.35,V,2.47,5060452360799,12,250,ml,2,1,15060452360796
640379,,12x250ml,organic,Pineapple & Mango Kombucha - can,1.65,Equinox,r,12.35,V,2.47,5060452360836,12,250,ml,2,1,15060452360833
640380,,12x250ml,organic,Raspberry & Elderflower Kombucha - can,1.65,Equinox,r,12.35,V,2.47,5060452360782,12,250,ml,2,1,15060452360789
640382,,12x250ml,organic,Sicilian Lemon Kombucha - can,1.65,Equinox,r,12.35,V,2.47,5060452361017,12,250,ml,2,1,15060452361014
640384,,12x250ml,organic,"Watermelon, Cucumber & Ashwagandha - Calming Kombucha - can",1.65,Equinox,r,12.35,V,2.47,5060452361147,12,250,ml,2,1,15060452361144
640385,,12x250ml,organic,"Apple, Lime, Guarana & Matcha - Energising Kombucha - can",1.65,Equinox,r,12.35,V,2.47,5060452361130,12,250,ml,2,1,15060452361137
640395,,12x330ml,,Lemon Lemonade,2.47,Ferment Fizz,,18.55,V,3.71,5903137530974,12,330,ml,2,1,5902627013812
640396,,12x330ml,,Lemon & Raspberry Lemonade,2.47,Ferment Fizz,,18.55,V,3.71,5903137530998,12,330,ml,2,1,5902627013829
640398,,12x330ml,,Orange & Mango Lemonade,2.47,Ferment Fizz,,18.55,V,3.71,5903137530981,12,330,ml,2,1,5902627013836
641009,,12x1l,organic,Coconut Water,3.75,Biona,h,28.1,V,5.62,5032722320635,12,1,l,2,1,5032722658103
641012,,6x330ml,organic,Kombucha Ginger & Lime,3.39,Biona,,12.7,V,2.54,5032722316614,6,330,ml,2,1,5032722654013
641013,,6x330ml,organic,Kombucha Passionfruit & Lemon,3.39,Biona,,12.7,V,2.54,5032722320499,6,330,ml,2,1,5032722657960
641014,,6x330ml,organic,Kombucha Original,3.39,Biona,,12.7,V,2.54,5032722316607,6,330,ml,2,1,5032722654006
641016,,6x330ml,organic,Kombucha Cherry & Mint,3.39,Biona,,12.7,V,2.54,5032722316621,6,330,ml,2,1,5032722654020
641017,,12x250ml,,Sparkling Coconut Water,1.8,Bonsoy,,13.5,V,2.7,9312336048504,12,250,ml,2,1,19312336048501
641018,,12x250ml,,Sparkling Coconut Water - Passionfruit,1.8,Bonsoy,,13.5,V,2.7,9312336048535,12,250,ml,2,1,19312336048532
641019,,12x250ml,,Sparkling Coconut Water - Watermelon,1.8,Bonsoy,,13.5,V,2.7,9312336048511,12,250,ml,2,1,19312336048518
641022,,24x250ml,organic,Cola Kombucha,1.54,Suma,r,23,V,4.6,5017601050650,24,250,ml,2,1,5017601050643
641033,,24x250ml,organic,Elderflower Lemon Kombucha,1.54,Suma,r,23,V,4.6,5017601050698,24,250,ml,2,1,5017601050681
641035,,24x250ml,organic,Ginger Kombucha,1.54,Suma,r,23,V,4.6,5017601049739,24,250,ml,2,1,5017601049722
641036,,24x250ml,organic,Peach & Turmeric Kombucha,1.54,Suma,r,23,V,4.6,5017601049753,24,250,ml,2,1,5017601049746
641037,,24x250ml,organic,Strawberry & Raspberry Kombucha,1.54,Suma,r,23,V,4.6,5017601049777,24,250,ml,2,1,5017601049760
641038,,24x250ml,organic,Lychee Lemongrass Kombucha,1.54,Suma,r,23,V,4.6,5017601050674,24,250,ml,2,1,5017601050667
641040,,24x250ml,organic,"Yuzu, Mint & Matcha Kombucha",1.53,Suma,r,23,V,4.6,5017601053095,24,250,ml,2,1,5017601053088
641045,,12x250ml,organic,Apple Blackberry Kombucha,2.39,Raw Vibrant Living,,17.9,V,3.58,5032722320574,12,250,ml,2,1,5032722658042
641046,,12x250ml,organic,Peach Kombucha,2.39,Raw Vibrant Living,,17.9,V,3.58,5032722320567,12,250,ml,2,1,5032722658035
641048,,12x250ml,organic,Cherry Water Kefir,2.89,Raw Vibrant Living,,21.65,V,4.33,5032722320697,12,250,ml,2,1,5032722658165
641050,,12x250ml,organic,Mango & Passionfruit Water Kefir,2.89,Raw Vibrant Living,,21.65,V,4.33,5032722320703,12,250,ml,2,1,5032722658172
641441,,6x1l,organic,Pure Coco Juice - 1 litre,4.99,Dr Martins,,18.7,V,3.74,4260183213079,6,1,l,2,1,4260183213086
641442,,15x330ml,organic,Pure Coco Juice - 330ml,2.89,Dr Martins,,27.05,V,5.41,42341673,15,330,ml,2,1,4260183213413
641494,,12x330ml,,Cherry & Lime Soda,2.15,Living Things,,16.1,V,3.22,5070003887125,12,330,ml,2,1,15070003887122
641495,,12x330ml,,Lemon & Ginger Soda,2.15,Living Things,,16.1,V,3.22,5070002633525,12,330,ml,2,1,15070002633522
641496,,12x330ml,,Peach & Blood Orange Soda,2.15,Living Things,,16.1,V,3.22,5070002633501,12,330,ml,2,1,15070002633508
641497,,12x330ml,,Raspberry & Pomegranate Soda,2.15,Living Things,,16.1,V,3.22,5070002633518,12,330,ml,2,1,15070002633515
641498,,12x330ml,,Rhubarb & Apple Soda,2.15,Living Things,,16.1,V,3.22,507002633594,12,330,ml,2,1,15070002633591
641499,,12x330ml,,Watermelon & Lime Soda,2.15,Living Things,,16.1,V,3.22,5070002633549,12,330,ml,2,1,15070002633546
641505,,6x500ml,,Honegar - small,5.99,Rayners,,22.45,V,4.49,5019998631344,6,500,ml,2,1,5019998765049
641507,,6x750ml,,Honegar,9,Rayners,,33.7,V,6.74,5019998000560,6,750,ml,2,1,15019998000567
641603,,12x275ml,,Gusto - Low-Calorie Cola - FT,1.79,Gusto,r,13.45,V,2.69,5060042491339,12,275,ml,2,1,15060042491336
641604,,12x275ml,organic,Gusto - Organic Cherry Cola,1.79,Gusto,r,13.45,V,2.69,5060042490004,12,275,ml,2,1,15060042490001
641605,,12x250ml,organic,Gusto Original Organic Energy,1.91,Gusto,r,14.3,V,2.86,5060042491018,12,250,ml,2,1,5060042491018
641606,,12x275ml,organic,Gusto - Organic Real Cola - FT,1.79,Gusto,r,13.45,V,2.69,5060042491322,12,275,ml,2,1,15060042491329
641608,,12x275ml,organic,Gusto - Fiery Ginger with Jalapeño - FT,1.79,Gusto,r,13.45,V,2.69,5060042490028,12,275,ml,2,1,15060042490025
641609,,12x275ml,organic,Gusto - Sicilian Blood Orange - FT,1.79,Gusto,r,13.45,V,2.69,5060042490011,12,275,ml,2,1,15060042490018
641611,,12x275ml,organic,Gusto - Lemon Yuzu - FT,1.91,Gusto,r,14.3,V,2.86,5060042490035,12,275,ml,2,1,15060042490032
641614,,12x330ml,,Lemonade Living Soda,1.49,Hip Pop,r,11.15,V,2.23,,12,330,ml,2,1,5060512673043
641616,,12x330ml,,Apple & Elderflower Kombucha,1.49,Hip Pop,r,11.15,V,2.23,5060512670943,12,330,ml,2,1,5060512670950
641617,,12x330ml,,Blueberry & Ginger Kombucha,1.49,Hip Pop,r,11.15,V,2.23,5060512670967,12,330,ml,2,1,5060512670974
641619,,12x330ml,,Ginger & Yuzu Kombucha,1.49,Hip Pop,r,11.15,V,2.23,5060512670981,12,330,ml,2,1,5060512670998
641620,,12x330ml,,Strawberry & Pineapple Kombucha,1.49,Hip Pop,r,11.15,V,2.23,5060512671001,12,330,ml,2,1,5060512671018
641621,,12x330ml,,Cherry & Blackberry CBD Kombucha,1.91,Hip Pop,r,14.3,V,2.86,5060512670806,12,330,ml,2,1,5060512670844
641623,,12x330ml,,Passion Fruit & Guava CBD Kombucha,1.91,Hip Pop,r,14.3,V,2.86,5060512670790,12,330,ml,2,1,5060512670868
641624,,12x330ml,,Pink Grapefruit Living Soda,1.47,Hip Pop,r,11.05,V,2.21,5060512670905,12,330,ml,2,1,5060512670912
641625,,12x330ml,,Tropical Peach Living Soda,1.49,Hip Pop,r,11.15,V,2.23,5060512670929,12,330,ml,2,1,5060512670936
641627,,12x330ml,,Ginger & Turmeric Living Soda,1.49,Hip Pop,r,11.15,V,2.23,5060512670837,12,330,ml,2,1,5060512670875
641634,,12x330ml,,Berries & Cherries Living Soda,1.47,Hip Pop,r,11.05,V,2.21,5060512671940,12,330,ml,2,1,5060512671940
642905,,6x1l,,Coconut Water,2.69,UFC,r,10.1,V,2.02,8850025000026,6,1,l,2,1,68850025000028
642920,,12x250ml,organic,Blackcurrant Kombucha & ACV,2.11,Willy's ACV,,15.8,V,3.16,5060655700613,12,250,ml,2,1,50606557006202
642922,,12x250ml,organic,Raspberry Kombucha & ACV,2.11,Willy's ACV,,15.8,V,3.16,5060655700590,12,250,ml,2,1,5060655700606
660560,,6x500ml,organic,Elderflower Cordial,4.83,Belvoir,r,18.1,V,3.62,5022019150205,6,500,ml,2,1,5022019151202
660565,,6x500ml,organic,Ginger Cordial,4.83,Belvoir,r,18.1,V,3.62,5022019160204,6,500,ml,2,1,5022019161201
660574,,6x750ml,,Sparkling Clementine & Cranberry,3.6,Belvoir,r,13.5,V,2.7,5022019440115,6,750,ml,2,1,5022019442119
660575,,6x750ml,organic,Elderflower Pressé,3.44,Belvoir,r,12.9,V,2.58,5022019150113,6,750,ml,2,1,5022019152117
660577,,12x275ml,organic,Elderflower Pressé,1.58,Belvoir,r,11.85,V,2.37,5022019150311,12,275,ml,2,1,5022019153718
660580,,6x750ml,organic,Ginger Beer,3.44,Belvoir,r,12.9,V,2.58,5022019160112,6,750,ml,2,1,5022019162116
660582,,12x275ml,organic,Ginger Beer,1.58,Belvoir,r,11.85,V,2.37,5022019160716,12,275,ml,2,1,5022019163717
660588,,12x330ml,,Sparkling Mango & Peach - can,0.92,Belvoir,r,6.9,V,1.38,5022019261918,12,330,ml,2,1,5022019265916
660589,,12x330ml,,Raspberry Lemonade - can,0.92,Belvoir,r,6.9,V,1.38,5022019251919,12,330,ml,2,1,5022019255917
660590,,12x330ml,,Sparkling Elderflower - can,0.92,Belvoir,r,6.9,V,1.38,5022019361915,12,330,ml,2,1,5022019365913
660591,,12x330ml,,Ginger Beer - can,0.92,Belvoir,r,6.9,V,1.38,5022019098910,12,330,ml,2,1,5022019098910
660675,,6x330ml,organic,Acerola Cherry Juice - pure 100%,7.49,Biona,,28.05,V,5.61,5032722307339,6,330,ml,2,1,5032722643949
660677,,6x330ml,organic,Blackcurrant Pure Juice - 100%,4.69,Biona,,17.55,V,3.51,5032722319905,6,330,ml,2,1,5032722657311
660680,,6x1l,organic,Apple Juice - Tetra,3.88,Biona,,14.55,V,2.91,5032722307186,6,1,l,2,1,5032722643802
660684,,12x500ml,organic,Beetroot Juice - Tetra,2.69,Biona,,20.15,V,4.03,5032722312357,12,500,ml,2,1,5032722648692
660685,,6x330ml,organic,Blueberry Juice - 100%,8.89,Biona,,33.3,V,6.66,5032722307322,6,330,ml,2,1,5032722643932
660687,,6x1l,organic,Tart Cherry Juice - 100% - large,9.39,Biona,,35.2,V,7.04,5032722311541,6,1,l,2,1,5032722647848
660688,,6x200ml,organic,Tart Cherry Juice - 100% - small,3.28,Biona,,12.3,V,2.46,5032722311558,6,200,ml,2,1,5032722647855
660689,,12x500ml,organic,Carrot Juice - Tetra,2.49,Biona,,18.65,V,3.73,5032722315471,12,500,ml,2,1,5032722652873
660690,,6x1l,organic,Pomegranate Juice - 100% - large,8.4,Biona,,31.45,V,6.29,5032722308824,6,1,l,2,1,5032722645998
660692,,6x200ml,organic,Pomegranate Juice -100%  - small,2.99,Biona,,11.2,V,2.24,5032722308831,6,200,ml,2,1,5032722646001
660693,,6x750ml,organic,Apple Juice - large,3.99,Biona,,14.95,V,2.99,5032722318311,6,750,ml,2,1,5032722655713
660694,,6x750ml,organic,Carrot Juice,3.99,Biona,,14.95,V,2.99,5032722318328,6,750,ml,2,1,5032722655720
660695,,6x750ml,organic,Orange Juice,5.89,Biona,,22.05,V,4.41,5032722318359,6,750,ml,2,1,5032722655751
660696,,6x750ml,organic,Red Grape Juice,4.89,Biona,,18.3,V,3.66,5032722318342,6,750,ml,2,1,5032722655744
660697,,6x750ml,organic,Tomato Juice,4.29,Biona,,16.05,V,3.21,5032722318335,6,750,ml,2,1,5032722655737
660707,,6x1l,organic,Peach Apricot and Apple Juice,5.79,Biona,,21.7,V,4.34,5032722314191,6,1,l,2,1,5032722651555
660711,,6x750ml,organic,Cranberry Drink - sweetened,6.69,Biona,,25.05,V,5.01,5032722302518,6,750,ml,2,1,5032722640573
660712,,6x330ml,organic,Cranberry Juice - 100% - small,6.69,Biona,,25.05,V,5.01,5032722305144,6,330,ml,2,1,5032722644397
660713,,6x750ml,organic,Apple & Mango Juice,5.99,Biona,,22.45,V,4.49,5032722304987,6,750,ml,2,1,5032722641518
660714,,6x750ml,organic,Cranberry Juice -100% - large,12,Biona,,44.95,V,8.99,5032722307513,6,750,ml,2,1,5032722644113
660716,,6x750ml,organic,Beetroot Juice - 100%,3.79,Biona,,14.2,V,2.84,5032722319912,6,750,ml,2,1,5032722657328
660717,,6x330ml,organic,Elderberry Juice - 100%,5.48,Biona,,20.55,V,4.11,5032722312715,6,330,ml,2,1,5032722649965
660721,,6x250ml,organic,Ginger Juice - 100%,5.09,Biona,r,19.1,V,3.82,5032722320024,6,250,ml,2,1,5032722657458
660723,,6x250ml,organic,Lemon Juice -100%,2.03,Biona,r,9.15,,0,5032722312012,6,250,ml,0,1,5032722657427
660724,,6x250ml,organic,Lime Juice -100%,2.99,Biona,,13.45,,0,5032722320000,6,250,ml,0,1,5032722657434
660730,,8x95ml,organic,Fibre Shot,2.99,Biona,s,14.95,V,2.99,5032722320680,8,95,ml,2,1,5032722658158
660731,,8x95ml,organic,Immune Shot,2.99,Biona,s,14.95,V,2.99,5032722320673,8,95,ml,2,1,5032722658141
661157,,6x1l,,Cloudy Apple,4.04,Cawston Press,,15.15,V,3.03,5060054134026,6,1,l,2,1,5060054130431
661158,,6x1l,,Apple & Elderflower Juice,4.04,Cawston Press,,15.15,V,3.03,5060054134040,6,1,l,2,1,5060054130448
661159,,6x1l,,Apple & Ginger,4.04,Cawston Press,,15.15,V,3.03,5060054134057,6,1,l,2,1,5060054130455
661160,,6x1l,,Apple & Rhubarb,4.04,Cawston Press,,15.15,V,3.03,5060054134064,6,1,l,2,1,5060054130462
661162,,6x1l,,Brilliant Beetroot,4.04,Cawston Press,,15.15,V,3.03,5060054134033,6,1,l,2,1,5060054130424
661164,,6x1l,,Squeezed Orange,5.32,Cawston Press,,19.95,V,3.99,5060054131995,6,1,l,2,1,5060054132008
661166,,6x1l,,Tomato Juice,4.04,Cawston Press,,15.15,V,3.03,5060054131933,6,1,l,2,1,5060054131940
661170,,6x3x200ml,,Apple & Mango Fruit Water - multipack,3.55,Cawston Press,,13.3,V,2.66,96133958,6,3x200,ml,2,1,5060054130301
661172,,6x3x200ml,,Apple & Pear Fruit Water - multipack,3.55,Cawston Press,,13.3,V,2.66,96133965,6,3x200,ml,2,1,5060054130318
661174,,6x3x200ml,,Apple & Summer Berries Fruit Water - multipack,3.55,Cawston Press,,13.3,V,2.66,96133972,6,3x200,ml,2,1,5060054130325
661200,,24x330ml,,Cloudy Apple Sparkling,1.46,Cawston Press,,21.9,V,4.38,5060054134118,24,330,ml,2,1,5060054134163
661202,,24x330ml,,Cloudy Lemonade Sparkling,1.46,Cawston Press,,21.9,V,4.38,5060054132725,24,330,ml,2,1,5060054132732
661204,,24x330ml,,Elderflower Lemonade,1.46,Cawston Press,,21.9,V,4.38,5060054134323,24,330,ml,2,1,5060054134330
661208,,24x330ml,,Ginger Beer Sparkling,1.46,Cawston Press,,21.9,V,4.38,5060054134125,24,330,ml,2,1,5060054134170
661210,,24x330ml,,Orange Sparkling,1.46,Cawston Press,,21.9,V,4.38,5060054131803,24,330,ml,2,1,5060054131797
661212,,24x330ml,,Rhubarb Sparkling,1.46,Cawston Press,,21.9,V,4.38,5060054134132,24,330,ml,2,1,5060054134187
661213,,12x440ml,,Sparkling Water & Watermelon,1.77,Cawston Press,,13.3,V,2.66,5060054132886,12,440,ml,2,1,5060054132893
661220,,12x330ml,organic,Black ChariTea,1.74,ChariTea,,15.65,,0,42282303,12,330,ml,0,1,4260189964425
661222,,12x330ml,organic,Green ChariTea,1.74,ChariTea,,15.65,,0,42282310,12,330,ml,0,1,4260189964432
661224,,12x330ml,organic,Mate ChariTea,1.74,ChariTea,,15.65,,0,42282334,12,330,ml,0,1,4260189964456
661225,,12x330ml,organic,Red ChariTea,1.74,ChariTea,,15.65,,0,42282327,12,330,ml,0,1,4260189964449
661238,,12x330ml,,Coconut Mama - still,1.27,Drink Mamas,r,9.5,V,1.9,4260370661287,12,330,ml,2,1,4260370661294
661240,,12x330ml,organic,Cola Mama - no caffeine - sparkling,1.27,Drink Mamas,r,9.5,V,1.9,4260370660723,12,330,ml,2,1,4260370660914
661242,,12x330ml,organic,Ginger Mama with Lemon - sparkling,1.27,Drink Mamas,r,9.5,V,1.9,4260370660747,12,330,ml,2,1,4260370660938
661243,,12x330ml,organic,Lemon Mama - sparkling,1.27,Drink Mamas,r,9.5,V,1.9,4260370660693,12,330,ml,2,1,4260370660969
661244,,12x330ml,organic,Mango Mama with Orange - sparkling,1.27,Drink Mamas,r,9.5,V,1.9,4260370660730,12,330,ml,2,1,4260370660921
661245,,12x330ml,organic,Passion Mama - sparkling,1.27,Drink Mamas,r,9.5,V,1.9,4260370660686,12,330,ml,2,1,4260370660945
661246,,12x330ml,organic,Orange Mama - sparkling,1.27,Drink Mamas,r,9.5,V,1.9,4260370660709,12,330,ml,2,1,4260370660952
661247,,12x330ml,,Pineapple Mama with Coconut water,1.27,Drink Mamas,r,9.5,V,1.9,4260370661065,12,330,ml,2,1,4260370661089
661270,,24x250ml,,Gaza Cola,0.71,Gaza Cola,,10.65,V,2.13,8437021593167,24,250,ml,2,1,8437021593167
661289,,24x250ml,organic,Cherry Lee Cherry Soda - can,1.21,Karma Drinks,r,18.2,V,3.64,5061070850075,24,250,ml,2,1,15061070850072
661290,,24x250ml,organic,Karma Cola - can,1.21,Karma Drinks,r,18.2,V,3.64,9421902090349,24,250,ml,2,1,9421902090400
661292,,24x250ml,organic,Gingerella Ginger Ale - can,1.21,Karma Drinks,r,18.2,V,3.64,9421902090356,24,250,ml,2,1,9421902090417
661295,,24x250ml,organic,Lemony Lemonade - can,1.21,Karma Drinks,r,18.2,V,3.64,9421902090363,24,250,ml,2,1,9421902090424
661296,,24x250ml,organic,Razza Raspberry lemonade - can,1.21,Karma Drinks,r,18.2,V,3.64,9421906005301,24,250,ml,2,1,9421906005318
661298,,24x250ml,,Sugar-free Karma Cola - can,1.21,Karma Drinks,r,18.2,V,3.64,9421902090691,24,250,ml,2,1,9421902090714
661300,,24x250ml,organic,Orangeade - can,1.21,Karma Drinks,r,18.2,V,3.64,9421902090585,24,250,ml,2,1,9421902090608
661301,,24x250ml,organic,Tropikool - can,1.21,Karma Drinks,r,18.2,V,3.64,5061070850051,24,250,ml,2,1,15061070850058
661306,,24x300ml,organic,Karma Cola - bottle,1.9,Karma Drinks,r,28.55,V,5.71,9421902090028,24,300,ml,2,1,9421902090462
661311,,24x300ml,organic,Gingerella Ginger Ale - bottle,1.9,Karma Drinks,r,28.55,V,5.71,9421902090035,24,300,ml,2,1,9421902090479
661314,,24x300ml,organic,Razza Raspberry lemonade - bottle,1.9,Karma Drinks,r,28.55,V,5.71,9421906005288,24,300,ml,2,1,9421906005295
661316,,24x300ml,organic,Lemony Lemonade - bottle,1.9,Karma Drinks,r,28.55,V,5.71,9421902090264,24,300,ml,2,1,9421902090486
661317,,24x300ml,,Sugar-free Karma Cola - bottle,1.9,Karma Drinks,r,28.55,V,5.71,9421902090660,24,300,ml,2,1,9421902090691
661340,,12x330ml,organic,Blood Orange Lemonaid,2.09,Lemonaid,,15.65,V,3.13,42282297,12,330,ml,2,1,4260189964401
661342,,12x330ml,organic,Ginger Lemonaid,2.09,Lemonaid,,15.65,V,3.13,42345930,12,330,ml,2,1,4260189964418
661345,,12x330ml,organic,Orange Lemonaid,2.09,Lemonaid,,15.65,V,3.13,42507918,12,330,ml,2,1,4260189964838
661541,,12x270ml,organic,English Apple Juice,2.23,Luscombe,r,16.75,V,3.35,5029212122510,12,270,ml,2,1,5029212001525
661547,,12x270ml,organic,Orange Juice,2.23,Luscombe,r,16.75,V,3.35,,12,270,ml,2,1,5029212002072
661548,,12x320ml,organic,Elderflower Bubbly - can,1.32,Luscombe,r,9.9,V,1.98,5029212500516,12,320,ml,2,1,5029212501711
661549,,12x320ml,organic,Hot Ginger Beer - can,1.32,Luscombe,r,9.9,V,1.98,5029212500530,12,320,ml,2,1,5029212501780
661550,,12x320ml,organic,Mango & Peach - can,1.32,Luscombe,r,9.9,V,1.98,5029212500578,12,320,ml,2,1,5029212501773
661551,,12x320ml,organic,Rhubarb Crush - can,1.32,Luscombe,r,9.9,V,1.98,5029212500554,12,320,ml,2,1,5029212501759
661552,,12x320ml,organic,Sicilian Citrus Crush - can,1.32,Luscombe,r,9.9,V,1.98,5029212500547,12,320,ml,2,1,5029212501742
661553,,12x320ml,organic,Sicilian Lemonade - can,1.32,Luscombe,r,9.9,V,1.98,5029212500523,12,320,ml,2,1,5029212501728
661556,,12x320ml,organic,Sparkling Apple Crush - can,1.32,Luscombe,r,9.9,V,1.98,5029212500509,12,320,ml,2,1,5029212501704
661561,,12x270ml,organic,Damascene Rose Bubbly,1.93,Luscombe,r,14.5,V,2.9,,12,270,ml,2,1,5029212002058
661562,,12x270ml,organic,Ginger Beer Cool,1.91,Luscombe,r,14.3,V,2.86,,12,270,ml,2,1,5029212002010
661563,,12x270ml,organic,Ginger Beer Hot,1.91,Luscombe,r,14.3,V,2.86,,12,270,ml,2,1,5029212002027
661566,,12x270ml,organic,Lemonade Sicilian,1.91,Luscombe,r,14.3,V,2.86,,12,270,ml,2,1,5029212002041
661569,,12x270ml,organic,Raspberry Crush,2.13,Luscombe,r,15.95,V,3.19,,12,270,ml,2,1,5029212002096
661574,,12x270ml,organic,Rhubarb Crush,2.13,Luscombe,r,15.95,V,3.19,,12,270,ml,2,1,5029212002119
661576,,12x270ml,organic,Sicilian Citrus Crush (formerly St Clements),1.99,Luscombe,r,14.9,V,2.98,,12,270,ml,2,1,5029212002065
661619,,24x250ml,organic,Apple Fizz,1.53,Pip,,23,V,4.6,5060218970613,24,250,ml,2,1,5060218979616
661620,,24x250ml,organic,Cherry Fizz,1.53,Pip,,23,V,4.6,5060218970637,24,250,ml,2,1,5060218979630
662205,,6x1l,organic,Apple Juice,4.95,Herons Folly Garden,,18.55,V,3.71,,6,1,l,2,1,
662422,,12x250ml,organic,Sicillian Lemon juice,2.49,Mr Organic,,22.4,,0,5060178074116,12,250,ml,0,1,5060178074475
662433,,6x1l,organic,Adam's Pearmain Apple Juice,4.61,Oakwood Farm,,17.3,V,3.46,,6,1,l,2,1,
662435,,6x1l,organic,Apple Juice Blend,4.61,Oakwood Farm,,17.3,V,3.46,,6,1,l,2,1,
662437,,6x1l,organic,Ashmead's Kernel Apple Juice,4.61,Oakwood Farm,,17.3,V,3.46,,6,1,l,2,1,
662440,,6x1l,organic,Cox Apple Juice Blend,4.61,Oakwood Farm,,17.3,V,3.46,,6,1,l,2,1,
662445,,6x1l,organic,Fiesta Apple Juice,4.61,Oakwood Farm,,17.3,V,3.46,,6,1,l,2,1,
662446,,6x1l,organic,Goldrush Apple Juice,4.61,Oakwood Farm,,17.3,V,3.46,,6,1,l,2,1,
662447,,6x1l,organic,Gala Apple Juice,4.61,Oakwood Farm,h,17.3,V,3.46,,6,1,l,2,1,
662467,,6x1l,organic,Bramley/Dessert Apple Juice Blend,4.61,Oakwood Farm,,17.3,V,3.46,,6,1,l,2,1,
662468,,6x1l,organic,King's Acre Pippin Apple Juice,4.61,Oakwood Farm,,17.3,V,3.46,,6,1,l,2,1,
662470,,6x1l,organic,Pear Juice,4.61,Oakwood Farm,,17.3,V,3.46,,6,1,l,2,1,
662480,,12x330ml,,OHMG - Sparkling Magnesium Water,2.23,OHMG,,15.4,V,3.08,5065003394063,12,330,ml,2,1,5065003394063
662482,,12x330ml,,OHMG - Raspberry & Lemon Balm,2.23,OHMG,,15.4,V,3.08,5065003394131,12,330,ml,2,1,5065003394131
662484,,12x330ml,,OHMG - Peach & Rosemary,2.23,OHMG,,15.4,V,3.08,5065003394087,12,330,ml,2,1,5065003394087
662485,,12x330ml,,OHMG - Pineapple & Grapefruit,2.23,OHMG,,15.4,V,3.08,,12,330,ml,2,1,5065003394247
662486,,12x330ml,,OHMG - Blackcurrant & Vitamin C,2.23,OHMG,,15.4,V,3.08,5065003394117,12,330,ml,2,1,5065003394117
662730,,6x740ml,,Blackcurrant Squash,4.08,Rocks,,15.3,V,3.06,5023762000113,6,740,ml,2,1,5023762000175
662731,,6x740ml,,Lemon Squash,4.08,Rocks,,15.3,V,3.06,5023762000120,6,740,ml,2,1,5023762000182
662734,,6x740ml,,Orange Squash,4.08,Rocks,,15.3,V,3.06,5023762000137,6,740,ml,2,1,5023762000373
662735,,6x740ml,,Summer Fruit Squash,4.08,Rocks,,15.3,V,3.06,5023762000632,6,740,ml,2,1,50237620006494
663206,,6x400ml,,Apple Juice - Concentrate,5.99,Suma,,22.45,V,4.49,5017601052739,6,400,ml,2,1,5017601052722
663208,,6x400ml,,Apple & Blackcurrant Juice - Concentrate,6.48,Suma,,24.3,V,4.86,5017601052692,6,400,ml,2,1,5017601052685
663511,,6x500ml,organic,Blueberry Drink,5.95,Vitacore,,22.3,V,4.46,5034210000012,6,500,ml,2,1,15034210000019
663512,,6x500ml,organic,Cranberry Drink,5.95,Vitacore,,22.3,V,4.46,5034210000050,6,500,ml,2,1,25034210000016
663513,,6x500ml,organic,Pomegranate Juice,3.95,Vitacore,,14.8,V,2.96,5034210600045,6,500,ml,2,1,5034210960064
663514,,6x500ml,organic,Prune Juice,5.95,Vitacore,,22.3,V,4.46,5034210600090,6,500,ml,2,1,5034210960057
664344,,12x330ml,organic,Lime Lemonaid,2.09,Lemonaid,,15.65,V,3.13,42282273,12,330,ml,2,1,4260189964395
664348,,12x330ml,organic,Passion Fruit Lemonaid,2.09,Lemonaid,,15.65,V,3.13,42282280,12,330,ml,2,1,4260189964388
664505,,6x750ml,organic,Apple Juice,4.27,James White,,16,V,3.2,5020934000100,6,750,ml,2,1,5020934442009
664507,,6x750ml,organic,Apple & Crushed Ginger Juice,4.27,James White,,16,V,3.2,5020934000162,6,750,ml,2,1,5020934444126
664510,,6x750ml,organic,Carrot & Apple Juice,4.27,James White,,16,V,3.2,5020934000124,6,750,ml,2,1,5020934001039
664518,,6x750ml,organic,Pear Juice,4.27,James White,,16,V,3.2,5020934000117,6,750,ml,2,1,5020934001053
664519,,6x750ml,organic,Pear & Raspberry Juice,5.39,James White,,20.2,V,4.04,5020934000155,6,750,ml,2,1,5020934001046
664520,,24x250ml,organic,Apple Juice,1.8,James White,,26.95,V,5.39,5020934025103,24,250,ml,2,1,5020934822016
664522,,24x250ml,organic,Apple & Crushed Ginger Juice,1.8,James White,,26.95,V,5.39,5020934025165,24,250,ml,2,1,5020934822054
664523,,24x250ml,organic,Carrot & Apple Juice,1.8,James White,,26.95,V,5.39,5020934025127,24,250,ml,2,1,5020934822030
664530,,24x250ml,organic,Pear Juice,1.8,James White,,26.95,V,5.39,5020934025110,24,250,ml,2,1,5020934822023
664555,,6x750ml,organic,Beetroot Juice - Beet It - large - glass,4.02,James White,,15.1,V,3.02,5020934000728,6,750,ml,2,1,5020934001237
664560,,6x750ml,organic,Carrot Juice,4.27,James White,,16,V,3.2,5020934000278,6,750,ml,2,1,5020934001084
664562,,6x750ml,organic,Tomato Juice,4.27,James White,,16,V,3.2,5020934000643,6,750,ml,2,1,5020934001251
664565,,6x750ml,organic,Mixed Vegetables Juice,4.27,James White,,16,V,3.2,5020934000636,6,750,ml,2,1,5020934001244
664592,,15x70ml,organic,Beet It - Shot - conc. beetroot juice - plastic,1.96,James White,,22.05,,0,5020934007017,15,70,ml,0,1,5020934923584
664593,,15x70ml,organic,Beet It & Ginger - Shot - conc. beetroot juice - plastic,1.96,James White,,22.05,,0,5020934007123,15,70,ml,0,1,5020934924116
664594,,15x70ml,organic,Beet It & Turmeric - Shot - conc. beetroot juice - plastic,1.96,James White,,22.05,,0,5020934007130,15,70,ml,0,1,5020934924123
664595,,6x750ml,organic,Ginger Beet It - glass,4.13,James White,,15.5,V,3.1,5020934750012,6,750,ml,2,1,5020934823068
664601,,8x1l,,Immunity Juice,3.55,James White,,17.75,V,3.55,502093400346,8,1,l,2,1,5020934000339
664602,,8x1l,,Vitalise Green Juice,4.95,James White,,24.75,V,4.95,5020934000322,8,1,l,2,1,5020934000315
664605,,8x1l,organic,1l Tetra Beetroot Juice - Beet It,4.22,James White,,21.1,V,4.22,5020934001008,8,1,l,2,1,5020934000230
664607,,8x1l,,Prune Juice,4.48,James White,,22.4,V,4.48,5020934520035,8,1,l,2,1,5020934510029
664608,,8x1l,,Veg-It Tetra - blend of 8 vegetables,3.52,James White,,17.6,V,3.52,5020934520103,8,1,l,2,1,5020934510135
664617,,12x70ml,organic,Ginger Guard Zinger Shot,2.05,James White,,15.35,V,3.07,5020934008267,12,70,ml,2,1,5020934008212
664619,,12x70ml,organic,Turmeric Revive Zinger Shot,2.05,James White,,15.35,V,3.07,5020934008274,12,70,ml,2,1,5020934008229
664621,,12x70ml,organic,Green Uplift Zinger Shot,2.05,James White,,15.35,V,3.07,5020934008281,12,70,ml,2,1,5020934008236
664622,,15x70ml,organic,Ginger Zinger Shot,1.83,James White,,17.2,V,3.44,5020934007031,15,70,ml,2,1,5020934952027
664623,,12x70ml,organic,Beetroot Focus Zinger Shot,2.05,James White,,15.35,V,3.07,5020934008298,12,70,ml,2,1,5020934008243
664624,,15x70ml,,Intense Sour Cherry Zinger Shot,1.83,James White,,17.2,V,3.44,5020934001060,15,70,ml,2,1,5020934959095
664625,,15x70ml,organic,Xtra Hot Ginger Zinger Shot,1.83,James White,,17.2,V,3.44,5020934007048,15,70,ml,2,1,5020934953031
664627,,15x70ml,organic,Golden Turmeric Juice Zinger Shot,1.83,James White,,17.2,V,3.44,5020934007062,15,70,ml,2,1,5020934955059
664628,,6x330ml,organic,Ginger Zinger - 5 Shots,4.71,James White,,17.65,V,3.53,5020934008113,6,330,ml,2,1,5020934008137
664630,,6x330ml,organic,Turmeric Zinger - 5 Shots,4.71,James White,,17.65,V,3.53,5020934008120,6,330,ml,2,1,5020934008144
671795,,12x275ml,,Cherry Cola,2.07,Fentimans,,15.5,V,3.1,5029396738736,12,275,ml,2,1,5029396738743
671801,,12x275ml,,Raspberry Lemonade,2.07,Fentimans,,15.5,V,3.1,5029396003483,12,275,ml,2,1,15029396003480
671802,,12x275ml,,Curiosity Cola,2.07,Fentimans,,15.5,V,3.1,5029396322782,12,275,ml,2,1,5029396322799
671803,,12x275ml,,Dandelion & Burdock,2.07,Fentimans,,15.5,V,3.1,5029396212359,12,275,ml,2,1,5029396292368
671805,,12x275ml,,Traditional Ginger Beer - small,2.07,Fentimans,,15.5,V,3.1,5029396222334,12,275,ml,2,1,5029396122757
671807,,12x275ml,,Rose Lemonade - small,2.07,Fentimans,,15.5,V,3.1,5029396738576,12,275,ml,2,1,5029396738583
671810,,12x275ml,,Victorian Lemonade,2.07,Fentimans,,15.5,V,3.1,5029396222341,12,275,ml,2,1,5029396222754
671815,,12x275ml,,Mandarin Seville Orange Jigger,2.07,Fentimans,,15.5,V,3.1,5029396322775,12,275,ml,2,1,5029396322768
671816,,12x275ml,,Sparkling Elderflower,2.07,Fentimans,,15.5,V,3.1,5029396739078,12,275,ml,2,1,5029396739085
671917,,6x4x200ml,,Original Tonic Water - Mixer,4.96,Fentimans,,18.6,V,3.72,5029396738668,6,4x200,ml,2,1,5029396738651
672000,,12x250ml,,Magnesium Water Energy - pomegranate & rhubarb,2.05,BetterYou,,15.35,V,3.07,5060148524290,12,250,ml,2,1,5060148524450
672001,,12x250ml,,Magnesium Water Focus - blueberry & mint,2.05,BetterYou,,15.35,V,3.07,5060148524306,12,250,ml,2,1,5060148524498
672002,,12x250ml,,Magnesium Water Hydrate - lime & bergamot,2.05,BetterYou,,15.35,V,3.07,5060148524313,12,250,ml,2,1,5060148524535
672005,,6x750ml,,Big Tom - large bottles,3.65,James White,,13.7,V,2.74,5020934400023,6,750,ml,2,1,5020934001749
672010,,24x250ml,,Big Tom - small bottles,1.55,James White,,23.2,V,4.64,5020934402522,24,250,ml,2,1,5020934412514
691570,,24x330ml,organic,Apple - cans,1.62,Whole Earth,,24.35,V,4.87,5013665112136,24,330,ml,2,1,5013665147282
691575,,24x330ml,organic,Cola - cans,1.62,Whole Earth,,24.35,V,4.87,5013665116417,24,330,ml,2,1,5013665147220
691577,,24x330ml,organic,Elderflower - cans,1.62,Whole Earth,,24.35,V,4.87,5011835102765,24,330,ml,2,1,5013665147329
691580,,24x330ml,organic,Lemonade - cans,1.62,Whole Earth,,24.35,V,4.87,5011835102161,24,330,ml,2,1,5013665147244
691582,,24x330ml,organic,Ginger - cans,1.62,Whole Earth,,24.35,V,4.87,5013665116530,24,330,ml,2,1,5013665147343
691585,,24x330ml,organic,Orange/Lemon - cans,1.62,Whole Earth,,24.35,V,4.87,5013665112150,24,330,ml,2,1,5013665147305
691595,,24x330ml,organic,Cranberry - cans,1.62,Whole Earth,,24.35,V,4.87,5011835102260,24,330,ml,2,1,5013665147268
702355,,12x500ml,,Still Mineral Water - in tetra,0.99,Aquapax,,7.25,V,1.45,5060148790022,12,500,ml,2,1,5060148790046
702361,,24x330ml,,Sparkling British Spring Water in a can,0.93,Aquapax,,13.55,V,2.71,5060148790213,24,330,ml,2,1,5060148790206
702379,,6x750ml,,Raspberry Margarita non-alcoholic,3.22,Belvoir,r,12.05,V,2.41,5022019710119,6,750,ml,2,1,5022019712113
702400,,6x740ml,organic,Blackcurrant & Lime Squash,4.79,Jurassic Drinks,r,17.95,V,3.59,5061092980057,6,740,ml,2,1,15061092980054
702401,,6x740ml,organic,Lemon & Lime Squash,4.79,Jurassic Drinks,r,17.95,V,3.59,5061092980064,6,740,ml,2,1,15061092980061
702403,,6x740ml,organic,Orange Squash,4.79,Jurassic Drinks,r,17.95,V,3.59,5061092980040,6,740,ml,2,1,15061092980047
702420,,12x750ml,,Glass Bottles Life Still Water,1.3,Life,,9.75,V,1.95,5060128840389,12,750,ml,2,1,5060128840150
702422,,24x330ml,,Glass Bottles Life Still Water,0.71,Life,,10.6,V,2.12,5060128840358,24,330,ml,2,1,5060128840365
702425,,12x750ml,,Glass Bottles Life Sparkling Water,1.3,Life,,9.75,V,1.95,5060128840372,12,750,ml,2,1,5060128840174
702426,,24x330ml,,Glass Bottles Life Sparkling Water,0.71,Life,,10.6,V,2.12,5060128840334,24,330,ml,2,1,5060128840341
702428,,24x330ml,,Canned Life Sparkling Water,0.71,Life,,10.6,V,2.12,5060128840556,24,330,ml,2,1,5060128840587
702430,,24x330ml,,Canned Life Still Water,0.71,Life,,10.6,V,2.12,5060128840549,24,330,ml,2,1,5060128840570
702432,,24x290ml,,Koota Mangosteen Juice,3.95,Koota Juice,h,59.2,V,11.84,5070003496709,24,290,ml,2,1,
702433,,24x290ml,,Koota Mangosteen + Lychee Juice,3.95,Koota Juice,h,59.2,V,11.84,5070003496723,24,290,ml,2,1,
702434,,24x290ml,,Koota Mangosteen & Pomegranate Juice,3.95,Koota Juice,h,59.2,V,11.84,5070003496716,24,290,ml,2,1,
705520,,5x350g,,Berry Burst Gluten-free Granola,3.61,Bio & Me,r,13.55,,0,5060853640315,5,350,g,0,1,15060853640312
705521,,5x360g,,Blueberry Immunity Support Granola,3.49,Bio & Me,r,13.1,,0,5060853641114,5,360,g,0,1,15060853641111
705522,,5x350g,,Super Nutty Gluten-free Granola,3.61,Bio & Me,r,13.55,,0,5060853640391,5,350,g,0,1,15060853640398
705523,,5x360g,,Cocoa & Hazelnut Protein Boosted Granola,3.49,Bio & Me,r,13.1,,0,5060853640131,5,360,g,0,1,25060853640135
705524,,5x360g,,Low Sugar Naturally Granola,3.49,Bio & Me,r,13.1,,0,5070000126548,5,360,g,0,1,25070000126542
705525,,5x350g,,Fruit and Nut Gluten-free Granola,3.6,Bio & Me,r,13.5,,0,5060853641015,5,350,g,0,1,15060853641012
705526,,5x360g,,Super Seedy & Nutty Granola,3.49,Bio & Me,r,13.1,,0,5070000126579,5,360,g,0,1,25070000126573
705530,,5x400g,,Super Seedy & Nutty Porridge,2.53,Bio & Me,r,9.5,,0,5060853640063,5,400,g,0,1,25060853640067
705532,,5x450g,,Fruit & Nut Muesli,2.91,Bio & Me,r,10.9,,0,,5,450,g,0,1,15060853640695
705533,,5x450g,,Super Nutty Muesli,2.91,Bio & Me,r,10.9,,0,,5,450,g,0,1,15060853640978
705534,,5x350g,,Pistachio & Chia Overnight Oats,3.05,Bio & Me,r,11.45,,0,15060853641289,5,350,g,0,1,15060853641289
705535,,5x350g,,Cocoa Gluten-free Overnight Oats,3.05,Bio & Me,r,11.45,,0,5060853641138,5,350,g,0,1,15060853641135
705536,,5x350g,,Raspberry & Coconut Overnight Oats,3.05,Bio & Me,r,11.45,,0,5060853641145,5,350,g,0,1,15060853641142
705537,,5x360g,,Pistachio & Vanilla Low Sugar Granola,3.49,Bio & Me,r,13.1,,0,5060853641275,5,360,g,0,1,15060853641272
722219,,6x1l,organic,Organic Pure Oaty Barista - gluten-free,2.79,Glebe Farm,,12.6,,0,5060084572676,6,1,l,0,1,5060084572683
722221,,6x1l,,Pure Oaty Barista - gluten-free,2.56,Glebe Farm,,11.5,,0,5060084572652,6,1,l,0,1,5060084572669
722222,,6x1l,,Pure Oaty Creamy Enriched - gluten-free,2.56,Glebe Farm,,11.5,,0,5060084572607,6,1,l,0,1,5060084572591
723005,,12x100g,,Custard Powder - all natural,1.83,Just Wholefoods,,16.5,,0,5022775000110,12,100,g,0,1,5022775120115
723007,,10x25g,,VegeSet - alternative to gelatine,2.6,Just Wholefoods,,19.5,,0,5022775000622,10,25,g,0,1,5022775100629
723010,,12x85g,,Lively Lemon Jelly Crystals - with sugar,1.83,Just Wholefoods,,16.5,,0,5022775000233,12,85,g,0,1,5022775120238
723015,,12x85g,,Raw Raspberry Jelly Crystals - with sugar,1.83,Just Wholefoods,,16.5,,0,5022775000240,12,85,g,0,1,5022775120245
723020,,12x85g,,Simply Strawberry Jelly Crystals - with sugar,1.83,Just Wholefoods,,16.5,,0,5022775000219,12,85,g,0,1,5022775120214
723025,,12x85g,,Tropical Twist Jelly Crystals - with sugar,1.83,Just Wholefoods,,16.5,,0,5022775000226,12,85,g,0,1,5022775120221
723203,,6x1l,,Barista Coconut alternative to milk + Calcium,1.99,Koko,r,8.95,,0,5060100602318,6,1,l,0,1,15060100602315
723205,,6x1l,,Original Coconut alternative to milk + Calcium,1.93,Koko,r,8.7,,0,5060100600208,6,1,l,0,1,15060100600564
723211,,6x1l,,Unsweetened Coconut alternative to milk + Calcium,1.93,Koko,r,8.7,,0,5060100601861,6,1,l,0,1,15060100601875
723540,,6x1l,,Barista Oat,1.72,Minor Figures,r,7.75,,0,5060406080223,6,1,l,0,1,5060406080230
723541,,10l,,Oat M*lk - bag in box,,Minor Figures,,19.3,,0,,,10,l,0,1,5060406080575
723543,,6x1l,organic,Barista Chai Concentrate,5.63,Minor Figures,,25.35,,0,5060406080247,6,1,l,0,1,5060406081299
723546,,6x1l,organic,Barista Oat (Organic),1.81,Minor Figures,r,8.15,,0,5060406080452,6,1,l,0,1,5060406080469
723550,,6x1l,,Barista Oat (Regenerative),1.92,Minor Figures,r,8.65,,0,5060406081930,6,1,l,0,1,5060406081947
723560,,6x1l,organic,Activated Almond  M*lk,2.73,Nutty Bruce,,12.3,,0,5060593390822,6,1,l,0,1,15060593390829
723564,,6x1l,organic,Activated Almond & Coconut M*lk,2.73,Nutty Bruce,,12.3,,0,9340784003417,6,1,l,0,1,9340784003414
723568,,6x1l,organic,Activated Almond & Oat M*lk,2.73,Nutty Bruce,,12.3,,0,9340784003424,6,1,l,0,1,9340784003421
724002,,8x1l,organic,Soya Drink,2.97,Plamil,,17.8,,0,5013092002932,8,1,l,0,1,5013092002635
724005,,6x1l,organic,Barista Soya Drink,2,Rude Health,,9,,0,5060120285195,6,1,l,0,1,5060120285201
724030,,8x1l,organic,Oat Drink,1.92,Plenish,r,11.5,,0,5060362074373,8,1,l,0,1,5060362074816
724031,,8x1l,,Enriched Oat - calcium & vitamins,1.92,Plenish,r,11.5,,0,5060362074250,8,1,l,0,1,5060362074830
724032,,6x1l,organic,Oat Barista,2.06,Plenish,r,9.25,,0,5060362072102,6,1,l,0,1,5060362072447
724033,,8x1l,organic,Zero Sugar Oat,1.92,Plenish,r,11.5,,0,5060362075097,8,1,l,0,1,50603620750
724038,,8x1l,organic,Almond Drink,2.2,Plenish,r,13.2,,0,5060362071594,8,1,l,0,1,5060362071655
724040,,6x1l,organic,Almond Barista,2.34,Plenish,r,10.55,,0,5060362072133,6,1,l,0,1,5060362072331
724042,,8x1l,organic,Soya Drink,1.92,Plenish,r,11.5,,0,5060362072263,8,1,l,0,1,5060362072294
724043,,6x1l,organic,Soya Barista,2.06,Plenish,r,9.25,,0,5060362072195,6,1,l,0,1,5060362072270
724044,,8x1l,organic,Cashew Drink,2.2,Plenish,r,13.2,,0,5060362071600,8,1,l,0,1,5060362071662
724046,,8x1l,organic,Coconut Drink,2.2,Plenish,r,13.2,,0,5060362071679,8,1,l,0,1,5060362071617
724583,,6x1l,,Barista Pistachio,4.51,Rude Health,,20.3,,0,5060120286482,6,1,l,0,1,5060120286499
724584,,6x1l,organic,Oat Barista Drink,2.49,Rude Health,,11.2,,0,5060120285065,6,1,l,0,1,5060120285072
724587,,6x1l,organic,Pure Almond Drink - was Ultimate,3.27,Rude Health,r,14.7,,0,5060120283061,6,1,l,0,1,5060120283078
724590,,6x1l,organic,Almond Drink - with rice - Large,2.29,Rude Health,r,10.3,,0,5060120282019,6,1,l,0,1,5060120282248
724591,,6x1l,organic,Cashew Drink,3.49,Rude Health,,15.7,,0,5060120283184,6,1,l,0,1,5060120283191
724592,,6x1l,organic,Brown Rice Drink,2.11,Rude Health,r,9.5,,0,5060120281999,6,1,l,0,1,5060120282224
724593,,6x1l,organic,Coconut Drink,2.54,Rude Health,r,11.45,,0,5060120282354,6,1,l,0,1,5060120282354
724594,,6x1l,organic,Hazelnut Drink,2.54,Rude Health,r,11.45,,0,5060120281616,6,1,l,0,1,5060120282798
724595,,6x1l,organic,Oat Drink,2.11,Rude Health,r,9.5,,0,5060120281975,6,1,l,0,1,5060120282231
724598,,6x1l,organic,Tiger Nut Drink,2.99,Rude Health,,13.45,,0,5060120284020,6,1,l,0,1,5060120284037
724601,,6x1l,organic,Soya Drink,2.3,Rude Health,,10.35,,0,5060120285157,6,1,l,0,1,5060120285164
724605,,8x1l,organic,Soya Natural - unsweetened,1.66,Sojade,r,9.95,,0,3273227080156,8,1,l,0,1,13273221091971
724606,,6x1l,,Barista Almond Drink,2.49,Rude Health,,11.2,,0,5060120285843,6,1,l,0,1,5060120285850
724607,,6x1l,,Barista Coconut Drink,2.49,Rude Health,,11.2,,0,5060120285904,6,1,l,0,1,5060120285911
724608,,6x1l,,Barista Oat Drink,2,Rude Health,,9,,0,5060120285867,6,1,l,0,1,5060120285874
724609,,6x1l,organic,Almond No Sugars Drink,2.69,Rude Health,,12.1,,0,5060120286246,6,1,l,0,1,5060120286253
724611,,8x1l,organic,Soya Sweetened with wheat syrup - gluten free,1.84,Sojade,r,11.05,,0,3273220180259,8,1,l,0,1,13273221099199
724612,,8x750ml,organic,Soya Protein - unsweetened,1.66,Sojade,r,9.95,,0,3273221115588,8,750,ml,0,1,13273221115585
724615,,8x1l,organic,Soya + Vanilla,2.04,Sojade,r,12.25,,0,3273227080279,8,1,l,0,1,13273221091940
724616,,6x1l,organic,Oat No Sugars Drink,2.49,Rude Health,,11.2,,0,5060120286222,6,1,l,0,1,5060120286239
724618,,8x500ml,organic,Sojade Cuisine - Soya Cream,1.88,Sojade,r,11.25,,0,3273221112402,8,500,ml,0,1,13273221112409
724620,,24x200ml,organic,Sojade Cuisine - Soya Cream,0.91,Sojade,r,16.4,,0,3273227088213,24,200,ml,0,1,23273227088217
724622,,8x530g,organic,Chocolate Soya Dessert - Custard,1.46,Sojade,r,8.75,,0,3273220187340,8,530,g,0,1,13273221093128
724624,,8x530g,organic,Vanilla Soya Dessert - Custard,1.5,Sojade,r,9,,0,3273220187364,8,530,g,0,1,13273221093159
724648,,8x1l,organic,Hemp Drink - unsweetened,2.45,Soon,r,14.7,,0,3273221110408,8,1,l,0,1,13273221110405
724653,,8x1l,organic,Oat Drink - unsweetened,1.7,Soon,r,10.25,,0,3273221110422,8,1,l,0,1,13273221110429
724854,,6x1l,,Barista Hazelnut,3.13,Rude Health,,14.1,,0,5060120286505,6,1,l,0,1,5060120286512
724950,,6x1l,organic,Roasted Almond Oat Drink,2.49,Rude Health,,11.2,,0,5060120285782,6,1,l,0,1,5060120285799
725041,,6x1l,organic,Oat & Protein,1.8,Kallo,r,8.1,,0,5013665117438,6,1,l,0,1,5013665148449
725042,,6x1l,organic,Gluten-free Oat,1.8,Kallo,r,8.1,,0,5013665118060,6,1,l,0,1,5013665149262
725705,,6x1l,,Barista Edition Coconut Flavour,1.96,Oatly,r,8.8,,0,,6,1,l,0,1,27394376624197
725706,,6x1.5l,,Barista Oat Drink - large,2.99,Oatly,,13.45,,0,7394376621932,6,1.5,l,0,1,27394376621943
725707,,6x1l,,Semi Oat Drink (calcium & vitamins),2.13,Oatly,,9.6,,0,7394376620720,6,1,l,0,1,27394376620724
725708,,6x1l,organic,Barista Oat Drink,1.88,Oatly,r,8.5,,0,7394376621673,6,1,l,0,1,27394376621677
725709,,6x1l,,No Sugars Oat Drink (calcium & vitamins),2.13,Oatly,,9.6,,0,7394376620867,6,1,l,0,1,27394376620861
725710,,6x1l,organic,Oat Drink,1.62,Oatly,r,7.35,,0,7394376123337,6,1,l,0,1,27394376615782
725711,,6x1l,,Whole Oat Drink (calcium & vitamins),2.13,Oatly,,9.6,,0,7394376620713,6,1,l,0,1,27394376620717
725713,,6x1l,,Chocolate Oat Drink with calcium & vitamins,2.04,Oatly,,9.2,,0,7394376614552,6,1,l,0,1,27394376615805
725714,,6x1l,,Barista Oat Drink,2.22,Oatly,,10,,0,7394376616228,6,1,l,0,1,27394376616222
725715,,18x250ml,organic,Oatly (dairy-free alt. to) Cream,0.9,Oatly,r,12.15,,0,7394376614699,18,250,ml,0,1,27394376614693
725717,,10x500ml,,Barista Oat Drink,1.35,Oatly,,10.15,,0,7394376619427,10,500,ml,0,1,27394376619421
725718,,6x1l,,Oat Drink Vanilla Flavour,2.04,Oatly,,9.2,,0,7394376619229,6,1,l,0,1,27394376619223
725719,,6x1l,,Barista Edition Lighter Taste Oat Drink,2.22,Oatly,,10,,0,7394376621703,6,1,l,0,1,27394376621790
725722,,18x250ml,,Oat Drink Chocolate,0.86,Oatly,,11.45,,0,7394376619465,18,250,ml,0,1,27394376619469
726416,,8x1l,organic,Soya unsweetened Drink,3.02,Alpro,,18.1,,0,5411188511137,8,1,l,0,1,5411188115236
726500,,12x150g,organic,Coconut Milk Powder,3.99,Biona,,35.9,,0,5032722315440,12,150,g,0,1,5032722652842
726505,,6x1l,,Bonsoy,3.54,Bonsoy,,15.95,,0,9312336049013,6,1,l,0,1,19312336049034
726510,,6x1l,organic,Coconut Milk - Semi,3.49,Dr Martins,,15.65,,0,4260183213253,6,1,l,0,1,4260183213260
726511,,6x1l,organic,Coconut Milk - Whole,3.49,Dr Martins,,15.65,,0,4260183213437,6,1,l,0,1,4260183213444
726530,,6x1l,,Sproud - Unsweetened,1.56,Sproud,r,7,,0,7340150800444,6,1,l,0,1,7340150800451
726536,,6x1l,,Sproud Barista,1.56,Sproud,r,7,,0,7340150800536,6,1,l,0,1,7340150800543
726537,,6x1l,,Sproud Barista Zero,1.56,Sproud,r,7,,0,7340150800819,6,1,l,0,1,7340150800826
726539,,6x1l,,Sproud Vanilla,1.56,Sproud,r,7,,0,,6,1,l,0,1,7340150800765
726555,,6x1l,organic,Barista Chai Classic concentrate,3.46,Yogi,,15.2,,0,4012824601048,6,1,l,0,1,4012824631045
737763,,20x45g,,Blackcurrant with Stevia - box,1.35,Ricola,r,16.9,V,3.38,7610700021682,20,45,g,2,1,7610700022283
750105,,15x75g,organic,Natural Corn Chips (small),1.21,Amaizin,r,13.6,,0,8712153400010,15,75,g,0,1,8718976019477
750106,,10x150g,organic,Nacho Cheese Corn Chips,2.07,Amaizin,r,15.55,,0,8717496900081,10,150,g,0,1,
750110,,15x75g,organic,Chilli Corn Chips,1.27,Amaizin,r,14.3,,0,8712153400027,15,75,g,0,1,8718976019460
750120,,15x75g,organic,Paprika Corn Chips,1.27,Amaizin,r,14.3,,0,8716099102045,15,75,g,0,1,8718976019484
750123,,10x150g,organic,Family Bag Natural Corn Chips,1.67,Amaizin,r,12.5,,0,8718976009751,10,150,g,0,1,8718976018074
750124,,10x250g,organic,Extra Large Natural Corn Chips,2.33,Amaizin,r,17.45,,0,8717496904041,10,250,g,0,1,8717496904058
750126,,6x260g,organic,Salsa Chip-Dip - Hot,2.89,Amaizin,,13,,0,8717496015257,6,260,g,0,1,8718976015264
750131,,6x260g,organic,Salsa Chip-Dip - Sweet,2.89,Amaizin,,13,,0,8717496015233,6,260,g,0,1,8718976015240
750135,,14x100g,organic,Tomato Corn Rolls,1.98,Amaizin,,20.85,,0,8717496903716,14,100,g,0,1,8717496903730
750136,,14x100g,organic,Tortilla Rolls - Jalapeño,1.98,Amaizin,,20.85,,0,8718976020244,14,100,g,0,1,8718976020251
750138,,8x40g,organic,Alchemy Bites Carob & Hemp,1.89,Ancestral Superfoods,,9.45,V,1.89,3800500822174,8,40,g,2,1,3800500822433
750139,,8x40g,organic,Alchemy Bites Apple & Fermented Rice Bran,1.89,Ancestral Superfoods,,9.45,V,1.89,3800500822181,8,40,g,2,1,3800500822440
750195,,12x125g,demeter,Sesame Pretzels,2.89,Biona,,26,,0,5032722313521,12,125,g,0,1,5032722650800
750210,,6x18g,organic,Crunchy & Puffed Apple,2.95,Bonny Bite,,13.25,,0,8684097323321,6,18,g,0,1,8684097323321
750212,,6x18g,organic,Crunchy & Puffed Melon,2.95,Bonny Bite,,13.25,,0,8684097323307,6,18,g,0,1,8684097323307
750213,,6x18g,organic,Crunchy & Puffed Strawberries,2.95,Bonny Bite,,13.25,,0,8684097323314,6,18,g,0,1,8684097323314
750214,,6x18g,organic,Crunchy & Puffed Veg Medley,2.95,Bonny Bite,,13.25,,0,8684097323338,6,18,g,0,1,8684097323338
750215,,6x40g,organic,Dried Kiwi,2.95,Bonny Bite,,13.25,,0,8684097323284,6,40,g,0,1,8684097323284
750216,,6x40g,organic,Dried Melon,2.95,Bonny Bite,,13.25,,0,8684097323277,6,40,g,0,1,8684097323277
750217,,6x40g,organic,Dried Watermelon,2.95,Bonny Bite,,13.25,,0,8684097323291,6,40,g,0,1,8684097323291
750287,,15x30g,organic,Roasted Tamari Almonds,1.99,Clearspring,,18.65,V,3.73,5021554986331,15,30,g,2,1,5021554986348
750290,,15x30g,organic,Tamari Roasted Cashew Nuts,1.99,Clearspring,,18.65,V,3.73,5021554988878,15,30,g,2,1,5021554988885
750295,,15x30g,organic,Tamari Roasted Pumpkin Seeds,1.5,Clearspring,,16.75,,0,5021554987567,15,30,g,0,1,5021554987574
750296,,12x40g,organic,Brown Rice Crackers Green Nori & Tamari,2.29,Clearspring,,20.6,,0,5021554004837,12,40,g,0,1,5021554004844
750297,,12x40g,organic,Whole Sesame Brown Rice Crackers,2.29,Clearspring,,20.6,,0,5021554988793,12,40,g,0,1,5021554988809
750298,,12x40g,organic,Black Sesame Brown Rice Crackers,2.29,Clearspring,,20.6,,0,5021554988779,12,40,g,0,1,5021554988786
750299,,12x40g,organic,Brown Rice Crackers Black Pepper & Tamari,2.29,Clearspring,,20.6,,0,5021554004813,12,40,g,0,1,5021554004820
750999,,10x150g,,Cajun Barbecue - Ridge Cut,1.86,Fairfields,r,11.45,V,2.29,5060229503640,10,150,g,2,1,5060229503657
751000,,36x40g,,Bacon & Tomato,0.68,Fairfields,r,15.1,V,3.02,5060229501714,36,40,g,2,1,5060229502605
751002,,36x40g,,Cheese & Onion,0.68,Fairfields,r,15.1,V,3.02,5060101406458,36,40,g,2,1,5060229502582
751004,,36x40g,,Lightly Sea Salted,0.68,Fairfields,r,15.1,V,3.02,5060101406427,36,40,g,2,1,5060229502568
751006,,36x40g,,Roast Rib of Beef,0.68,Fairfields,r,15.1,V,3.02,5060229502315,36,40,g,2,1,5060229502612
751007,,36x40g,,Prawn Cocktail,0.68,Fairfields,r,15.1,V,3.02,5060229503350,36,40,g,2,1,5060229503367
751008,,36x40g,,Sea Salt & Aspall Cyder Vinegar,0.68,Fairfields,r,15.1,V,3.02,5060101406441,36,40,g,2,1,5060229502575
751010,,36x40g,,Sea Salt & Black Pepper,0.68,Fairfields,r,15.1,V,3.02,5060229500120,36,40,g,2,1,5060229502629
751012,,36x40g,,Sweet Chilli,0.68,Fairfields,r,15.1,V,3.02,5060101406434,36,40,g,2,1,5060229502599
751016,,10x150g,,Bacon & Tomato,1.86,Fairfields,r,11.45,V,2.29,5060229500243,10,150,g,2,1,5060229503114
751018,,10x150g,,Cheese & Onion,1.86,Fairfields,r,11.45,V,2.29,5060229500229,10,150,g,2,1,5060229503091
751019,,10x150g,,Prawn Cocktail,1.86,Fairfields,r,11.45,V,2.29,5060229503374,10,150,g,2,1,5060229503381
751020,,10x150g,,Lightly Sea Salted,1.86,Fairfields,r,11.45,V,2.29,5060229500205,10,150,g,2,1,5060229503077
751022,,10x150g,,Roast Rib of Beef,1.86,Fairfields,r,11.45,V,2.29,5060229502339,10,150,g,2,1,5060229503121
751024,,10x150g,,Sea Salt & Aspall Cyder Vinegar,1.86,Fairfields,r,11.45,V,2.29,5060229500212,10,150,g,2,1,5060229503084
751026,,10x150g,,Sea Salt & Black Pepper,1.86,Fairfields,r,11.45,V,2.29,5060229501738,10,150,g,2,1,5060229503138
751027,,10x150g,,Honey Roasted Chestnut & Sage,2.18,Fairfields,,13.45,V,2.69,5060229503497,10,150,g,2,1,5060229503503
751028,,10x150g,,Sweet Chilli,1.86,Fairfields,r,11.45,V,2.29,5060229500236,10,150,g,2,1,5060229503107
751070,,12x25g,,Broccoli Florets,2.78,DJ&A,r,23.3,,0,9345544006752,12,25,g,0,1,39345544006753
751071,,9x50g,,Pickle-Licious - Pickle Flavoured Cucumber Crisps,3.2,DJ&A,r,20.15,,0,9345544009395,9,50,g,0,1,19345544009392
751072,,10x35g,,Crispy Beetroot Slices,2.78,DJ&A,r,19.45,,0,9345544001511,10,35,g,0,1,49345544001519
751073,,12x45g,,Crispy Garlic Cloves,2.78,DJ&A,r,23.3,,0,9345544007025,12,45,g,0,1,29345544007029
751074,,12x30g,,Mixed Mushroom Crisps,2.78,DJ&A,r,23.3,,0,9345544007100,12,30,g,0,1,29345544007104
751075,,12x30g,,Shiitake Mushroom Crisps,2.78,DJ&A,r,23.3,,0,9345544001580,12,30,g,0,1,59345544001585
751077,,12x30g,,Shiitake Mushroom Crisps Smoked Chilli & Garlic,2.78,DJ&A,r,23.3,,0,9345544005960,12,30,g,0,1,29345544005964
751078,,10x30g,,Sugar Snap Pea Crisps,2.78,DJ&A,r,19.45,,0,9345544001535,10,30,g,0,1,29345544001539
751079,,10x55g,,Yellow Sweet Potato Crisps,2.78,DJ&A,r,19.45,,0,9345544002501,10,55,g,0,1,19345544002508
751191,,10x110g,,Caramelised Onion & Balsamic Vinegar Hummus Chips - large,1.84,Eat Real,r,12.85,,0,5060878780874,10,110,g,0,1,25060878780878
751193,,10x110g,,Chilli & Lemon Hummus Chips - large,1.84,Eat Real,r,12.85,,0,5060878780508,10,110,g,0,1,15060878780505
751195,,10x110g,,Sour Cream & Chives Hummus Chips - large,1.84,Eat Real,r,12.85,,0,5060878780423,10,110,g,0,1,15060878780420
751196,,10x110g,,Tomato & Basil Hummus Chips - large,1.84,Eat Real,r,12.85,,0,5060878780409,10,110,g,0,1,25060878780403
751197,,10x110g,,Sea Salt Hummus Chips - large,1.84,Eat Real,r,12.85,,0,5060878780362,10,110,g,0,1,25060878780366
751198,,10x110g,,Chilli Lime & Sea Salt Hummus Chips - large,1.84,Eat Real,r,12.85,,0,5060878780881,10,110,g,0,1,25060878780939
751199,,10x110g,,Italian Cheese & Black Pepper Hummus Chips - large,1.84,Eat Real,r,12.85,,0,5060878780935,10,110,g,0,1,25060878780885
751201,,18x45g,,Sea Salt Hummus Chips,0.79,Eat Real,r,9.5,,0,5060878780515,18,45,g,0,1,15060878780512
751202,,18x45g,,Sour Cream & Chives Hummus Chips,0.79,Eat Real,r,9.5,,0,5060878780591,18,45,g,0,1,15060878780598
751203,,18x45g,,Tomato & Basil Hummus Chips,0.79,Eat Real,r,9.5,,0,5060878780539,18,45,g,0,1,15060878780536
751204,,18x45g,,Caramelised Onion & Balsamic Vinegar Hummus Chips,0.79,Eat Real,r,9.5,,0,5060878780911,18,45,g,0,1,15060878780918
751206,,18x45g,,Italian Cheese & Black Pepper Hummus Chips,0.79,Eat Real,r,9.5,,0,5060878780928,18,45,g,0,1,15060878780925
751215,,10x95g,,Chargrilled Red Pepper Lentil Chips - large,1.84,Eat Real,r,12.85,,0,5060878780898,10,95,g,0,1,25060878780892
751217,,10x95g,,Chilli & Lemon Lentil Chips - large,1.84,Eat Real,r,12.85,,0,5060878780416,10,95,g,0,1,25060878780410
751218,,10x95g,,Creamy Dill Lentil Chips - large,1.84,Eat Real,r,12.85,,0,5060878780430,10,95,g,0,1,25060878780434
751221,,10x95g,,Sea Salt Lentil Chips - large,1.84,Eat Real,r,12.85,,0,5060878780386,10,95,g,0,1,25060878780380
751224,,18x40g,,Chilli & Lemon Lentil Chips,0.79,Eat Real,r,9.5,,0,5060878780546,18,40,g,0,1,15060878780543
751226,,18x40g,,Creamy Dill Lentil Chips,0.79,Eat Real,r,9.5,,0,5060878780614,18,40,g,0,1,15060878780611
751231,,18x40g,,Sea Salt Lentil Chips,0.79,Eat Real,r,9.5,,0,5060878780560,18,40,g,0,1,15060878780567
751233,,10x95g,,Greek Cheese Tomato & Herb Lentil Chips - large,1.84,Eat Real,r,12.85,,0,5060878780904,10,95,g,0,1,25060878780908
751244,,10x160g,,Chilli & Lime Multiseed Tortillas,1.91,Eat Real,r,14.35,,0,5060878781031,10,160,g,0,1,25060878781035
751245,,10x160g,,Tomato Salsa Multiseed Tortillas,1.91,Eat Real,r,14.35,,0,5060878781048,10,160,g,0,1,25060878781042
751246,,10x160g,,Sea Salt Multiseed Tortillas,1.91,Eat Real,r,14.35,,0,5060878781024,10,160,g,0,1,25060878781028
751251,,10x90g,,Sour Cream & Chives Quinoa Chips,1.84,Eat Real,r,12.85,,0,5060878780379,10,90,g,0,1,25060878780373
751254,,10x90g,,Sundried Tomato & Roast Garlic Quinoa Chips,1.84,Eat Real,r,12.85,,0,5060878780584,10,90,g,0,1,15060878780581
751271,,18x40g,,Sour Cream & Chives Quinoa Chips - small,0.79,Eat Real,r,9.5,,0,5060878780607,18,40,g,0,1,15060878780604
751287,,18x45g,,Veggie Straws - small,0.79,Eat Real,r,9.5,,0,5060878780737,18,45,g,0,1,15060878780734
751288,,10x110g,,Veggie Straws - large,1.74,Eat Real,r,12.85,,0,5060878780713,10,110,g,0,1,25060878780717
751291,,10x110g,,Veggie Straws Smoked Paprika & Chilli - large,1.74,Eat Real,r,12.85,,0,5060878780744,10,110,g,0,1,15060878780741
751292,,10x110g,,Veggie Straws with Sweet Barbecue Glaze,1.64,Eat Real,r,12.3,,0,5060878781055,10,110,g,0,1,25060878781059
752001,,8x140g,organic,Dry Roasted Almonds (8x140g),3.57,Foodin,r,17.85,V,3.57,6430048231625,8,140,g,2,1,6430048234824
752002,,8x140g,organic,Dry Roasted Cashews (8x140g),3.57,Foodin,r,17.85,V,3.57,6430048233674,8,140,g,2,1,6430048233827
752003,,8x120g,organic,Dry Roasted Rosemary Cashews with honey,3.57,Foodin,r,17.85,V,3.57,6430048231618,8,120,g,2,1,6430048234947
752025,,15kg,,Bombay Mix,,Infinity Bulk,,72.95,,0,,,15,kg,0,1,
752032,,12.5kg,,Seasalt & Black Pepper Cashews,,Infinity Bulk,,150,V,30,,,12.5,kg,2,1,
752035,,8kg,,Japanese Rice Crackers,,Infinity Foods,,58,V,11.6,,,8,kg,2,1,
752080,,12x100g,organic,Beetroot Crisps,2.21,Junk Crisps,r,19.9,,0,5070003136339,12,100,g,0,1,5070003136377
752082,,12x100g,organic,Mixed Veg Crisps,2.21,Junk Crisps,r,19.9,,0,5070003136308,12,100,g,0,1,5070003136346
752084,,12x100g,organic,Sweet Potato Crisps,2.21,Junk Crisps,r,19.9,,0,5070003136322,12,100,g,0,1,5070003136353
752210,,16x50g,organic,Corn Snack - Rosemary,1.41,Fiorentini,,14.1,V,2.82,8002885002799,16,50,g,2,1,78002885005089
752217,,12x80g,organic,Pop's Black Rice - Crunchy Triangles,1.95,Fiorentini,,17.5,,0,8002885008197,12,80,g,0,1,78002885008196
752218,,12x80g,organic,Pop's Buckwheat Quinoa Amaranth - Crunchy Triangles,1.95,Fiorentini,,17.5,,0,8002885007916,12,80,g,0,1,88002885007912
752219,,12x100g,organic,Pop's Corn Crisps - Crunchy Triangles,1.46,Fiorentini,,13.15,,0,8002885007480,12,100,g,0,1,40000000096025
752221,,12x80g,organic,Pop's Pulses - Crunchy Triangles,1.46,Fiorentini,,13.15,,0,8002885008029,12,80,g,0,1,70058
752222,,12x100g,organic,Pop's Rice Crisps - Crunchy Triangles,1.55,Fiorentini,,13.95,,0,8002885007473,12,100,g,0,1,20000000096014
752225,,16x40g,organic,Rice Snack - Rosemary,1.41,Fiorentini,,14.1,V,2.82,8002885004632,16,40,g,2,1,87025
752305,,10x300g,,Roasted Fava Beans - Lightly Sea Salted,3.03,Hodmedod's,,22.75,,0,5060324810353,10,300,g,0,1,15060324810350
752310,,10x300g,,Roasted Fava Beans - Sea Salt & Cider Vinegar,3.03,Hodmedod's,,22.75,,0,5060324810360,10,300,g,0,1,15060324810367
752315,,10x300g,,Roasted Fava Beans - Unsalted,3.03,Hodmedod's,,22.75,,0,5060324810346,10,300,g,0,1,15060324810343
752325,,10x300g,,Roasted Green Peas - Lightly Sea Salted,3.03,Hodmedod's,,22.75,,0,5060324810384,10,300,g,0,1,15060324810381
752340,,12x135g,,Tortilla Chips Avocado Guacamole,1.7,Mr Free'd,r,15.3,,0,5060367450578,12,135,g,0,1,5060367450615
752342,,12x135g,,Tortilla Chips Blue Maize,1.7,Mr Free'd,r,15.3,,0,5060367450356,12,135,g,0,1,5060367450387
752343,,12x135g,,Tortilla Chips Chia Seed,1.7,Mr Free'd,r,15.3,,0,5060367450332,12,135,g,0,1,5060367450363
752345,,12x135g,,Tortilla Chips Chilli Lime Fiery Hot,1.7,Mr Free'd,r,15.3,,0,5060367451353,12,135,g,0,1,5060367451360
752347,,12x135g,,Tortilla Chips Kale Spinach,1.7,Mr Free'd,r,15.3,,0,5060367450379,12,135,g,0,1,5060367450370
752350,,18x20g,,Popcorn Plus,1.05,Marigold,,11.8,V,2.36,5016084000404,18,20,g,2,1,15016084000401
752640,,10x200g,,Pappadums - Black Pepper,1.71,Natco,,12.8,,0,5013531730662,10,200,g,0,1,
752645,,10x200g,,Pappadums - Jeera (Cumin),1.67,Natco,,12.5,,0,5013531730556,10,200,g,0,1,
752650,,10x200g,,Pappadums - Garlic,1.6,Natco,,12,,0,5013531730563,10,200,g,0,1,
752655,,10x200g,,Pappadums - Plain,1.6,Natco,,12,,0,5013531002936,10,200,g,0,1,5013531730730
752656,,10x45g,organic,Roasted & Salted Protein Nut Crunch,2.99,Profusion,,18.7,V,3.74,5032722320086,10,45,g,2,1,5032722657526
752657,,10x45g,organic,Roasted Tamari Protein Nut Crunch,2.99,Profusion,,18.7,V,3.74,5032722320093,10,45,g,2,1,5032722657533
752658,,14x40g,organic,Protein Puffs Lemon & Black Pepper,1.99,Profusion,,17.4,V,3.48,5032722320345,14,40,g,2,1,5032722657816
752659,,14x40g,organic,Protein Puffs Paprika & Himalayan Salt,1.99,Profusion,,17.4,V,3.48,5032722320338,14,40,g,2,1,5032722657809
752736,,8x40g,organic,Super Bites,2.79,Raw Living,h,13.95,V,2.79,5060116157727,8,40,g,2,1,5060118157727
752745,,6x100g,organic,Corn Triangles,1.85,Rude Health,,7.75,,0,5060120286024,6,100,g,0,1,5060120286031
752747,,6x80g,organic,Chickpea Triangles,1.85,Rude Health,,7.75,,0,5060120286048,6,80,g,0,1,5060120286055
752748,,6x70g,,High Protein Lentil Triangles,1.85,Rude Health,,7.75,,0,5060120286062,6,70,g,0,1,5060120286079
752770,,14x25g,,Lightly Salted Seaweed Chips,1.21,Shore,,11.85,,0,5060567680164,14,25,g,0,1,35060567680165
752771,,14x25g,,Salt & Balsamic Seaweed Chips,1.21,Shore,,11.85,,0,5060567680294,14,25,g,0,1,25060567680298
752772,,14x25g,,Peking Duck Seaweed Chips,1.21,Shore,,11.85,,0,5060567680188,14,25,g,0,1,25060567680182
752774,,14x25g,,Sweet Sriracha Seaweed Chips,1.21,Shore,,11.85,,0,5060567680171,14,25,g,0,1,25060567680175
752776,,12x80g,,Lightly Salted Seaweed Chips - Share Bag,2.48,Shore,,21,,0,5060567680195,12,80,g,0,1,15060567680192
752777,,12x80g,,Salt & Balsamic Seaweed Chips - Share Bag,2.48,Shore,,21,,0,5060567680287,12,80,g,0,1,15060567680284
752778,,12x80g,,Peking Duck Seaweed Chips - Share Bag,2.48,Shore,,21,,0,5060567680218,12,80,g,0,1,15060567680215
752780,,12x80g,,Sweet Sriracha Seaweed Chips - Share Bag,2.48,Shore,,21,,0,5060567680201,12,80,g,0,1,15060567680208
752785,,10x125g,,Chips de Madrid - Jalapeno,3.05,Superbon,r,17.8,V,3.56,5425033155216,10,125,g,2,1,5425033155827
752791,,10x125g,,Chips de Madrid - Seaweed,3.05,Superbon,r,17.8,V,3.56,5425033155636,10,125,g,2,1,5425033156022
752794,,10x125g,,Chips de Madrid - Salt,2.68,Superbon,r,15.65,V,3.13,5425033155988,10,125,g,2,1,5425033155247
752795,,10x125g,,Chips de Madrid - Salt & Pepper,2.68,Superbon,r,15.65,V,3.13,5425033155773,10,125,g,2,1,5425033155995
752796,,10x125g,,Chips de Madrid - Pimento Chilli Pepper,2.68,Superbon,r,15.65,V,3.13,5425033155766,10,125,g,2,1,5425033156008
752798,,10x125g,,Chips de Madrid - Truffle,3.05,Superbon,r,17.8,V,3.56,5425033155803,10,125,g,2,1,5425033155483
752799,,10x125g,,Chips de Madrid - Salt & Vinegar,2.68,Superbon,r,15.65,V,3.13,5425033155780,10,125,g,2,1,5425033156053
752800,,10x125g,,Chips de Madrid - Yellow Paprika,2.68,Superbon,r,15.65,V,3.13,5425033155810,10,125,g,2,1,5425033155667
753262,,12x100g,organic,Pretzel Sticks,1.96,Trafo,,17.6,,0,5400313230050,12,100,g,0,1,87124230173061
753263,,12x50g,organic,Sea Salted Popped Corn,3.44,Trafo,,25.8,V,5.16,8718754501859,12,50,g,2,1,8718754507028
753264,,12x50g,organic,Sweet Popped Corn,3.44,Trafo,,25.8,V,5.16,8718754501835,12,50,g,2,1,8718754507011
753266,,12x75g,organic,"Vegetable Crisps (carrot, parsnip, beetroot)",3.64,Trafo,,27.3,V,5.46,8718754501972,12,75,g,2,1,8718754501989
753267,,15x75g,organic,Corn Tortilla Cheese Chips,1.99,Trafo,,22.35,,0,8718754501897,15,75,g,0,1,8718754506786
753268,,12x125g,organic,Paprika Crinkle Cut Potato Crisps,3.99,Yakso,,29.9,V,5.98,8718754502016,12,125,g,2,1,8718754502023
753269,,12x125g,organic,Salted Crinkle Cut Potato Crisps,3.99,Yakso,,29.9,V,5.98,8718754501996,12,125,g,2,1,8718754502009
753276,,8x75g,organic,Corn Peanut Flips,2.45,Trafo,,14.7,,0,8718754506861,8,75,g,0,1,8718754506854
753285,,15x40g,organic,Rosemary & Himalaya Salt Hand Cooked Crisps,1.66,Trafo,,15.6,V,3.12,8718754502290,15,40,g,2,1,18787545100233
753287,,15x40g,organic,Sea Salt Hand Cooked Crisps,1.66,Trafo,,15.6,V,3.12,8718754502252,15,40,g,2,1,8718754502269
753290,,15x40g,organic,Sea Salt & Pepper Hand Cooked Crisps,1.66,Trafo,,15.6,V,3.12,8718754502276,15,40,g,2,1,8718754502283
753292,,12x100g,organic,Truffle Potato Crisps,4.59,Trafo,,34.45,V,6.89,8718754506687,12,100,g,2,1,8718754506694
753300,,12x100g,organic,Salted Crisps - fried in coconut oil,3.93,Trafo,,29.5,V,5.9,8718754502191,12,100,g,2,1,8718754502207
753301,,12x100g,organic,Salted Crisps - fried in EV olive oil,4.92,Trafo,,36.9,V,7.38,8718754502214,12,100,g,2,1,8718754502221
753305,,12x125g,organic,Salted Crisps,3.34,Trafo,,25.05,V,5.01,5400313040116,12,125,g,2,1,18787545100004
753310,,15x40g,organic,Salted Crisps,1.66,Trafo,,15.6,V,3.12,5400313903084,15,40,g,2,1,8718754502368
753324,,12x125g,organic,Hungarian Paprika Crisps,3.39,Yakso,,25.4,V,5.08,8718754507158,12,125,g,2,1,8718754507165
753325,,12x125g,organic,Paprika Crisps,3.34,Trafo,,25.05,V,5.01,5400313040109,12,125,g,2,1,8718754502061
753326,,12x125g,organic,Sourcream & Onion Crisps,3.39,Yakso,,25.4,V,5.08,8712423019584,12,125,g,2,1,8718754502320
753330,,15x40g,organic,Paprika Crisps,1.66,Trafo,,15.6,V,3.12,8712423019102,15,40,g,2,1,18787545100110
753331,,12x125g,organic,Provencale Crisps,3.34,Trafo,,25.05,V,5.01,5400313040239,12,125,g,2,1,18787545100035
753333,,12x125g,organic,Salt & Vinegar Crisps,3.34,Trafo,,25.05,V,5.01,5400313040240,12,125,g,2,1,18787545100042
753513,,12x150g,,Herefordshire Sauce Crisps,3.25,Two Farmers,,24.2,V,4.84,5060626100961,12,150,g,2,1,5060626100978
753514,,24x40g,,Herefordshire Sauce Crisps,1.15,Two Farmers,,17.05,V,3.41,5060626100947,24,40,g,2,1,5060626100954
753516,,12x150g,,Hop Cheese & Onion Crisps,3.25,Two Farmers,,24.2,V,4.84,5060626100060,12,150,g,2,1,5060626100053
753518,,12x150g,,Lightly Salted Crisps,3.25,Two Farmers,,24.2,V,4.84,5060626100022,12,150,g,2,1,5060626100039
753519,,12x150g,,Salt & Cider Vinegar Crisps,3.25,Two Farmers,,24.2,V,4.84,5060626100084,12,150,g,2,1,5060626100091
753521,,12x150g,,Woodland Mushroom & Wild Garlic Crisps,3.25,Two Farmers,,24.2,V,4.84,5060626100381,12,150,g,2,1,5060626100398
753523,,24x40g,,Hop Cheese & Onion Crisps,1.15,Two Farmers,,17.05,V,3.41,5060626100046,24,40,g,2,1,5060626100077
753524,,24x40g,,Lightly Salted Crisps,1.15,Two Farmers,,17.05,V,3.41,5060626100008,24,40,g,2,1,5060626100015
753525,,24x40g,,Salt & Cider Vinegar Crisps,1.15,Two Farmers,,17.05,V,3.41,5060626100107,24,40,g,2,1,5060626100114
753526,,24x40g,,Woodland Mushroom & Wild Garlic Crisps,1.15,Two Farmers,,17.05,V,3.41,5060626100367,24,40,g,2,1,5060626100374
753528,,6x75g,organic,Mini Papadums,2.98,Yakso,,13.4,,0,8718754506076,6,75,g,0,1,8718754506083
760158,,14x100g,organic,Almond Dark Chocolate Bar,4.39,Alter Eco,,38.4,V,7.68,3700214619278,14,100,g,2,1,13700214619275
760160,,14x100g,organic,70% Ecuador Chocolate Bar,4.39,Alter Eco,,38.4,V,7.68,3700214619254,14,100,g,2,1,13700214619251
760164,,14x100g,organic,Orange Dark Chocolate Bar,4.39,Alter Eco,,38.4,V,7.68,3700214619247,14,100,g,2,1,13700214619244
760166,,14x100g,organic,85% Peru Chocolate Bar,4.39,Alter Eco,,38.4,V,7.68,3700214619261,14,100,g,2,1,13700214619268
760206,,18x20g,,Strawberry & Apple - Splits,0.67,Bear,r,9,,0,5060139436434,18,20,g,0,1,15060139436431
760207,,18x20g,,Pineapple & Raspberry - Splits,0.67,Bear,r,9,,0,5060139436441,18,20,g,0,1,15060139436448
760211,,18x20g,,Raspberry & Blueberry - Paws,0.53,Bear,r,7.1,,0,5060139431507,18,20,g,0,1,5060139431514
760212,,18x20g,,Strawberry & Apple - Paws,0.53,Bear,r,7.1,,0,5060139431194,18,20,g,0,1,5060139431293
760216,,8x5x20g,,Strawberry & Apple - Splits,2.62,Bear,r,15.7,,0,5060139436144,8,5x20,g,0,1,15060139436141
760223,,8x5x20g,,Pineapple & Raspberry - Splits,2.62,Bear,r,15.7,,0,5060139436151,8,5x20,g,0,1,15060139436158
760224,,4x5x20g,,Berry - Treasures,2.48,Bear,r,7.45,,0,5060139436182,4,5x20,g,0,1,15060139436189
760226,,18x20g,,Mango Yoyo Fruit Rolls,0.58,Bear,r,7.8,,0,5060139431019,18,20,g,0,1,5060139431026
760229,,18x20g,,Blackcurrant Yoyo Fruit Rolls,0.58,Bear,r,7.8,,0,5060139431477,18,20,g,0,1,5060139431477
760230,,18x20g,,Raspberry Yoyo Fruit Rolls,0.58,Bear,r,7.8,,0,5060139430265,18,20,g,0,1,5060139430685
760231,,4x5x20g,,Tropical - Treasures,2.48,Bear,r,7.45,,0,5060139436175,4,5x20,g,0,1,15060139436172
760235,,18x20g,,Strawberry Yoyo Fruit Rolls,0.58,Bear,r,7.8,,0,5060139430241,18,20,g,0,1,5060139430456
760245,,6x5x20g,,Multipack Apple Yoyo Fruit Rolls,2.61,Bear,r,11.75,,0,5060139430913,6,5x20,g,0,1,5060139430937
760246,,6x5x20g,,Multipack Blackcurrant Yoyo Fruit Rolls,2.61,Bear,r,11.75,,0,5060139431484,6,5x20,g,0,1,5060139431491
760247,,6x5x20g,,Multipack Mango Yoyo Fruit Rolls,2.61,Bear,r,11.75,,0,5060139431033,6,5x20,g,0,1,5060139431040
760248,,6x5x20g,,Multipack Raspberry Yoyo Fruit Rolls,2.61,Bear,r,11.75,,0,5060139430647,6,5x20,g,0,1,5060139430654
760250,,6x5x20g,,Multipack Strawberry Yoyo Fruit Rolls,2.61,Bear,r,11.75,,0,5060139430364,6,5x20,g,0,1,5060139430517
760254,,6x5x20g,,Apple & Blackcurrant Giant Yoyo,2.61,Bear,r,11.75,,0,5060139435260,6,5x20,g,0,1,15060139435267
760256,,6x5x20g,,Strawberry & Mango Giant Yoyo,2.61,Bear,r,11.75,,0,5060139435277,6,5x20,g,0,1,15060139435274
760380,,10x30g,organic,Dark Chocolate Salted Caramel Almonds,2.49,Biona,,15.55,V,3.11,50327 223 20406,10,30,g,2,1,5032722657878
760381,,10x45g,organic,Dark Chocolate Raspberries,3.58,Biona,,22.4,V,4.48,50327 223 20383,10,45,g,2,1,5032722657854
760382,,10x60g,organic,Dark Chocolate Ginger,3.69,Biona,,23.1,V,4.62,50327 223 20390,10,60,g,2,1,5032722657861
760385,,12x70g,organic,Milk Chocolate covered Almonds,4.29,Biona,,32.15,V,6.43,5032722312999,12,70,g,2,1,5032722650251
760387,,12x80g,organic,Dark Chocolate covered Brazils,4.89,Biona,,36.65,V,7.33,5032722313002,12,80,g,2,1,5032722650268
760389,,10x30g,organic,Dark Chocolate Roasted Almonds,2.29,Biona,,14.3,V,2.86,5032722320048,10,30,g,2,1,5032722657489
760390,,10x45g,organic,Dark Chocolate Cherries,3.49,Biona,,21.8,V,4.36,5032722320062,10,45,g,2,1,5032722657502
760391,,10x45g,organic,Dark Chocolate Strawberries,3.49,Biona,,21.8,V,4.36,5032722320079,10,45,g,2,1,5032722657519
760446,,10x3x40g,organic,Brownie Bar coated in dark chocolate - multipack,4.98,Biona,,31.15,V,6.23,5032722320512,10,3x40,g,2,1,5032722657984
760447,,10x3x40g,organic,Coconut Bar coated in dark chocolate - multipack,4.98,Biona,,31.15,V,6.23,5032722320376,10,3x40,g,2,1,5032722657847
760450,,10x75g,organic,"""Cola Bottle"" Sweeties",2.49,Biona,,15.55,V,3.11,5032722306356,10,75,g,2,1,5032722642782
760451,,10x75g,organic,Jelly Dinos,2.49,Biona,,15.55,V,3.11,5032722312944,10,75,g,2,1,5032722650206
760452,,16x6pack,organic,Rainbow Lollipops,2.46,Biona,r,24.55,V,4.91,5032722307087,16,6,pack,2,1,5032722643611
760453,,10x75g,organic,Fruit Bears,2.49,Biona,,15.55,V,3.11,5032722307735,10,75,g,2,1,5032722654525
760454,,10x75g,organic,Fizzy Peaches,2.49,Biona,,15.55,V,3.11,5032722317475,10,75,g,2,1,5032722654877
760456,,10x75g,organic,Jelly Pomegranate Hearts,2.49,Biona,,15.55,V,3.11,5032722312951,10,75,g,2,1,5032722650213
760458,,10x75g,organic,Fruit Burst,2.11,Biona,r,13.2,V,2.64,5032722318786,10,75,g,2,1,5032722656178
760459,,12x75g,organic,Licorice Spirals,2.49,Biona,,18.65,V,3.73,5032722312272,12,75,g,2,1,5032722648616
760462,,10x75g,organic,Sour Snakes,2.49,Biona,,15.55,V,3.11,5032722312067,10,75,g,2,1,5032722655768
760465,,10x75g,organic,Tutti Frutti - Wine Gums,2.49,Biona,,15.55,V,3.11,5032722306363,10,75,g,2,1,5032722642799
761902,,10x30g,organic,Cinnamon Chewing Gum,1.59,Chicza,,9.95,V,1.99,7503011006069,10,30,g,2,1,7503011006366
761905,,10x30g,organic,Mint Chewing Gum,1.59,Chicza,,9.95,V,1.99,7503011006052,10,30,g,2,1,7503011006304
761910,,10x30g,organic,Spearmint Chewing Gum,1.59,Chicza,,9.95,V,1.99,7503010108061,10,30,g,2,1,7503011006311
761915,,10x30g,organic,Lime Chewing Gum,1.59,Chicza,,9.95,V,1.99,7503011006083,10,30,g,2,1,7503011006328
761916,,10x30g,organic,Mixed Berry Chewing Gum,1.59,Chicza,,9.95,V,1.99,7503011006090,10,30,g,2,1,7503011006298
761935,,6x150g,organic,Chocolate Crumbly Fudge,5.03,Devon Cottage,,18.85,V,3.77,5060232200017,6,150,g,2,1,5060232200017
761940,,6x150g,organic,Clotted Cream Crumbly Fudge,5.03,Devon Cottage,,18.85,V,3.77,5060232200000,6,150,g,2,1,5060232200000
761942,,4x300g,organic,Boxed Clotted Cream Crumbly Fudge - 4 pack,8.96,Devon Cottage,,22.4,V,4.48,5060232200079,4,300,g,2,1,5060232200079
761945,,6x150g,organic,Coffee Crumbly Fudge,5.03,Devon Cottage,,18.85,V,3.77,5060232200048,6,150,g,2,1,5060232200048
761957,,6x150g,organic,Sea Salted Crumbly Fudge,5.03,Devon Cottage,,18.85,V,3.77,5060232200154,6,150,g,2,1,5060232200154
761960,,6x150g,organic,Vanilla Crumbly Fudge,5.03,Devon Cottage,,18.85,V,3.77,5060232200024,6,150,g,2,1,5060232200024
761977,,6x150g,organic,Dairy Free Sea Salted Fudge - Bag,5.03,Devon Cottage,,18.85,V,3.77,5060232200659,6,150,g,2,1,
761979,,6x150g,organic,Dairy Free Chocolate Fudge - Bag,5.03,Devon Cottage,,18.85,V,3.77,5060232200635,6,150,g,2,1,
762025,,4x150g,organic,Chocolate Covered Dates,8.3,Coco Caravan,,20.75,V,4.15,5060413940091,4,150,g,2,1,5060413940510
762028,,4x150g,,Chocolate Covered Plums,8.3,Coco Caravan,,20.75,V,4.15,5060413940244,4,150,g,2,1,5060413940527
762038,,6x100g,organic,Dark Chilli & Cinnamon Chocolates,7.23,Cocoa Loco,,27.1,V,5.42,5060148389509,6,100,g,2,1,5060148389769
762078,,6x100g,organic,Milk Chocolate Santas,7.65,Cocoa Loco,,28.65,V,5.73,5060148383057,6,100,g,2,1,5060148389165
762081,,6x100g,organic,Dark Choc & Raspberry Stars - Vegan,7.73,Cocoa Loco,,29,V,5.8,,6,100,g,2,1,
762082,,6x100g,organic,Milk Chocolate Elves,7.65,Cocoa Loco,,28.65,V,5.73,5060148386010,6,100,g,2,1,
762086,,6x100g,organic,White Chocolate Polar Bears,7.65,Cocoa Loco,,28.65,V,5.73,5060148387277,6,100,g,2,1,
762089,,6x100g,organic,Milk & White Chocolate Robins,7.65,Cocoa Loco,,28.65,V,5.73,5060148383293,6,100,g,2,1,
762170,,12x100g,organic,73% Dark Chocolate Bar,5.55,Cocoa Loco,,41.6,V,8.32,5060148381831,12,100,g,2,1,5060148389875
762171,,12x100g,organic,Dark Chocolate & Orange Bar,5.55,Cocoa Loco,,41.6,V,8.32,5060148387406,12,100,g,2,1,5060148387413
762174,,12x100g,organic,Dark Chocolate & Sea Salt Bar,5.55,Cocoa Loco,,41.6,V,8.32,5060148388960,12,100,g,2,1,5060148388977
762175,,12x100g,organic,Milk Chocolate Bar,5.55,Cocoa Loco,,41.6,V,8.32,5060148381848,12,100,g,2,1,5060148389912
762192,,14x80g,organic,Creamy Dark Chocolate 55% Cacao Nibs,4.58,Chocolate and Love,,40.1,V,8.02,5060270121909,14,80,g,2,1,5060270121978
762194,,14x80g,organic,Sea Salt 55% Chocolate with Caramel,4.2,Chocolate and Love,,36.75,V,7.35,5060270121893,14,80,g,2,1,5060270121961
762195,,14x80g,organic,Coffee - Dark Chocolate 55%,4.19,Chocolate and Love,,36.7,V,7.34,5060270121886,14,80,g,2,1,5060270121954
762196,,14x80g,organic,Rich - Dark Chocolate 71%,4.2,Chocolate and Love,,36.75,V,7.35,5060270121848,14,80,g,2,1,5060270121923
762197,,12x80g,organic,Ginger - Extra Dark 100%,5.39,Chocolate and Love,,40.4,V,8.08,5060270125358,12,80,g,2,1,5060270125365
762198,,14x80g,organic,Mint - Dark Chocolate 67%,4.2,Chocolate and Love,,36.75,V,7.35,5060270121862,14,80,g,2,1,5060270121930
762200,,14x80g,organic,Orange - Dark Chocolate 65%,4.2,Chocolate and Love,,36.75,V,7.35,5060270121879,14,80,g,2,1,5060270121947
762201,,12x85g,organic,Passion Fruit Filled Bar - Dark Choc 65%,4.58,Chocolate and Love,,34.35,V,6.87,5060270125136,12,85,g,2,1,5060270125143
762202,,14x80g,organic,Panama - Dark Choc 80% single origin,4.92,Chocolate and Love,,43.05,V,8.61,5060270121855,14,80,g,2,1,5060270121916
762204,,14x80g,organic,Pomegranate - Dark Chocolate 70%,4.92,Chocolate and Love,,43.05,V,8.61,5060270122050,14,80,g,2,1,5060270122067
762205,,6x110g,organic,73% Dark Chocolate Dipped Mango,7.76,Cocoa Loco,,29.05,V,5.81,5060148381206,6,110,g,2,1,
762206,,1x27x5g,organic,Winter Wonderland Ballotin Box - Milk & Dark Choc,13.2,Chocolate and Love,,8.25,V,1.65,5060270125112,1,27x5,g,2,1,5060270125112
762209,,1x30x5g,organic,Rich Dark Tin - vegan,17.12,Chocolate and Love,,10.7,V,2.14,5060270125402,1,30x5,g,2,1,
762210,,1x4x80g,organic,Red Heart Gift Box,22.72,Chocolate and Love,,14.2,V,2.84,5060270125525,1,4x80,g,2,1,5060270125501
762215,,6x100g,organic,73% Dark Chocolate Covered Ginger,7.76,Cocoa Loco,,29.05,V,5.81,5060148381251,6,100,g,2,1,
762350,,12x68g,,Blueberry Almond Crisp Bars,2.17,Clif,,16.25,V,3.25,722252387509,12,68,g,2,1,722252387516
762355,,12x68g,,Chocolate Almond Fudge Bars,2.17,Clif,,16.25,V,3.25,722252387615,12,68,g,2,1,7722252387622
762360,,12x68g,,Chocolate Chip Bars,2.17,Clif,,16.25,V,3.25,722252387479,12,68,g,2,1,722252387486
762365,,12x68g,,Crunchy Peanut Butter Bars,2.17,Clif,,16.25,V,3.25,722252387530,12,68,g,2,1,7722252387547
762366,,12x68g,,Peanut Butter Banana Bars,2.17,Clif,,16.25,V,3.25,722252387646,12,68,g,2,1,722252387653
762375,,12x68g,,White Chocolate Macadamia Bars,2.17,Clif,,16.25,V,3.25,722252387578,12,68,g,2,1,7722252387585
762393,,12x50g,organic,Chocolate Chip Peanut Butter - Filled Bar,2.61,Clif,,19.6,V,3.92,722252869227,12,50,g,2,1,722252869234
762396,,12x50g,organic,Chocolate Peanut Butter - Filled Bar,2.61,Clif,,19.6,V,3.92,722252869296,12,50,g,2,1,722252597243
762398,,12x50g,organic,Peanut Butter - Filled Bar,2.61,Clif,,19.6,V,3.92,722252869302,12,50,g,2,1,722252238702
762402,,16x50g,,"Apple, Raisin & Cinnamon Oat Bar",1.25,Deliciously Ella,,15,,0,5060482840209,16,50,g,0,1,15060482840206
762404,,12x3x50g,,"Apple, Raisin & Cinnamon Oat Bar Multipack",2.9,Deliciously Ella,,26.1,,0,5060482840179,12,3x50,g,0,1,15060482840176
762407,,16x50g,,Peanut Butter Oat Bar,1.25,Deliciously Ella,,15,,0,5060482840759,16,50,g,0,1,15060482840756
762408,,12x50g,,Raisin Choc Topped Oat Bar,1.63,Deliciously Ella,,14.7,,0,5060482843866,12,50,g,0,1,15060482843863
762410,,12x27g,,Salted Chocolate Dipped Almonds,1.67,Deliciously Ella,,12.5,V,2.5,5060482841787,12,27,g,2,1,15060482841784
763495,,15x90g,,85% Dark Chocolate,3.82,Divine,,35.8,V,7.16,5017397001959,15,90,g,2,1,5017397002079
763502,,15x90g,,Dark Smooth Hazelnut Chocolate,3.82,Divine,,35.8,V,7.16,5017397002307,15,90,g,2,1,5017397002314
763503,,15x90g,,70% Dark Chocolate,3.82,Divine,,35.8,V,7.16,5017397001942,15,90,g,2,1,5017397002062
763504,,15x90g,,Mint Dark Chocolate - 70%,3.82,Divine,,35.8,V,7.16,5017397001980,15,90,g,2,1,5017397002109
763510,,15x90g,,Raspberry Dark Chocolate,3.82,Divine,,35.8,V,7.16,5017397001935,15,90,g,2,1,5017397002055
763512,,15x90g,,Ginger & Orange Dark Chocolate - 70%,3.82,Divine,,35.8,V,7.16,5017397001928,15,90,g,2,1,5017397002048
763516,,15x90g,,Dark Chocolate with Himalayan Salt,3.82,Divine,,35.8,V,7.16,5017397002024,15,90,g,2,1,5017397002147
763518,,15x90g,,Milk Chocolate - 45% Cocoa,3.82,Divine,,35.8,V,7.16,5017397002338,15,90,g,2,1,5017397002345
763519,,30x35g,,White Chocolate - chunky,1.42,Divine,,26.7,V,5.34,5017397002536,30,35,g,2,1,5017397002604
763521,,30x35g,,Milk Chocolate - chunky,1.42,Divine,,26.7,V,5.34,5017397002529,30,35,g,2,1,5017397002598
763523,,30x35g,,Milk Chocolate Salted Caramel - chunky,1.42,Divine,,26.7,V,5.34,5017397004226,30,35,g,2,1,5017397004233
763527,,30x35g,,Orange Milk Chocolate - chunky,1.42,Divine,,26.7,V,5.34,5017397002567,30,35,g,2,1,5017397002642
763554,,12x85g,,Dark Chocolate Advent Calendars,8,Divine,,60,V,12,5017397001782,12,85,g,2,1,50173970017990
763555,,12x85g,,Milk Chocolate Advent Calendars,8,Divine,,60,V,12,5017397077206,12,85,g,2,1,5017397002956
763560,,25x65g,,Dark Chocolate Coin - net bag,3.42,Divine,,53.3,V,10.66,5017397001287,25,65,g,2,1,5017397003434
763564,,25x65g,,Milk Chocolate Coin - net bag,3.42,Divine,,53.3,V,10.66,5017397001263,25,65,g,2,1,5017397003410
763566,,12x58g,,Milk Chocolate Giant Coin,3.74,Divine,,28,V,5.6,,12,58,g,2,1,5017397001256
763577,,15x90g,,Salted Caramel Milk Chocolate,3.82,Divine,,35.8,V,7.16,5017397001911,15,90,g,2,1,5017397002031
763581,,30x35g,,Dark Chocolate - chunky,1.42,Divine,,26.7,V,5.34,5017397002512,30,35,g,2,1,5017397002581
764001,,15x90g,organic,85% Dark Chocolate Bar,2.98,Green & Black,r,27.95,V,5.59,7622210584724,15,90,g,2,1,7622210589071
764006,,15x90g,organic,70% Dark Chocolate Bar,2.98,Green & Black,r,27.95,V,5.59,7622210578464,15,90,g,2,1,7622210589002
764028,,15x90g,organic,Milk Chocolate Bar,2.98,Green & Black,r,27.95,V,5.59,7622210580092,15,90,g,2,1,7622210589019
764029,,15x90g,organic,Milk Chocolate with Butterscotch Bar,2.98,Green & Black,r,27.95,V,5.59,7622210584687,15,90,g,2,1,7622210589057
764036,,15x90g,organic,Smooth Dark Hazelnut & Currant,2.98,Green & Black,r,27.95,V,5.59,7622202254130,15,90,g,2,1,7622202254116
764037,,15x90g,organic,Smooth Dark Ginger Chocolate Bar,2.98,Green & Black,r,27.95,V,5.59,7622202253133,15,90,g,2,1,7622202253119
764045,,15x90g,organic,White Chocolate Bar,2.98,Green & Black,r,27.95,V,5.59,7622210584847,15,90,g,2,1,7622210589033
764130,,12x60g,organic,Almond Butter + Crispy Quinoa Dark Choc Bar,3.4,Hu,r,24.5,V,4.9,1230000097055,12,60,g,2,1,11230000097052
764131,,12x60g,organic,Cashew Butter + Pure Vanilla Dark Choc Bar,3.4,Hu,r,24.5,V,4.9,1230000097062,12,60,g,2,1,11230000097069
764134,,12x60g,organic,Crunchy Mint Dark Chocolate Bar,3.4,Hu,r,24.5,V,4.9,1230000097031,12,60,g,2,1,11230000097038
764136,,12x60g,organic,Hazelnut Butter Dark Chocolate Bar,3.4,Hu,r,24.5,V,4.9,1230000097048,12,60,g,2,1,11230000097045
764138,,12x60g,organic,Salty Dark Chocolate Bar,3.4,Hu,r,24.5,V,4.9,1230000097017,12,60,g,2,1,11230000097014
764140,,12x60g,organic,Simple Dark Chocolate Bar,3.4,Hu,r,24.5,V,4.9,1230000097000,12,60,g,2,1,11230000097007
764141,,12x60g,organic,Vanilla Crunch Dark Chocolate Bar,3.4,Hu,r,24.5,V,4.9,1230000097024,12,60,g,2,1,11230000097021
764205,,15kg,organic,Cacao Nibs - raw,,Infinity Foods,,185.55,,0,,,15,kg,0,1,
764210,,1kg,organic,Cacao Nibs - raw,,Infinity Foods,,14.2,,0,5028869042103,,1,kg,0,1,5028869042103
764220,,12.5kg,,Caramelised Cashews,,Infinity Bulk,,155,V,31,,,12.5,kg,2,1,
764224,,12.5kg,,Cinnamon & Maple Caramelised Almonds,,Infinity Bulk,s,175,V,35,,,12.5,kg,2,1,
764226,,12.5kg,,Cinnamon & Maple Caramelised Cashews,,Infinity Bulk,,165,V,33,,,12.5,kg,2,1,
764703,,20x90g,,Mixed Nut Giant Bar,0.89,Ma Baker,,13.4,,0,,20,90,g,0,1,5034444103992
764707,,20x90g,,Coconut Giant Bar,0.89,Ma Baker,,13.4,,0,5034444101233,20,90,g,0,1,5034444104234
764710,,20x90g,,Pecan Giant Bar,0.89,Ma Baker,,13.4,,0,5034444101202,20,90,g,0,1,5034444104203
764712,,20x90g,,Pistachio Giant Bar,0.89,Ma Baker,,13.4,,0,5034444101219,20,90,g,0,1,5034444104210
764713,,20x90g,,Rolled Oats & Golden Syrup Giant Bar,0.89,Ma Baker,,13.4,,0,5034444101509,20,90,g,0,1,5034444104500
764720,,20x90g,,Walnut Giant Bar,0.89,Ma Baker,,13.4,,0,5034444101035,20,90,g,0,1,5034444104036
764728,,20x90g,,Mixed Fruit Giant Bar,0.89,Ma Baker,,13.4,,0,,20,90,g,0,1,5034444104098
764730,,20x90g,,Apple Giant Bar,0.89,Ma Baker,,13.4,,0,5034444101103,20,90,g,0,1,5034444104104
764732,,20x90g,,Apricot Giant Bar,0.89,Ma Baker,,13.4,,0,5034444101110,20,90,g,0,1,5034444104111
764735,,20x90g,,Banana Giant Bar,0.89,Ma Baker,,13.4,,0,5034444101134,20,90,g,0,1,5034444104135
764737,,20x90g,,Blueberry Giant Bar,0.89,Ma Baker,,13.4,,0,5034444101349,20,90,g,0,1,5034444104340
764740,,20x90g,,Cherry Giant Bar,0.89,Ma Baker,,13.4,,0,5034444101127,20,90,g,0,1,5034444104128
764742,,20x90g,,Cranberry Giant Bar,0.89,Ma Baker,,13.4,,0,5034444101332,20,90,g,0,1,5034444104333
764748,,20x90g,,Strawberry Giant Bar,0.89,Ma Baker,,13.4,,0,5034444101301,20,90,g,0,1,5034444104302
765225,,8x70g,organic,Raw Chocolate Coated Banana,1.99,Foodin,r,9.95,V,1.99,6430055218367,8,70,g,2,1,6430055218558
765226,,8x60g,organic,Raw Chocolate Coated Cashew,1.99,Foodin,r,9.95,V,1.99,6430055215328,8,60,g,2,1,6430055212815
765227,,8x70g,organic,Raw Chocolate Coated Ginger,1.74,Foodin,r,8.7,V,1.74,6430055215335,8,70,g,2,1,6430055211467
765228,,8x50g,organic,Raw Chocolate Coated Strawberry,1.99,Foodin,r,9.95,V,1.99,6430055219142,8,50,g,2,1,6430055219388
765229,,8x50g,organic,Raw Chocolate Coated Raspberry,1.99,Foodin,r,9.95,V,1.99,6430055218886,8,50,g,2,1,6430055218893
765230,,8x50g,organic,Raw Chocolate No Added Sugar Almond,1.99,Foodin,r,9.95,V,1.99,6430048235418,8,50,g,2,1,6430048235425
765231,,8x50g,organic,Raw Chocolate No Added Sugar Macadamia,1.99,Foodin,r,9.95,V,1.99,6430048235470,8,50,g,2,1,6430048235487
765232,,8x50g,organic,Raw Chocolate No Added Sugar Strawberry,1.99,Foodin,r,9.95,V,1.99,6430048235500,8,50,g,2,1,6430048235517
765240,,18x35g,,Licorice Date Bar (not organic),0.99,Foodin,r,11.15,V,2.23,6430048237801,18,35,g,2,1,6430048237818
765241,,15x35g,organic,NuTi Almond Dark Chocolate & Sea Salt Bar,1.21,Foodin,r,11.3,V,2.26,6430048237405,15,35,g,2,1,6430048237412
765242,,15x35g,organic,NuTi Honey Pecan & Sea Salt Bar,1.21,Foodin,r,11.3,V,2.26,6430048237436,15,35,g,2,1,6430048237443
765243,,8x50g,organic,Raw Chocolate No Added Sugar Raspberry,1.99,Foodin,r,9.95,V,1.99,6430048235531,8,50,g,2,1,6430048235548
765244,,15x45g,organic,NuTi Dark Chocolate & Sea Salt Protein Bar,1.78,Foodin,r,16.7,V,3.34,6430048238617,15,45,g,2,1,6430048238723
765321,,10x35g,,Freeze Dried Mango,2.99,DJ&A,r,22.4,,0,9345544010131,10,35,g,0,1,19345544010138
765323,,10x25g,,Freeze Dried Strawberries,2.59,DJ&A,r,19.45,,0,9345544001207,10,25,g,0,1,49345544001205
765327,,10x35g,,"Freeze Dried Yellow Peach, Lychee & Strawberries",2.99,DJ&A,r,22.4,,0,9345544009883,10,35,g,0,1,19345544009880
765329,,10x105g,,Mini Pink & White Vanilla Vegan Mallows,2.07,Free From Fellows,,12.95,V,2.59,5060308360966,10,105,g,2,1,5060308360997
765331,,10x105g,,Strawberry Vegan Mallows,2.04,Free From Fellows,,12.75,V,2.55,5060308360942,10,105,g,2,1,5060308360973
765334,,10x105g,,Vanilla Vegan Mallows,2.07,Free From Fellows,,12.95,V,2.59,5060308360959,10,105,g,2,1,5060308360980
765350,,60x15g,,Fruit Snack Variety Pack,0.64,Frutina,,23.9,V,4.78,9312331005076,60,15,g,2,1,9312331005076
765752,,10x70g,organic,Oat M'lk Hazelnut - chocolate,2.96,Ombar,,18.5,V,3.7,5060102662358,10,70,g,2,1,15060102662355
765758,,15x42g,organic,Oat M'lk Hazelnut Brownie - filled chocolate,1.87,Ombar,,17.5,V,3.5,5060102662518,15,42,g,2,1,15060102662515
765761,,10x35g,organic,100% Cacao,2.21,Ombar,,13.75,V,2.75,5060102662143,10,35,g,2,1,15060102662140
765764,,10x35g,organic,Pure 90% Chocolate,2.21,Ombar,,13.75,V,2.75,5060102661931,10,35,g,2,1,15060102661938
765767,,10x35g,organic,Coco Mylk Chocolate,2.21,Ombar,,13.75,V,2.75,5060102661870,10,35,g,2,1,15060102661877
765770,,10x35g,organic,Coconut 60% Chocolate,2.21,Ombar,,13.75,V,2.75,5060102661108,10,35,g,2,1,15060102661105
765773,,10x35g,organic,Dark 72% Chocolate,2.21,Ombar,,13.75,V,2.75,5060102661078,10,35,g,2,1,15060102661075
765775,,15x42g,organic,Almond Butter Filled Chocolate bar,2.3,Ombar,,21.55,V,4.31,5060102662679,15,42,g,2,1,15060102662676
765776,,15x42g,organic,Coco Raspberry Filled Chocolate bar,2.3,Ombar,,21.55,V,4.31,5060102662693,15,42,g,2,1,15060102662690
765778,,15x42g,organic,Coco Vanilla Filled Chocolate bar,2.3,Ombar,,21.55,V,4.31,5060102662662,15,42,g,2,1,15060102662669
765779,,15x42g,organic,Hazelnut Truffle Filled Chocolate bar,2.3,Ombar,,21.55,V,4.31,5060102662655,15,42,g,2,1,15060102662652
765781,,15x42g,organic,Pistachio Cream Filled Chocolate bar,2.3,Ombar,,21.55,V,4.31,5060102662686,15,42,g,2,1,15060102662683
765783,,10x70g,organic,Blonde caramelised white choco bar,3.54,Ombar,,22.15,V,4.43,5060102662761,10,70,g,2,1,15060102662768
765784,,10x70g,organic,Coco Almond Chocolate - large,3.54,Ombar,,22.15,V,4.43,5060102662129,10,70,g,2,1,15060102662126
765786,,10x70g,organic,Coco Mylk Chocolate - large,3.54,Ombar,,22.15,V,4.43,5060102662105,10,70,g,2,1,15060102662102
765787,,10x70g,organic,100% Cacao - large,3.54,Ombar,,22.15,V,4.43,5060102662600,10,70,g,2,1,15060102662607
765788,,10x70g,organic,Dark 72% Chocolate - large,3.54,Ombar,,22.15,V,4.43,5060102662112,10,70,g,2,1,15060102662119
765789,,10x70g,organic,Dark 90% Chocolate - large,3.54,Ombar,,22.15,V,4.43,5060102662594,10,70,g,2,1,15060102662591
765790,,10x70g,organic,Coconut & Vanilla Centres Chocolate - large,3.54,Ombar,,22.15,V,4.43,5060102662174,10,70,g,2,1,15060102662171
765791,,10x70g,organic,Hazelnut Truffle  Centres Chocolate - large,3.54,Ombar,,22.15,V,4.43,5060102662259,10,70,g,2,1,15060102662256
765792,,10x70g,organic,Pistachio Centres Chocolate - large,3.54,Ombar,,22.15,V,4.43,5060102662181,10,70,g,2,1,15060102662188
765793,,10x70g,organic,Matcha Blonde caramelised white bar,3.54,Ombar,,22.15,V,4.43,5060102662846,10,70,g,2,1,15060102662843
765794,,10x70g,organic,Raspberry & Coconut Centres Chocolate - large,3.54,Ombar,,22.15,V,4.43,5060102662198,10,70,g,2,1,15060102662195
765796,,10x70g,organic,Salt & Nibs Chocolate - large,3.54,Ombar,,22.15,V,4.43,5060102662242,10,70,g,2,1,15060102662249
765805,,10x125g,organic,Chocolate Advent Calendar,19.2,Ombar,,120,V,24,5060102662464,10,125,g,2,1,15060102662461
765806,,10x3x35g,organic,Chocolate Festive Pack,7.31,Ombar,,45.7,V,9.14,5060102662884,10,3x35,g,2,1,15060102662881
765807,,10x70g,organic,Clementine With Almond Pieces Chocolate bar,3.54,Ombar,,22.15,V,4.43,5060102662877,10,70,g,2,1,15060102662874
765830,,10x75g,organic,Dominican Extra Dark Chocolate Bar - 72%,3.68,Seed & Bean,,23.05,V,4.61,5060137140142,10,75,g,2,1,115060137140149
765831,,10x75g,organic,Sweet Lavender Dark Chocolate Bar - 72%,3.68,Seed & Bean,,23.05,V,4.61,5060137140227,10,75,g,2,1,115060137140224
765832,,10x75g,organic,Zesty Mandarin & Spicy Ginger Dark Choc Bar - 72%,3.68,Seed & Bean,,23.05,V,4.61,5060137140234,10,75,g,2,1,115060137140231
765835,,10x75g,organic,Dark Espresso Chocolate Bar - 58%,3.68,Seed & Bean,,23.05,V,4.61,5060137140272,10,75,g,2,1,115060137140279
765838,,10x75g,organic,Aromatic Cardamon & Lemon Dark Chocolate Bar - 58%,3.68,Seed & Bean,,23.05,V,4.61,5060137140289,10,75,g,2,1,115060137140286
765841,,10x75g,organic,Cornish Sea Salt & Tangy Lime Milk Chocolate Bar,3.68,Seed & Bean,,23.05,V,4.61,5060137140494,10,75,g,2,1,115060137140491
765844,,10x75g,organic,Rich Milk Chocolate Bar,3.68,Seed & Bean,,23.05,V,4.61,5060137140180,10,75,g,2,1,115060137140187
765854,,10x75g,organic,Cornish Sea Salt Ecuadorian Dark Bar - 70%,3.68,Seed & Bean,,23.05,V,4.61,5060137140166,10,75,g,2,1,115060137140163
765881,,30x25g,organic,Espresso Dark Chocolate Bar - 58%,1.46,Seed & Bean,,23.65,V,4.73,5060137140524,30,25,g,2,1,115060137140521
765883,,30x25g,organic,Dominican Extra Dark Chocolate Bar - 72%,1.46,Seed & Bean,,23.65,V,4.73,5060137140487,30,25,g,2,1,5060137140484
765885,,30x25g,organic,Cornish Sea Salt & Lime Milk Choc Bar - 37%,1.46,Seed & Bean,,23.65,V,4.73,5060137140531,30,25,g,2,1,115060137140538
765891,,20x100g,organic,Liquorice Spirals,1.95,Seggiano,,29.3,,0,5033742002914,20,100,g,0,1,15033742002911
765907,,8x150g,,Absolute Black Advent Calendar,13.76,Montezuma,,68.8,V,13.76,5061120530001,8,150,g,2,1,15061120530008
765908,,8x150g,organic,Advent Calendar Milk,10.42,Montezuma,,52.1,V,10.42,15061120530022,8,150,g,2,1,5061120530025
765909,,8x150g,organic,Dark Chocolate Advent Calendar,10.79,Montezuma,,53.95,V,10.79,5061120530018,8,150,g,2,1,15061120530015
765919,,12x90g,,Dark Chocolate Cherry and Pistachio Bar,3.41,Montezuma,,25.55,V,5.11,5061120530070,12,90,g,2,1,15061120530077
765920,,6x300g,,Dark Chocolate Festive Fruits Bar,16.38,Montezuma,H,61.4,V,12.28,5061120530087,6,300,g,2,1,15061120530084
765922,,12x70g,,Vegan Snow Escape Truffle Bauble Tin,8.49,Montezuma,,63.65,V,12.73,5061120531114    ,12,70,g,2,1,15061120531111
765994,,8x120g,,Absolute Black Chocolate Buttons,4.95,Montezuma,,24.75,V,4.95,5060719928120,8,120,g,2,1,5060719928137
765999,,8x120g,organic,Dark Chocolate Buttons,4.95,Montezuma,,24.75,V,4.95,5060719928021,8,120,g,2,1,5060719928038
766001,,8x120g,organic,Milk Chocolate Buttons,4.95,Montezuma,,24.75,V,4.95,5060719928007,8,120,g,2,1,5060719928014
766002,,8x120g,organic,White Chocolate Buttons,4.95,Montezuma,,24.75,V,4.95,5060719928052,8,120,g,2,1,5060719928052
766006,,26x25g,organic,FitzRoy - Very Dark Chocolate - mini,1.54,Montezuma,,24.95,V,4.99,50012862,26,25,g,2,1,50012879
766011,,26x25g,organic,Royal Mint - Dark Chocolate - mini,1.54,Montezuma,,24.95,V,4.99,50012923,26,25,g,2,1,50012930
766013,,26x25g,organic,Smooth Operator - Milk Chocolate - mini,1.54,Montezuma,,24.95,V,4.99,50012848,26,25,g,2,1,50012855
766021,,26x25g,organic,Splotch - Dark Milk Butterscotch - mini,1.54,Montezuma,,24.95,V,4.99,50012886,26,25,g,2,1,50012893
766040,,24x38g,,Chuckie Egg,1.64,Mummy Meegz,,24.6,V,4.92,96191514,24,38,g,2,1,5060595790538
766044,,12x80g,,Chickee Egg - bag,2.85,Mummy Meegz,,21.4,V,4.28,5060595790743,12,80,g,2,1,5060595790750
766048,,22x36g,,Choccy Balls - 3 pack,1.98,Mummy Meegz,,27.25,V,5.45,5060595790514,22,36,g,2,1,5060595790521
766049,,8x144g,,Choccy Balls - 12 pack,8.12,Mummy Meegz,,40.6,V,8.12,5060595790583,8,144,g,2,1,5060595790590
766050,,12x80g,,M'z Gems - bag,2.85,Mummy Meegz,,21.4,V,4.28,5060595790477,12,80,g,2,1,5060595790484
766051,,12x80g,,Peanut M'z Gems - bag,2.85,Mummy Meegz,,21.4,V,4.28,5060595790491,12,80,g,2,1,5060595790507
766117,,8x65g,organic,Coconut - Chocolate Wonders,2.99,Booja Booja,h,14.95,V,2.99,5060002044698,8,65,g,2,1,5060002044704
766119,,8x65g,organic,Deeply Chocolate Wonders,2.99,Booja Booja,h,14.95,V,2.99,5060002044711,8,65,g,2,1,5060002044728
766124,,8x65g,organic,Fudgie Brownie - Chocolate Wonders,2.99,Booja Booja,h,14.95,V,2.99,,8,65,g,2,1,
766125,,8x65g,organic,Cookie Dough - Chocolate Wonders,2.99,Booja Booja,h,14.95,V,2.99,,8,65,g,2,1,
766126,,8x65g,organic,Hazelnut - Chocolate Wonders,2.99,Booja Booja,h,14.95,V,2.99,,8,65,g,2,1,
766127,,8x65g,organic,Raspberry Scrunch - Chocolate Wonders,2.99,Booja Booja,h,14.95,V,2.99,,8,65,g,2,1,
766128,,8x65g,organic,Salted Caramel - Chocolate Wonders,2.99,Booja Booja,h,14.95,V,2.99,,8,65,g,2,1,
766129,,8x65g,organic,Orange Scrunch - Chocolate Wonders,2.99,Booja Booja,,14.95,V,2.99,5060002044544,8,65,g,2,1,5060002044551
766134,,16x23g,organic,Deeply Chocolate - two truffle pack,1.7,Booja Booja,h,16.95,V,3.39,5060002044650,16,23,g,2,1,5060002044667
766138,,16x23g,organic,Honeycomb Caramel - two truffle pack,1.69,Booja Booja,h,16.95,V,3.39,,16,23,g,2,1,
766139,,16x23g,organic,Orange Chocolate - two truffle pack,1.69,Booja Booja,h,16.95,V,3.39,,16,23,g,2,1,
766140,,16x23g,organic,Salted Caramel - two truffle pack,1.69,Booja Booja,h,16.95,V,3.39,,16,23,g,2,1,
766142,,5x184g,organic,Fine de Champagne - 16 truffles,14.99,Booja Booja,h,46.85,V,9.37,,5,184,g,2,1,
766143,,8x115g,organic,Hazelnut Crunch - 10 truffle loglets,10.99,Booja Booja,h,54.95,V,10.99,,8,115,g,2,1,
766144,,16x23g,organic,Hazelnut Crunch - two truffle pack,1.69,Booja Booja,h,16.95,V,3.39,,16,23,g,2,1,
766145,,16x23g,organic,Salted Caramel Mocha - two truffle pack,1.7,Booja Booja,h,16.95,V,3.39,5060002044674,16,23,g,2,1,5060002044681
766146,,16x23g,organic,Almond Salted Caramel - two truffle pack,1.69,Booja Booja,h,16.95,V,3.39,,16,23,g,2,1,
766147,,8x115g,organic,Salted Caramel Mocha - 10 truffle loglets,10.99,Booja Booja,h,54.95,V,10.99,,8,115,g,2,1,
766148,,5x184g,organic,Award Winning Selection - 16 truffles,14.99,Booja Booja,h,46.85,V,9.37,,5,184,g,2,1,
766151,,5x184g,organic,Signature Selection - 16 truffles,14.99,Booja Booja,h,46.85,V,9.37,,5,184,g,2,1,
766154,,8x115g,organic,Chocolate Orange - 10 truffle loglets,10.99,Booja Booja,h,54.95,V,10.99,,8,115,g,2,1,
766158,,3x185g,organic,The Artist's Collection - Fine de Champagne - 16 truffles,24.99,Booja Booja,h,46.85,V,9.37,,3,185,g,2,1,
766159,,3x185g,organic,The Artist's Collection - Hazelnut - 16 truffles,24.99,Booja Booja,h,46.85,V,9.37,,3,185,g,2,1,
766174,,8x115g,organic,Chocolate Salted Caramel - 10 Truffle Logs,10.99,Booja Booja,,54.95,V,10.99,,8,115,g,2,1,
766178,,5x184g,organic,Winter Collection - 16 truffles,14.99,Booja Booja,,46.85,V,9.37,,5,184,g,2,1,5060002044346
766181,,8x92g,organic,Almond Salted Caramel - 8 truffles,7.25,Booja Booja,h,36.25,V,7.25,,8,92,g,2,1,
766182,,8x92g,organic,Fruit and Pecan Praline Crunch - 8 truffles,7.25,Booja Booja,h,36.2,V,7.24,5060002044735,8,92,g,2,1,5060002044742
766183,,8x92g,organic,Around Midnight Espresso - 8 truffles,7.25,Booja Booja,h,36.25,V,7.25,,8,92,g,2,1,
766184,,8x92g,organic,Fine de Champagne - 8 truffles,7.25,Booja Booja,h,36.25,V,7.25,,8,92,g,2,1,
766186,,8x92g,organic,Hazelnut Crunch Chocolate - 8 truffles,7.25,Booja Booja,h,36.25,V,7.25,,8,92,g,2,1,
766188,,8x92g,organic,Chocolate Salted Caramel - 8 truffles,7.25,Booja Booja,h,36.25,V,7.25,,8,92,g,2,1,
766189,,8x92g,organic,Deeply Chocolate - 8 truffles,7.25,Booja Booja,h,36.25,V,7.25,,8,92,g,2,1,
766191,,8x92g,organic,Honeycomb Caramel - 8 truffles,7.25,Booja Booja,h,36.25,V,7.25,,8,92,g,2,1,
766193,,4x289g,organic,The Gourmet No.1 - 25 truffles,27.99,Booja Booja,h,69.95,V,13.99,,4,289,g,2,1,
766194,,4x289g,organic,The Gourmet No.2 - 25 truffles,27.99,Booja Booja,h,69.95,V,13.99,,4,289,g,2,1,
766198,,8x92g,organic,Winter Special - Hazelnut & Cherry Bakewell - 8 truffles,7.25,Booja Booja,,36.25,V,7.25,5060002044568,8,92,g,2,1,5060002044575
766200,,8x92g,organic,Salted Caramel Mocha - 8 truffles,7.25,Booja Booja,h,36.2,V,7.24,5060002044759,8,92,g,2,1,5060002044766
766201,,5x184g,organic,The Grand Selection - 16 truffles,14.99,Booja Booja,t,46.85,V,9.37,5060002044773,5,184,g,2,1,5060002044780
766215,,12x90g,,Absolute Black - 100% Cocoa,3.54,Montezuma,,26.2,V,5.24,5060719920001,12,90,g,2,1,5060719920018
766217,,12x90g,,Absolute Black with Almonds - 100%,3.54,Montezuma,,26.2,V,5.24,5060719920025,12,90,g,2,1,5060719920032
766218,,12x90g,,Absolute Black with Orange & Cocoa Nibs - 100%,3.54,Montezuma,,26.2,V,5.24,5060719920049,12,90,g,2,1,5060719920056
766241,,12x90g,,Black Forest Cherry,3.54,Montezuma,,26.2,V,5.24,5060719920285,12,90,g,2,1,5060719920292
766244,,12x90g,,Lordy Lord - Dark with Cocoa Nibs,3.54,Montezuma,,26.2,V,5.24,5060719920261,12,90,g,2,1,5060719920278
766246,,12x90g,,Minted - Milk with Crunchy Peppermint,3.54,Montezuma,,26.2,V,5.24,5060719927802,12,90,g,2,1,15060719927809
766248,,12x90g,,Sea Dog - Dark with Lime & Sea Salt,3.54,Montezuma,,26.2,V,5.24,5060719920223,12,90,g,2,1,5060719920230
766249,,12x90g,,Spice It Up - Dark with Ginger,3.54,Montezuma,,26.2,V,5.24,5060719920247,12,90,g,2,1,5060719920254
766261,,12x90g,organic,Smooth Operator - Milk Chocolate,3.54,Montezuma,,26.2,V,5.24,5060719920322,12,90,g,2,1,5060719920339
766262,,12x90g,organic,Splotch - Dark Milk Butterscotch,3.54,Montezuma,,26.2,V,5.24,5060719920346,12,90,g,2,1,5060719920353
766264,,12x90g,organic,Darkside - Dark/Milk Chocolate,3.54,Montezuma,,26.2,V,5.24,5060719920360,12,90,g,2,1,5060719920377
766266,,12x90g,organic,Hot Pickle - Milk Chocolate Chilli & Lime,3.54,Montezuma,,26.2,V,5.24,5060719920407,12,90,g,2,1,5060719920414
766267,,12x90g,organic,Great White Chocolate,3.54,Montezuma,,26.2,V,5.24,5060719920469,12,90,g,2,1,5060719920476
766268,,26x25g,,Black Forest Cherry - mini,1.54,Montezuma,,24.95,V,4.99,50011940,26,25,g,2,1,50011957
766269,,26x25g,,Sea Dog - Dark with Lime & Sea Salt - mini,1.54,Montezuma,,24.95,V,4.99,50012909,26,25,g,2,1,50012916
766286,,12x90g,organic,Dark Chocolate Bar - Chilli Bonkers,3.54,Montezuma,,26.2,V,5.24,5060719920308,12,90,g,2,1,5060719920315
766289,,12x90g,organic,FitzRoy - Very Dark Chocolate,3.54,Montezuma,,26.2,V,5.24,5060719920148,12,90,g,2,1,5060719920155
766301,,12x90g,organic,Happy Hippy - Dark Chocolate Orange & Geranium,3.54,Montezuma,,26.2,V,5.24,5060719920162,12,90,g,2,1,5060719920179
766302,,12x90g,organic,Royal Mint - Dark Chocolate,3.54,Montezuma,,26.2,V,5.24,5060719920186,12,90,g,2,1,5060719920193
766402,,24x40g,organic,Hazel Nougat Delight,1.68,Organica,,25.15,V,5.03,5060005461218,24,40,g,2,1,105060005461386
766413,,24x40g,organic,Golden Coconut Delight,1.68,Organica,,25.15,V,5.03,5060005460907,24,40,g,2,1,105060005461393
766498,,18x4x32g,,Raspberry Liquorice Bar - 4 pack,2.25,Panda,,25.3,V,5.06,6412500079167,18,4x32,g,2,1,6412501079166
766499,,12x200g,,Raspberry Liquorice - in bag,2.69,Panda,,20.15,V,4.03,75172079307,12,200,g,2,1,10075172071902
766500,,36x32g,,Raspberry Liquorice Bar,0.62,Panda,,13.9,V,2.78,75172078102,36,32,g,2,1,6412501032147
766510,,36x32g,,Liquorice Bar,0.62,Panda,,13.9,V,2.78,75172079246,36,32,g,2,1,6412501031522
766523,,18x4x32g,,Liquorice Bar - 4 pack,2.25,Panda,,25.3,V,5.06,75172079123,18,4x32,g,2,1,6412501031539
766525,,12x240g,,Liquorice Cuts - in bag,2.75,Panda,,20.65,V,4.13,75172078966,12,240,g,2,1,6412501032239
766629,,16x44g,,Fruit & Fibre - Apple & Cinnamon,1.19,Nakd,r,11.9,V,2.38,5060088700556,16,44,g,2,1,15060088700553
766631,,16x44g,,Fruit & Fibre - Strawberry & Raspberry,1.19,Nakd,r,11.9,V,2.38,5060088700532,16,44,g,2,1,15060088700539
766633,,16x45g,,Protein Caramel Bar,1.19,Nakd,r,11.9,V,2.38,5060088700129,16,45,g,2,1,15060088700126
766634,,16x45g,,Protein Cocoa Hazelnut Bar,1.19,Nakd,r,11.9,V,2.38,5060088700105,16,45,g,2,1,15060088700102
766636,,16x45g,,Protein Cherry Bar,1.16,Nakd,r,11.6,V,2.32,5060088702628,16,45,g,2,1,15060088702625
766637,,16x45g,,Protein Peanut Butter Bar,1.19,Nakd,r,11.9,V,2.38,5060088700082,16,45,g,2,1,15060088700089
766644,,18x35g,,Blueberry Muffin Raw Wholefood Bar,0.9,Nakd,r,10.1,V,2.02,5060088705957,18,35,g,2,1,5060088705957
766647,,18x35g,,Bakewell Tart Raw Wholefood Bar,0.9,Nakd,r,10.1,V,2.02,5060088703168,18,35,g,2,1,5060088703175
766648,,18x35g,,Berry Delight Raw Wholefood Bar,0.9,Nakd,r,10.1,V,2.02,5060088701966,18,35,g,2,1,5060088701973
766650,,18x35g,,Cashew Cookie Raw Wholefood Bar,0.9,Nakd,r,10.1,V,2.02,5060088701607,18,35,g,2,1,5060088701614
766651,,18x35g,,Cocoa Delight Raw Wholefood Bar,0.9,Nakd,r,10.1,V,2.02,5060088701942,18,35,g,2,1,5060088701959
766652,,18x35g,,Cocoa Orange Raw Wholefood Bar,0.9,Nakd,r,10.1,V,2.02,5060088701447,18,35,g,2,1,5060088701454
766656,,18x35g,,Peanut Delight Raw Wholefood Bar,0.9,Nakd,r,10.1,V,2.02,5060088705179,18,35,g,2,1,5060088705186
766659,,18x35g,,Lemon Drizzle Bar,0.9,Nakd,r,10.1,V,2.02,5060088705926,18,35,g,2,1,5060088705933
766664,,18x35g,,Salted Caramel Raw Wholefood Bar,0.9,Nakd,r,10.1,V,2.02,5060088707937,18,35,g,2,1,5060088707944
766691,,12x55g,,Biscoff High Protein bar - reduced sugar,2.37,Trek,r,17.3,V,3.46,5060088701003,12,55,g,2,1,15060088701000
766694,,12x55g,,Choc Caramel High Protein bar - low sugar,2.37,Trek,r,17.3,V,3.46,5060088701058,12,55,g,2,1,15060088701055
766696,,12x55g,,Choc Peanut Butter High Protein bar - low sugar,2.37,Trek,r,17.3,V,3.46,5060088701027,12,55,g,2,1,15060088701024
766703,,12x50g,,Pouch Peppermint Dental Mints - 85 mints,3.73,Peppersmith,,28,V,5.6,5060218596141,12,50,g,2,1,5060218596172
766704,,12x50g,,Pouch Peppermint Dental Chewing Gum  - 33 gums,3.73,Peppersmith,,28,V,5.6,5060218595144,12,50,g,2,1,5060218595175
766706,,12x15g,,Strawberry Pastilles,1.59,Peppersmith,,11.9,V,2.38,96146354,12,15,g,2,1,5060218592525
766707,,12x50g,,Extra Strong Dental Mints - 85 mints,3.73,Peppersmith,,28,V,5.6,,12,50,g,2,1,5060218592822
766717,,12x15g,,Peppermint Dental Chewing Gum Pocket Pack (10 gums),1.39,Peppersmith,,10.4,V,2.08,96114247,12,15,g,2,1,5060218594123
766720,,12x15g,,Spearmint Dental Chewing Gum Pocket Pack (10 gums),1.39,Peppersmith,,10.4,V,2.08,96114254,12,15,g,2,1,5060218594222
766722,,12x15g,,Peppermint Dental Mints (25 mints),1.59,Peppersmith,,11.9,V,2.38,96024102,12,15,g,2,1,5060218592129
766723,,12x15g,,Lemon Dental Mints (25 mints),1.59,Peppersmith,,11.9,V,2.38,96031957,12,15,g,2,1,5060218592327
766724,,12x15g,,Extra Strong Dental Mints (25 mints),1.59,Peppersmith,,11.9,V,2.38,96044322,12,15,g,2,1,5060218592426
766726,,12x50g,,Pouch Spearmint Dental Chewing Gum - 33 gums,3.73,Peppersmith,,28,V,5.6,5060218595243,12,50,g,2,1,5060218595274
766781,,16x50g,,Biscoff Protein Flapjack,1.27,Trek,r,12.3,V,2.46,5060088700815,16,50,g,2,1,15060088700812
766782,,16x50g,,Cocoa Coconut Protein Flapjack,1.27,Trek,r,12.3,V,2.46,5060088702284,16,50,g,2,1,5060088702291
766785,,16x50g,,Cocoa Oat Protein Flapjack,1.27,Trek,r,12.3,V,2.46,5060088702307,16,50,g,2,1,5060088702314
766794,,16x50g,,Smooth Lemon Protein Flapjack,1.27,Trek,r,12.3,V,2.46,5060088709252,16,50,g,2,1,15060088709259
766795,,16x50g,,Original Oat Protein Flapjack,1.27,Trek,r,12.3,V,2.46,5060088702246,16,50,g,2,1,5060088702253
766796,,16x50g,,Salted Caramel Protein Flapjack,1.27,Trek,r,12.3,V,2.46,5060088709030,16,50,g,2,1,15060088709037
766809,,16x50g,,White Chocolate & Raspberry Protein Flapjack,1.27,Trek,r,12.3,V,2.46,5060088709276,16,50,g,2,1,15060088709273
766813,,12x3x45g,,Mutipack Cocoa Hazelnut Protein Bar,2.67,Nakd,r,20,V,4,5060088700112,12,3x45,g,2,1,15060088700119
766814,,12x3x45g,,Multipack Peanut Butter Protein Bar,2.67,Nakd,r,20,V,4,5060088700099,12,3x45,g,2,1,15060088700096
766815,,12x4x35g,,Multipack Cocoa Orange Raw Wholefood Bar,2.86,Nakd,r,21.45,V,4.29,5060088701478,12,4x35,g,2,1,5060088701485
766977,,15x60g,,Almond Bakewell Oat Bake,1.2,Oatopia,r,13.55,,0,5065012380125,15,60,g,0,1,15065012380122
766978,,15x60g,,Original Oat Bake,1.17,Oatopia,r,13.2,,0,5065012380101,15,60,g,0,1,15065012380108
766979,,15x60g,,Peanut Butter Oat Bake,1.17,Oatopia,r,13.2,,0,5065012380132,15,60,g,0,1,15065012380139
766981,,15x60g,,Salted Caramel Oat Bake,1.17,Oatopia,r,13.2,,0,5065012380118,15,60,g,0,1,15065012380115
766982,,15x60g,,Dark Chocolate & Raspberry Oat Bake,1.2,Oatopia,r,13.55,,0,5065012380170,15,60,g,0,1,15065012380177
767532,,12x50g,organic,Chocolate Peanut Butter Soft Baked Cookie,1.6,Rhythm 108,,14.4,,0,7640155340380,12,50,g,0,1,7640155340397
767536,,12x50g,organic,Hazelnut Chocolate Praline Soft Baked Cookie,1.6,Rhythm 108,,14.4,,0,7640155340403,12,50,g,0,1,7640155340410
767541,,8x135g,organic,Salted Caramel Biscuit Share Bag,3.79,Rhythm 108,,21.2,,0,7640155341059,8,135,g,0,1,7640155340311
767544,,8x135g,organic,Almond Biscotti Biscuit Share Bag,3.57,Rhythm 108,,20,,0,7640155340526,8,135,g,0,1,7640155340076
767545,,8x135g,organic,Coconut Crunch Biscuit Share Bag,3.57,Rhythm 108,,20,,0,7640155340649,8,135,g,0,1,7640155340083
767546,,8x135g,organic,Double Choco Hazelnut Biscuit Share Bag,3.57,Rhythm 108,,20,,0,7640155340502,8,135,g,0,1,7640155340069
767547,,8x135g,organic,Hazelnut Chocolate Chip Share Bag,3.57,Rhythm 108,,20,,0,7640155340540,8,135,g,0,1,7640155340106
767548,,8x135g,organic,Lemon Ginger & Chia Biscuit Share Bag,3.57,Rhythm 108,,20,,0,7640155340519,8,135,g,0,1,7640155340090
767549,,8x135g,organic,Hazelnut Chocolate Praline Share Bag,3.79,Rhythm 108,,21.2,,0,7640155340465,8,135,g,0,1,7640155340472
767551,,8x135g,organic,Pistachio filled Biscuit Share Bag,4.76,Rhythm 108,,26.65,,0,7640155341363,8,135,g,0,1,7640155341394
767563,,15x33g,organic,Chocolate Orange Swiss Dark Chocolate Bar,1.9,Rhythm 108,,17.8,V,3.56,7640155340953,15,33,g,2,1,7640155340960
767564,,15x33g,organic,Hazelnut Praline Dark Chocolate Bar,1.9,Rhythm 108,,17.8,V,3.56,7640155340656,15,33,g,2,1,7640155340663
767566,,15x33g,organic,Creamy Coconut Dark Chocolate Bar,1.9,Rhythm 108,,17.8,V,3.56,7640155340717,15,33,g,2,1,7640155340724
767568,,15x33g,organic,Almond & Sea Salt M'lk Chocolate Bar,1.9,Rhythm 108,,17.8,V,3.56,7640155340687,15,33,g,2,1,7640155340694
767572,,9x100g,organic,Hazelnut Truffle Filled M*lk Chocolate Tablet,4.27,Rhythm 108,,23.75,V,4.75,7640155340786,9,100,g,2,1,7640155340793
767576,,9x100g,organic,Dark Cocoa Orange Filled M*lk Chocolate Tablet,4.27,Rhythm 108,,23.75,V,4.75,,9,100,g,2,1,7640155340830
767577,,9x100g,organic,Mint Fondant Bar with Dark Chocolate,4.22,Rhythm 108,,23.75,V,4.75,7640155340809,9,100,g,2,1,7640155340816
767578,,9x100g,organic,Roasted Almond Butter Filled M*lk Chocolate Tablet,4.27,Rhythm 108,,23.75,V,4.75,7640155340823,9,100,g,2,1,7640155340854
767628,,18x50g,organic,Dinosaurs 3d puzzle toy with chocolate,2.2,PLAYin CHOC,,24,V,4.8,5060548500191,18,50,g,2,1,5060548500207
767630,,18x50g,organic,Endangered Animals 3d puzzle toy with chocolate,2.2,PLAYin CHOC,,24,V,4.8,5060548500009,18,50,g,2,1,5060548500108
767634,,18x50g,organic,Christmas Series 3d puzzle toy with chocolate,2.2,PLAYin CHOC,,24,V,4.8,5060548500061,18,50,g,2,1,5060548500160
767636,,18x50g,organic,Woodland Animals 3d puzzle toy with chocolate,2.2,PLAYin CHOC,,24,V,4.8,5060548500054,18,50,g,2,1,5060548500153
767644,,8x90g,organic,Dark & Salted Almond Giant Buttons,3.62,Raw Halo,r,18.1,V,3.62,5060430552000,8,90,g,2,1,5060430552017
767645,,8x90g,organic,Mylk & Hazelnut Giant Buttons,3.62,Raw Halo,r,18.1,V,3.62,5060430551980,8,90,g,2,1,5060430551997
767646,,8x90g,organic,Mylk & Hazelnut Truffle Centre Bar,3.36,Raw Halo,r,16.8,V,3.36,5060430551836,8,90,g,2,1,5060430551843
767647,,8x90g,organic,Dark & Salted Almond Truffle Centre Bar,3.36,Raw Halo,r,16.8,V,3.36,5060430551850,8,90,g,2,1,5060430551867
767648,,10x70g,organic,Dark 70%,3.06,Raw Halo,r,19.1,V,3.82,5060430552024,10,70,g,2,1,5060430551669
767649,,10x70g,organic,Dark 85%,3.06,Raw Halo,r,19.1,V,3.82,5060430551676,10,70,g,2,1,5060430551683
767651,,10x70g,organic,Dark & Pink Himalayan Salt,3.06,Raw Halo,r,19.1,V,3.82,5060430551713,10,70,g,2,1,5060430551720
767653,,10x70g,organic,Dark & Salted Caramel,3.06,Raw Halo,r,19.1,V,3.82,5060430551690,10,70,g,2,1,5060430551706
767654,,10x70g,organic,Mylk & Pink Himalayan Salt,3.06,Raw Halo,r,19.1,V,3.82,5060430551577,10,70,g,2,1,5060430551584
767655,,10x70g,organic,Mylk & Salted Caramel,3.06,Raw Halo,r,19.1,V,3.82,5060430551812,10,70,g,2,1,5060430551829
767657,,10x70g,organic,Mylk & Vanilla,3.06,Raw Halo,r,19.1,V,3.82,5060430551553,10,70,g,2,1,5060430551560
767659,,10x35g,organic,Dark 70%,1.86,Raw Halo,r,11.65,V,2.33,5060430552048,10,35,g,2,1,5060430552055
767661,,10x35g,organic,Dark & Mint,1.86,Raw Halo,r,11.65,V,2.33,5060430551478,10,35,g,2,1,5060430551485
767663,,10x35g,organic,Dark & Orange,1.86,Raw Halo,r,11.65,V,2.33,5060430551454,10,35,g,2,1,5060430551461
767665,,10x35g,organic,Dark & Salted Caramel,1.86,Raw Halo,r,11.65,V,2.33,5060430551379,10,35,g,2,1,5060430551386
767667,,24x18g,organic,Mango Pipstick,0.83,Pip,,15,,0,5060218971016,24,18,g,0,1,5060218973010
767669,,24x18g,organic,Pineapple & Mango Pipstick,0.83,Pip,,15,,0,5060218971023,24,18,g,0,1,5060218973027
767670,,10x35g,organic,Mylk & Pink Himalayan Salt,1.86,Raw Halo,r,11.65,V,2.33,5060430551539,10,35,g,2,1,5060430551546
767671,,10x85g,organic,Dark Chocolate Covered Almonds,4.22,Raw Halo,r,26.4,V,5.28,5060430552086,10,85,g,2,1,5060430552185
767672,,10x35g,organic,Mylk & Salted Caramel,1.86,Raw Halo,r,11.65,V,2.33,5060430551515,10,35,g,2,1,5060430551522
767673,,10x35g,organic,Mylk & Vanilla,1.86,Raw Halo,r,11.65,V,2.33,5060430551492,10,35,g,2,1,5060430551508
767674,,10x85g,organic,Dark Chocolate Covered Hazelnuts,4.29,Raw Halo,r,26.8,V,5.36,5060430552093,10,85,g,2,1,5060430552192
767675,,10x85g,organic,Mylk Chocolate Covered Cashews,4.22,Raw Halo,r,26.4,V,5.28,5060430552109,10,85,g,2,1,5060430552208
767676,,10x85g,organic,Mylk Chocolate Covered Raisins,4.22,Raw Halo,r,26.4,V,5.28,5060430552116,10,85,g,2,1,5060430552215
767746,,20x90g,,Raspberry Giant Bar,0.89,Ma Baker,,13.4,,0,5034444101318,20,90,g,0,1,5034444104319
767758,,12x70g,,Cherry Cough Drops with Stevia - bag,1.41,Ricola,r,10.55,V,2.11,7610700023983,12,70,g,2,1,7610700023976
767760,,12x75g,,Original Swiss Herb Soothe & Clear - bag,1.41,Ricola,r,10.55,V,2.11,7610700001059,12,75,g,2,1,7610700001035
767762,,12x75g,,Cough Drops Honey Lemon Echinacea - bag,1.41,Ricola,r,10.55,V,2.11,7610700001417,12,75,g,2,1,7610700001363
767764,,20x45g,,Delicious Elderflower with Stevia - box,1.35,Ricola,r,16.9,V,3.38,7610700612859,20,45,g,2,1,7610700612866
767765,,20x45g,,Raspberry Mint with Stevia - box,1.35,Ricola,r,16.9,V,3.38,7610700021705,20,45,g,2,1,7610700022306
767766,,20x45g,,Luxurious Liquorice with Stevia - box,1.35,Ricola,r,16.9,V,3.38,7610700626344,20,45,g,2,1,7610700626351
767767,,20x45g,,Refreshing Lemon Mint with Stevia - box,1.35,Ricola,r,16.9,V,3.38,7610700614266,20,45,g,2,1,7610700612514
767768,,20x45g,,Tasty Cranberry with Stevia - box,1.35,Ricola,r,16.9,V,3.38,7610700612934,20,45,g,2,1,7610700612941
767769,,20x45g,,Glacier Peppermint with Stevia - box,1.35,Ricola,r,16.9,V,3.38,7610700922491,20,45,g,2,1,7610700922507
767770,,20x45g,,The Original with Stevia - box,1.35,Ricola,r,16.9,V,3.38,7610700612507,20,45,g,2,1,7610700614273
767780,,6x100g,organic,Nougat with Honey & Almonds,7.35,Roots & Wings,,27.6,V,5.52,5061091040011,6,100,g,2,1,5061091040011
768490,,12x75g,organic,Organic Halva with Coconut Syrup - Vegan,1.89,Sunita,,17.05,,0,5018076000911,12,75,g,0,1,5018076000928
768492,,12x75g,organic,Organic Dark Chocolate Halva,2.4,Sunita,,21.6,,0,5018076101212,12,75,g,0,1,5018076201042
768495,,12x75g,organic,Organic Plain Halva,1.89,Sunita,,17.05,,0,5018076100628,12,75,g,0,1,5018076200656
768497,,12x75g,organic,Organic Honey Halva - Almond,2.4,Sunita,,21.6,,0,5018076100970,12,75,g,0,1,5018076200779
768502,,12x75g,organic,Organic Grape Juice & Sultana Halva,1.89,Sunita,,17.05,,0,5018076100963,12,75,g,0,1,5018076200632
768545,,24x75g,,Halva Pistachio,1.9,Sunita,,34.15,,0,5018076200762,24,75,g,0,1,5018076200649
768555,,24x75g,,Halva Plain,1.9,Sunita,,34.15,,0,5018076200748,24,75,g,0,1,5018076201400
768580,,10x45g,,Blueberry Oat Muffin Protein Balls - High Fibre,1.59,The Protein Ball Co.,r,9.95,V,1.99,813047022153,10,45,g,2,1,813047022306
768582,,10x45g,,Chocolate Chip Muffin Protein Balls - High Fibre,1.59,The Protein Ball Co.,r,9.95,V,1.99,813047020203,10,45,g,2,1,813047020210
768583,,10x45g,,Coffee Oat Muffin Protein Balls - High Fibre,1.59,The Protein Ball Co.,r,9.95,V,1.99,813047022146,10,45,g,2,1,813047022290
768588,,10x45g,,Lemon & Pistachio Protein Balls - Plant Based,1.59,The Protein Ball Co.,r,9.95,V,1.99,813047020005,10,45,g,2,1,813047020067
768589,,10x45g,,Peanut Butter Protein Balls - Plant Based,1.59,The Protein Ball Co.,r,9.95,V,1.99,813047020166,10,45,g,2,1,813047020173
768590,,10x45g,,Salted Caramel Protein Balls - Plant Based,1.59,The Protein Ball Co.,r,9.95,V,1.99,813047020180,10,45,g,2,1,813047020197
768591,,10x36g,,Hazelnut & Chocolate Protein Balls - Stuffed,1.72,The Protein Ball Co.,r,10.75,V,2.15,813047024485,10,36,g,2,1,813047024591
768592,,10x36g,,Matcha & Vanilla Protein Balls - Stuffed,1.72,The Protein Ball Co.,r,10.75,V,2.15,813047024492,10,36,g,2,1,813047024607
768594,,10x36g,,Pistachio & Chocolate Protein Balls - Stuffed,1.72,The Protein Ball Co.,r,10.75,V,2.15,813047024614,10,36,g,2,1,813047024508
768816,,18x40g,organic,Apricot & Almond Just 5 Bar,1.38,Tropical Wholefoods,,15.5,V,3.1,5060131006300,18,40,g,2,1,5030131106703
768818,,18x40g,organic,Date & Walnut Just 5 Bar,1.38,Tropical Wholefoods,,15.5,V,3.1,5030131006331,18,40,g,2,1,5030131106734
768820,,18x40g,organic,Mango & Brazil Just 5 Bar,1.38,Tropical Wholefoods,,15.5,V,3.1,5030131006317,18,40,g,2,1,5030131106710
768823,,18x40g,organic,Date & Cocoa Just 5 Bar,1.38,Tropical Wholefoods,,15.5,V,3.1,5030131006355,18,40,g,2,1,5030131906358
768824,,18x40g,organic,Pineapple & Cashew Just 5 Bar,1.38,Tropical Wholefoods,,15.5,V,3.1,5030131006324,18,40,g,2,1,5030131106727
768830,,20x150g,organic,150g Whole Hazelnut Chocolate Bar,5.2,Vego,,65,V,13,4260334140001,20,150,g,2,1,4260334140919
768832,,20x65g,organic,Mini Whole Hazelnut Chocolate Bar,2.69,Vego,,33.65,V,6.73,4260334140025,20,65,g,2,1,4260334140964
768836,,20x40g,organic,Vego Crisp - Chocolate & Rice Crisp Bar,2,Vego,,25,V,5,4260334140803,20,40,g,2,1,4260334140858
768871,,10x90g,Demeter,100% Cocoa Blood Orange,5.98,Vivani,,37.4,V,7.48,4044889004755,10,90,g,2,1,4044889014822
768873,,10x80g,organic,Fine Dark 75% cocoa with coconut blossom sugar,4.98,Vivani,,31.15,V,6.23,4044889002713,10,80,g,2,1,4044889012712
768874,,10x80g,organic,Superior Dark with Cranberry,4.29,Vivani,,26.8,V,5.36,4044889005240,10,80,g,2,1,4044889015249
768875,,10x100g,organic,Peppermint Chocolate,3.98,Vivani,,24.9,V,4.98,4044889001051,10,100,g,2,1,4044889011050
768877,,10x100g,organic,Cappuccino Chocolate,4.29,Vivani,,26.8,V,5.36,4044889001075,10,100,g,2,1,4044889011074
768879,,10x90g,Demeter,Espresso Milk,4.98,Vivani,,31.15,V,6.23,4044889005141,10,90,g,2,1,4044889015140
768887,,18x40g,organic,Pistacchio Dubai Style Milk Chocolate,2.29,Vivani,,25.75,V,5.15,4044889005134,18,40,g,2,1,4044889015133
768888,,10x80g,organic,Dark with Orange,4.29,Vivani,,26.8,V,5.36,4044889005219,10,80,g,2,1,4044889015218
768890,,10x100g,organic,Dark with Almonds Chocolate,4.98,Vivani,,31.15,V,6.23,4044889003208,10,100,g,2,1,4044889013207
768891,,10x100g,organic,Dark with Whole Hazelnuts Chocolate,4.98,Vivani,,31.15,V,6.23,4044889003192,10,100,g,2,1,4044889013191
768892,,12x80g,organic,Dark with Nougat Chocolate,3.78,Vivani,,28.35,V,5.67,4044889001501,12,80,g,2,1,4044889015287
768893,,10x80g,organic,Fine Dark Mallorca Fleur de Sel 75% Chocolate,4.98,Vivani,,31.15,V,6.23,4044889004342,10,80,g,2,1,4044889014341
768895,,12x80g,organic,Fine Dark 71% Chocolate,3.78,Vivani,,28.35,V,5.67,4044889005271,12,80,g,2,1,4044889015270
768896,,10x80g,organic,Fine Dark 85% Chocolate,4.98,Vivani,,31.15,V,6.23,4044889000054,10,80,g,2,1,4044889015263
768899,,18x35g,organic,White Nougat Crisp Chocolate,1.98,Vivani,,22.3,V,4.46,4044889002546,18,35,g,2,1,4044889012545
768900,,10x80g,organic,Whole Cocoa Fruit 100%,6.29,Vivani,,39.3,V,7.86,4044889004885,10,80,g,2,1,4044889015089
768990,,10x80g,organic,Fine Dark 99% Chocolate,4.98,Vivani,,31.15,V,6.23,4044889002904,10,80,g,2,1,4044889012903
768991,,18x40g,organic,Creamy Caramel Milk Chocolate,1.98,Vivani,,22.3,V,4.46,4044889002515,18,40,g,2,1,4044889012514
768992,,10x80g,organic,Superior Dark 100% + cocoa nibs Chocolate,5.98,Vivani,,37.4,V,7.48,4044889004106,10,80,g,2,1,4044889014105
768993,,18x40g,organic,Lemon Cheesecake Milk Chocolate,1.98,Vivani,,22.3,V,4.46,4044889004861,18,40,g,2,1,4044889015065
768994,,18x35g,organic,Black Cherry Dark Chocolate,1.98,Vivani,,22.3,V,4.46,4044889002522,18,35,g,2,1,4044889012521
768995,,10x100g,organic,Milk Whole Hazelnuts  Chocolate,4.98,Vivani,,31.15,V,6.23,4044889000078,10,100,g,2,1,4044889010077
768996,,10x100g,organic,Dark with Marzipan & Amaretto Chocolate,3.78,Vivani,,23.65,V,4.73,4044889002171,10,100,g,2,1,4044889012170
768997,,12x80g,organic,Fine Milk Chocolate,3.78,Vivani,,28.35,V,5.67,4044889005295,12,80,g,2,1,4044889015294
768998,,10x100g,organic,Milk Praliné Chocolate,4.29,Vivani,,26.8,V,5.36,4044889001082,10,100,g,2,1,4044889011081
768999,,18x40g,organic,Espresso Biscotti Chocolate,1.98,Vivani,,22.3,V,4.46,4044889004502,18,40,g,2,1,4044889014501
769000,,18x40g,organic,Créme Brulée Chocolate,1.98,Vivani,,22.3,V,4.46,4044889004793,18,40,g,2,1,4044889014884
769001,,18x40g,organic,Wafer Praliné Chocolate,1.98,Vivani,,22.3,V,4.46,4044889004786,18,40,g,2,1,4044889014877
769002,,10x80g,organic,Stracciatella White Chocolate with Cacao Nibs,4.98,Vivani,,31.15,V,6.23,4044889005349,10,80,g,2,1,4044889015348
769005,,8x75g,organic,Choco Dragées Cashew,6.48,Vivani,,32.4,V,6.48,4044889005103,8,75,g,2,1,4044889015102
769006,,8x75g,organic,Choco Dragées Cranberry,6.48,Vivani,,32.4,V,6.48,4044889005097,8,75,g,2,1,4044889015096
769007,,8x75g,organic,Choco Dragées Espresso,6.48,Vivani,,32.4,V,6.48,4044889005110,8,75,g,2,1,4044889015119
769104,,16x25g,organic,Wild Thingz -  Fruity Flyers treat bag,1.25,Wild Thingz,,12.45,V,2.49,5022775000301,16,25,g,2,1,5022775000387
782797,,10x125g,,Chips de Madrid - Cretan Herb & Salt,2.68,Superbon,r,15.65,V,3.13,5425033155759,10,125,g,2,1,5425033155551
791002,,6x500g,organic,Herbamare - shaker,7.77,A. Vogel,,34.95,,0,7610313424771,6,500,g,0,1,17610313424778
791005,,6x250g,organic,Herbamare - shaker,4.92,A. Vogel,,22.1,,0,7610313424795,6,250,g,0,1,17610313424792
791012,,6x125g,organic,Herbamare - shaker,3.16,A. Vogel,,14.2,,0,7610313398669,6,125,g,0,1,7610313398676
791015,,6x125g,organic,Herbamare - low salt - shaker,3.93,A. Vogel,,17.65,,0,7610313398720,6,125,g,0,1,7610313398737
791017,,6x125g,organic,Herbamare - spicy - shaker,3.16,A. Vogel,,14.2,,0,7610313398690,6,125,g,0,1,7610313398706
791405,,12x250g,certified,Sel de Guérande - Fine - shaker - large,3.62,Food Alive,,32.6,,0,3760019770505,12,250,g,0,1,3305041100649
791410,,12x1kg,certified,Sel de Guérande - Fine - bag,5.31,Food Alive,,47.8,,0,3760019770727,12,1,kg,0,1,010330504000069810B150
791415,,12x1kg,certified,Sel de Guérande - Coarse - bag,3.62,Food Alive,,32.6,,0,3760019770048,12,1,kg,0,1,3760019770048
791545,,6x150g,organic,Black Sesame Gomasio,3.59,Carley's,,15.65,,0,5055052607184,6,150,g,0,1,15055052607181
791549,,8x50g,organic,Furikake Sprinkle,3.19,Clearspring,r,19.1,,0,5021554005650,8,50,g,0,1,5021554005667
791550,,6x250g,certified,Traditional Sea Salt,3.99,Clearspring,,17.95,,0,5021554986386,6,250,g,0,1,5021554986393
791551,,6x100g,organic,Gomashio - Black Sesame with Sea Salt,2.39,Clearspring,r,10.75,,0,5021554005117,6,100,g,0,1,5021554005124
791552,,6x100g,organic,Gomashio - Whole Sesame with Sea Salt,2.39,Clearspring,r,10.75,,0,5021554005070,6,100,g,0,1,5021554005087
791555,,8x50g,organic,Shichimi Togarashi,3.18,Clearspring,r,19.1,,0,5021554005230,8,50,g,0,1,5021554005254
791565,,6x250ml,organic,Coconut Aminos - Original,3.39,Biona,r,15.25,,0,5032722317772,6,250,ml,0,1,5032722655171
791582,,6x250g,,Vegetarian Suet,3.99,Suma,,17.95,,0,5017601037859,6,250,g,0,1,5017601037842
791604,,15x200g,,Lübecker Marzipan Almond Paste,3.9,Lubeca,,36.55,V,7.31,4260139440153,15,200,g,2,1,
791605,,1kg,organic,Lübecker Marzipan Almond Paste,,Lubeca,,16.25,V,3.25,4260139447985,,1,kg,2,1,
791640,,12x1kg,,Fine Sea Salt - bag,3.95,Trapani,,35.55,,0,8032584280068,12,1,kg,0,1,
791642,,12x1kg,,Coarse Sea Salt - bag,3.95,Trapani,,35.55,,0,8032584280051,12,1,kg,0,1,
791644,,6x65g,,Truffle Dust,9.22,Truffle Hunter,r,41.5,,0,5060650962412,6,65,g,0,1,15060650962419
791645,,6x140g,,Black Truffle Salt,12.09,Truffle Hunter,r,54.4,,0,5060650960418,6,140,g,0,1,15060650960415
791654,,25kg,certified,Atlantic Sea Salt - Fine,,Geo-Organics,,25.25,,0,5060005463397,,25,kg,0,1,5060005460211
791655,,6x250g,certified,Atlantic Sea Salt - boxed,1.9,Geo-Organics,,8.55,,0,5060005460167,6,250,g,0,1,5060005461232
791660,,6x500g,certified,Atlantic Sea Salt - in tub dispenser,3.79,Geo-Organics,,17.05,,0,5060005461751,6,500,g,0,1,5060005462000
791675,,4x40g,organic,Blue Cheese'ish - flavours,3.2,Uhhmami,,9.6,,0,5710871008818,4,40,g,0,1,5710871009051
791680,,5x120g,,Rock Salt - in grinder,2.96,Hambleden,,11.1,,0,5023552002112,5,120,g,0,1,15023552002119
791715,,6x500g,certified,Cornish Sea Salt - Chef's Tub,6.82,Cornish Sea Salt,,30.7,,0,5060155200026,6,500,g,0,1,5060155200057
791718,,5kg,organic,Atlantic Sea Salt - Portugal -  Fine,,Essential,s,8.85,,0,5029220562971,,5,kg,0,1,5029220562971
791750,,6x135g,,Egg Replacer - for baking,3.24,Free & Easy,,14.6,,0,5015285811734,6,135,g,0,1,5015285911977
791752,,4x250g,,Get Eggless Egg - for scrambles and more,4.88,Free & Easy,,14.65,,0,5015285000220,4,250,g,0,1,15015285000227
791940,,6x50g,,Finishing Salt - woodfired Naga & Fennel,3.56,Spiced Sussex,,16,,0,507003259212,6,50,g,0,1,5070003259243
792203,,1kg,,Brewers Yeast Powder,,Midland Herb & Spice,,18.6,,0,5021858448238,,1,kg,0,1,
792339,,4x130g,organic,Sage & Onion Stuffing - gluten-free,4.03,Steenbergs,,12.1,,0,5060287606628,4,130,g,0,1,15060287606625
793015,,15x6x11g,organic,Mushroom Stock Cubes,1.96,Kallo,,22.05,,0,5013665101598,15,6x11,g,0,1,5013665101789
793065,,15x6x11g,organic,Vegetable Stock Cubes,1.96,Kallo,,22.05,,0,5013665103554,15,6x11,g,0,1,5013665103561
793067,,15x6x11g,organic,Low Salt Vegetable Stock Cubes,1.96,Kallo,,22.05,,0,5013665103134,15,6x11,g,0,1,5013665107996
793095,,15x6x11g, ,Yeast Free Vegetable Stock Cubes,1.96,Kallo,,22.05,,0,5013665101420,15,6x11,g,0,1,5013665103523
793668,,1x570g,,Maldon Sea Salt - tub,8.4,Maldon,,6.3,,0,5011428000409,1,570,g,0,1,
793675,,12x100g,,Chilli Sea Salt - carton,3.2,Maldon,,28.8,,0,5011428000515,12,100,g,0,1,15011428000512
793676,,12x100g,,Garlic Sea Salt - carton,3.23,Maldon,,29.1,,0,5011428000522,12,100,g,0,1,15011428000529
793677,,12x250g,,Kalahari Desert Salt - coarse - carton,2.5,Maldon,,22.5,,0,5011428000508,12,250,g,0,1,15011428000505
793679,,6x55g,,Maldon Sea Salt - grinder,3.84,Maldon,,17.3,,0,5011428000232,6,55,g,0,1,5011428000263
793680,,12x250g,,Maldon Sea Salt - carton,3.73,Maldon,,33.6,,0,5011428100048,12,250,g,0,1,5011428200021
793682,,12x125g,,Smoked Maldon Sea Salt,3.14,Maldon,,28.3,,0,5011428300028,12,125,g,0,1,5011428200120
793683,,1x1.4kg,,Maldon Sea Salt - tub,20.07,Maldon,,15.05,,0,5011428000379,1,1.4,kg,0,1,5011428000379
793684,,12x125g,,Maldon Sea Salt - carton,2.19,Maldon,,19.7,,0,5011428300035,12,125,g,0,1,5011428200137
793694,,6x100ml,,Pure Bourbon Vanilla Extract,15.4,LittlePod,,69.3,,0,5060235210013,6,100,ml,0,1,15060235210010
793696,,6x100ml,,Natural Vanilla Paste,15.11,LittlePod,,68,,0,5060235210006,6,100,ml,0,1,15060235210003
793698,,6x2pack,organic,Madagascan Vanilla Pods,5.92,LittlePod,,26.65,,0,5060235210020,6,2,pack,0,1,15060235210027
794490,,1x2kg,organic,Vegetable Bouillon,23.48,Marigold,,17.6,,0,5016084000350,1,2,kg,0,1,
794491,,12.5kg,organic,Vegetable Bouillon,,Marigold,,115,,0,5016084000435,,12.5,kg,0,1,5016084
794492,,1x2kg,organic,Reduced Salt Bouillon,27.47,Marigold,,20.6,,0,5016084000367,1,2,kg,0,1,
794493,,12.5kg,organic,Reduced Salt Bouillon,,Marigold,,135,,0,5016084000411,,12.5,kg,0,1,5016084000411
794502,,6x500g,organic,Vegetable Bouillon,8.2,Marigold,,36.85,,0,5016084811376,6,500,g,0,1,5016084811383
794503,,6x150g,organic,Vegetable Bouillon,2.69,Marigold,,12.1,,0,5016084123455,6,150,g,0,1,5016842345648
794505,,6x150g,,Original Bouillon,2.49,Marigold,,11.2,,0,50160884,6,150,g,0,1,5016084305516
794508,,6x140g,organic,Reduced Salt Bouillon,2.75,Marigold,,12.35,,0,5016084235516,6,140,g,0,1,5016084231754
794509,,6x500g,organic,Reduced Salt Bouillon,8.29,Marigold,,37.3,,0,5016084000121,6,500,g,0,1,25016084000125
794510,,6x500g,,Original Bouillon,7.64,Marigold,,34.4,,0,160848111785,6,500,g,0,1,5016084813134
794517,,1x2kg,,Original Bouillon,21.73,Marigold,,16.3,,0,5016084000336,1,2,kg,0,1,
794519,,1x2kg,,Reduced Salt Bouillon,22.48,Marigold,,16.85,,0,5016084000343,1,2,kg,0,1,
794520,,6x150g,,Reduced Salt Bouillon,2.59,Marigold,,11.65,,0,5016084293660,6,150,g,0,1,15016084000203
794521,,6x500g,,Reduced Salt Bouillon,7.79,Marigold,,35.05,,0,5016084811277,6,500,g,0,1,5016084813172
794527,,12x8pack,organic,Yeast Free Bouillon Cubes,1.59,Marigold,,14.3,,0,5016084504582,12,8,pack,0,1,5016088533335
794528,,6x170g,,Instant Gravy - powder,2.49,Marigold,,11.2,,0,5016084000060,6,170,g,0,1,15016084000067
794529,,6x100g,,"Engevita Yeast Flakes with Vitamin D, Super B12",4.74,Marigold,,21.35,,0,5016084000107,6,100,g,0,1,15016084000104
794530,,6x110g,organic,Instant Gravy - powder,2.79,Marigold,,12.55,,0,5016084355184,6,110,g,0,1,5016084170510
794531,,1x2kg,,Instant Gravy - powder,19.48,Marigold,,14.6,,0,5016084000282,1,2,kg,0,1,
794533,,6x100g,organic,Engevita Organic Nutritional Yeast Flakes,6.84,Marigold,,30.8,,0,5016084000329,6,100,g,0,1,15016084000326
794534,,6x100g,,Engevita Yeast Flakes with B12 - 100g,4.39,Marigold,,19.75,,0,5016084000374,6,100,g,0,1,15016084000371
794536,,6x100g,,Engevita Yeast Flakes - Protein & Fibre Unfortified,3.89,Marigold,,17.5,,0,5016084000381,6,100,g,0,1,15016084000388
794537,,1x650g,,Engevita Yeast Flakes with B12  - 650g,20.99,Marigold,,15.7,,0,5016084000176,1,650,g,0,1,
794538,,25kg,,Engevita Yeast Flakes with B12,,Marigold,,470,,0,,,25,kg,0,1,5016084000237
795020,,1l,organic,Vanilla Extract (single),,Nielsen-Massey,,89.95,,0,25638610018,,1,l,0,1,25638610018
795022,,1x60ml,organic,Vanilla Extract,10.75,Nielsen-Massey,,8.05,,0,25638610025,1,60,ml,0,1,
795150,,8x500g,,Himalayan Rose Pink Salt - fine,3.99,Profusion,,23.95,,0,5032722309722,8,500,g,0,1,5032722646957
795155,,8x500g,,Himalayan Rose Pink Salt - coarse,3.99,Profusion,,23.95,,0,5032722309746,8,500,g,0,1,5032722646971
795165,,8x140g,,Himalayan Rose Pink Salt - fine - shaker,2.68,Profusion,,16.1,,0,5032722309708,8,140,g,0,1,5032722652125
795172,,6x200g,,Salt Mill - Himalayan Rose Pink  Salt,6.66,Profusion,,29.95,,0,5032722312500,6,200,g,0,1,5032722648845
795176,,12x140g,,Za'atar Palestinian Blend,4.98,Rift Valley Farms,h,44.8,,0,696168607152,12,140,g,0,1,696168607152
795196,,8x100g,organic,Crispy Onions,3.28,Yakso,,19.7,,0,8718754502337,8,100,g,0,1,8718754505208
795205,,6x80g,,Palestinian Za'atar - Thyme mix - jar,5.1,Zaytoun,,22.95,,0,7290005306914,6,80,g,0,1,5060201150329
795300,,8x60ml,,Almond Extract - Natural,7.55,Steenbergs,,45.3,,0,5060287601692,8,60,ml,0,1,15060287601699
795302,,8x60ml,organic,Lemon Extract,3.41,Steenbergs,,20.45,,0,5060287601661,8,60,ml,0,1,15060287601668
795305,,8x60ml,organic,Orange Extract,3.41,Steenbergs,,20.45,,0,5060287601654,8,60,ml,0,1,15060287601651
795307,,6x100ml,organic,Orange Flower Water,4.44,Steenbergs,,20,,0,5060073387663,6,100,ml,0,1,15060073387660
795310,,8x60ml,organic,Peppermint Extract,3.55,Steenbergs,,21.3,,0,5060287601685,8,60,ml,0,1,15060287601682
795312,,6x100ml,organic,Rose Flower Water,4.44,Steenbergs,,20,,0,5060073386925,6,100,ml,0,1,15060073386922
795315,,8x60ml,organic,Vanilla Extract - Fair Trade,8.53,Steenbergs,,51.2,,0,5060287602224,8,60,ml,0,1,15060073387721
795320,,12x150g,,Tamarind Paste,2.88,Steenbergs,,25.9,,0,5060287600886,12,150,g,0,1,15060287600883
795338,,6x750ml,organic,Aquafaba - jar,6.98,Suma,,31.4,,0,5017601052159,6,750,ml,0,1,5017601052142
795339,,6x250ml,organic,Aquafaba - jar,2.77,Suma,,12.45,,0,5017601052135,6,250,ml,0,1,5017601052135
795995,,12x250ml,organic,Lime Juice,2.19,Sunita,,19.75,,0,5018076101175,12,250,ml,0,1,5018076201189
796002,,12x250ml,organic,Lemon Juice,2.19,Sunita,,19.75,,0,5018076100697,12,250,ml,0,1,5018076200526
796003,,6x1l,organic,Lemon Juice,8.02,Sunita,,36.1,,0,5018076100703,6,1,l,0,1,5018076200533
796004,,6x1l,organic,Orange Juice - freshly squeezed,5.56,Sunita,,20.85,V,4.17,5018076100765,6,1,l,2,1,5018076201196
796005,,12x200ml,,Lemon Juice - small,0.75,Sunita,,6.75,,0,5018076100512,12,200,ml,0,1,501807620114
796010,,5l,,Lemon Juice - large,,Sunita,,14.75,,0,5018076100529,,5,l,0,1,5018076200373
796683,,1x500g,,Smoked Maldon Sea Salt - tub,12.67,Maldon,,9.5,,0,5011428000294,1,500,g,0,1,5011428000294
810536,,1x10kg,,Adult Original Vegan Dog Food - bag - now 10kg,53,Benevo,,33.1,V,6.62,5060130540017,1,10,kg,2,1,5060130540949
810537,,1x1.8kg,,Adult Original Vegan Dog Food - bag,13.52,Benevo,,8.45,V,1.69,5060130540048,1,1.8,kg,2,1,5060130540048
810538,,12x354g,,Duo Complete - can,3.49,Benevo,,26.15,V,5.23,5060130540000,12,354,g,2,1,5060130540529
810539,,12x395g,,Grain-Free Feast Adult Dog Food - can,3.79,Benevo,,28.4,V,5.68,5060130541144,12,395,g,2,1,5060130541182
810540,,14x180g,,Rumble Strips,2.49,Benevo,,21.75,V,4.35,5060130540093,14,180,g,2,1,8717249164395
810543,,1.6kg,,Pawtato Knots Small - Mixed Case - approx 120,,Pawtato,,14.95,V,2.99,5060130540918,,1.6,kg,2,1,5060130540918
810544,,6x150g,,Pawtato Knots - small,2.99,Benevo,,11.2,V,2.24,5060130540222,6,150,g,2,1,5060130540987
810546,,6x120g,,Pawtato Sticks - Spinach & Kale,2.48,Benevo,,9.3,V,1.86,5060130540345,6,120,g,2,1,5060130541052
810548,,6x90g,,Pawtato Tubes - Turmeric and Chicory Root,2.48,Benevo,,9.3,V,1.86,5060130540260,6,90,g,2,1,5060130541106
810549,,10x140g,,Pawtato Ocean Treats - Small,3.49,Benevo,,21.8,V,4.36,5060130540857,10,140,g,2,1,5060130540840
810550,,10x140g,,Pawtato Ocean Treats - Medium,3.49,Benevo,,21.8,V,4.36,5060130540888,10,140,g,2,1,5060130540871
810551,,6x120g,,Pawtato Sticks - Peanut Apple & Cinnamon,2.48,Benevo,,9.3,V,1.86,5060130540963,6,120,g,2,1,5060130540970
810556,,6x8x15bags,,Unscented Biodegradable Poop Bags,5.99,Benevo,,22.45,V,4.49,5060130540604,6,8x15,bags,2,1,5060130540604
810600,,6x400ml,,Chamomile Dog Shampoo - sensitive,7.99,Faith in Nature,,27.95,V,5.59,708002403415,6,400,ml,2,1,708002413414
810602,,6x400ml,,Coconut Dog Shampoo - detangling,7.99,Faith in Nature,,27.95,V,5.59,708002403514,6,400,ml,2,1,708002413513
810604,,6x400ml,,Lavender Dog Shampoo - deep cleaning,7.99,Faith in Nature,,27.95,V,5.59,708002403613,6,400,ml,2,1,708002413612
820505,,1x1,,bioSnacky Glass Germinator,12.63,A. Vogel,,7.6,V,1.52,7610313418480,1,1,,2,1,4006040170020
820515,,1x1,,The Sprouter - (single kit),17.57,Being Fare,,9.8,V,1.96,5060271340002,1,1,,2,1,
820523,,10x1,,Bamboo Sushi Mat - Japan,1.7,Clearspring,,9.9,V,1.98,5021554985884,10,1,,2,1,5021554985891
820533,,1x1,organic,Bread/Dry Goods Bag Sm - Natural White Cotton Voile,2.06,Bo Weevil,,1.2,V,0.24,8714823002531,1,1,,2,1,
820534,,1x1,organic,Canvas shopping Bag - Natural White,7.71,Bo Weevil,,4.5,V,0.9,8714823000308,1,1,,2,1,
820540,,1x1,organic,Granny String Bag Short Handle - Orange,7.2,Bo Weevil,,4.2,V,0.84,8714823000186,1,1,,2,1,
820546,,1x1,organic,Granny String Bag Long Handle - Orange,7.29,Bo Weevil,,4.25,V,0.85,8714823001060,1,1,,2,1,
820549,,12x48,,Cube Box 4 ply Bamboo Balsam Tissues - 48s,2,Cheeky Panda,,15,V,3,5060561631650,12,48,,2,1,15060561631657
820550,,1x1,organic,Vegetable Mesh Bag - Large,3,Bo Weevil,,1.75,V,0.35,8714823000506,1,1,,2,1,
820551,,12x64,,Flat Box 4 ply Bamboo Balsam Tissues - 64s,2.3,Cheeky Panda,,17.25,V,3.45,5060561631957,12,64,,2,1,15060561631954
820555,,24x25pack,,Cleansing Facial Wipes,2.5,Cheeky Panda,r,37.55,V,7.51,5060561630752,24,25,pack,2,1,15060561630759
820558,,12x180g,,Flat Box Facial Tissues - 80s,1.57,Cheeky Panda,r,11.75,V,2.35,841161106299,12,180,g,2,1,700461678632
820559,,1x100pack,,Multicoloured Paper Straws,2.8,Cheeky Panda,,1.75,V,0.35,5060561630431,1,100,pack,2,1,15060561630438
820560,,5x2pack,,Kitchen Rolls - 2 pack,4.67,Cheeky Panda,r,14.6,V,2.92,5060561630042,5,2,pack,2,1,5060561630059
820562,,1x5.8kg,,48 Toilet Rolls - Silky Soft - 3 ply - 200 sheets,41.36,Cheeky Panda,,25.85,V,5.17,5060561630172,1,5.8,kg,2,1,5060561630172
820563,,14x10pack,,Pocket Tissues,0.59,Cheeky Panda,r,5.2,V,1.04,5060561631964,14,10,pack,2,1,15060561631961
820565,,5x9pack,,9 Toilet Rolls - Natural Colour - 3 ply - 190 sheets,6.38,Cheeky Panda,r,19.95,V,3.99,5060561631209,5,9,pack,2,1,15060561631206
820566,,5x9pack,,9 Toilet Rolls WWF Silky Soft - 3 ply - 190 sheets,5.52,Cheeky Panda,r,17.25,V,3.45,5060561631346,5,9,pack,2,1,15060561631343
820567,,5x9pack,,9 Toilet Rolls - Quilted Soft - 4 ply - 155 sheets,7.25,Cheeky Panda,,22.65,V,4.53,5060561631360,5,9,pack,2,1,15060561631367
820568,,12x12pack,,Handy Wipes,1.4,Cheeky Panda,r,10.5,V,2.1,5060561630196,12,12,pack,2,1,15060561630193
820569,,12x8x10,,Pocket Tissues - paper wrapped,1.7,Cheeky Panda,r,12.75,V,2.55,5060561631940,12,8x10,,2,1,15060561631947
820698,,10x1pack,organic,Reusable Cotton Milk bag - 38x38cm,4.25,AH Table,,26.5,V,5.3,3760138840417,10,1,pack,2,1,3760138842084
820700,,10x5pack,organic,Reusable Cotton Tea bag - 5 bags,4.17,AH Table,,26,V,5.2,3760138841575,10,5,pack,2,1,
820702,,5x1pack,,Stainless Steel Tea Ball Infuser with chain,5.32,AH Table,,16.6,V,3.32,4004094153686,5,1,pack,2,1,4051734153681
820705,,1x1pack,,Bambuu Soap Dish & Soap Bag - rectangle,4.48,Alter-Native by Suma,r,2.8,V,0.56,5017601051961,1,1,pack,2,1,5017601051978
820708,,1x1pack,organic,Soap Bag - organic cotton,2.4,Alter-Native by Suma,,1.5,V,0.3,5017601045519,1,1,pack,2,1,5017601045519
820720,,12x1,,Aluminium Foil - 100% recycled - 10mx30cm,5.46,If You Care,,37.15,V,7.43,770009260018,12,1,,2,1,10770009260015
820722,,12x1,,Heavy Duty Aluminium Foil - 100% recycled - 7mx40cm,7.57,If You Care,,50.7,V,10.14,770009250200,12,1,,2,1,10770009250207
820725,,12x1,,Parchment Paper - unbleached - 19.8mx33cm,5.8,If You Care,,38.85,V,7.77,770009010200,12,1,,2,1,10770009010207
820727,,12x24sheets,,Baking Sheets - pre-cut,4.44,If You Care,,30.15,V,6.03,770009011924,12,24,sheets,2,1,10770009011921
820730,,24x60pack,,Large Baking Cups - unbleached,2.3,If You Care,,31.25,V,6.25,770009010484,24,60,pack,2,1,10770009010481
820732,,12x30pack,,Sub/Mini Baguette Sandwich Bags - Paper,5.69,If You Care,,37.55,V,7.51,770009250248,12,30,pack,2,1,770009250245
820734,,12x48pack,,Sandwich Bags - Paper,5.53,If You Care,,36.9,V,7.38,770009250262,12,48,pack,2,1,10770009250269
820735,,12x100pack,,No2 Unbleached Coffee Filter cone-style - small,3.81,If You Care,,25.6,V,5.12,770009001123,12,100,pack,2,1,770009001127
820737,,12x100pack,,No4 Unbleached Coffee Filter cone-style - large,3.81,If You Care,,25.6,V,5.12,770009001147,12,100,pack,2,1,20770009001141
820740,,12x72,,72 Firelighters - non toxic wood & veg oil,6.45,If You Care,,43.4,V,8.68,770009250330,12,72,,2,1,10770009250337
820743,,12x5pack,,Sponge Cloths - cellulose & cotton,5.72,If You Care,,38.55,V,7.71,770009250613,12,5,pack,2,1,10770009250610
820745,,12x30bags,,Food Waste Bags - 43x39cm,6.5,If You Care,,44.75,V,8.95,770009250644,12,30,bags,2,1,10770009250641
820747,,12x12bags,,Tall Kitchen Bags - 61x64.5cm,6.39,If You Care,,43.5,V,8.7,770009250651,12,12,bags,2,1,10770009250658
820749,,1x1pack,,Nail Brush - Agave Wood - vegan,3.36,La Droguerie,,2.1,V,0.42,3760138833198,1,1,pack,2,1,3760138833198
820761,,1x400ml,,Stainless Coffee Cup Insulated  - 2 caps,27.99,One Green Bottle,,17.4,V,3.48,631851044709,1,400,ml,2,1,631851044709
820773,,1x1pack,,Black Sloop - silicone bottle carrier,4.99,One Green Bottle,,3.1,V,0.62,631851040305,1,1,pack,2,1,
820775,,1x1pack,,Steel Cap  - no handle,6,One Green Bottle,,3.75,V,0.75,631851040862,1,1,pack,2,1,
820777,,1x500ml,,Evo Stainless Insulated Botl - Screw cap,25.9,One Green Bottle,,16.1,V,3.22,631851049612,1,500,ml,2,1,631851049612
820778,,1x500ml,,Nude Stainless  botl - sports cap - not insulated,19.95,One Green Bottle,,12.4,V,2.48,631851048639,1,500,ml,2,1,631851048639
820779,,1x800ml,,Nude Stainless  botl - sports cap - not insulated,24,One Green Bottle,,14.9,V,2.98,631851040886,1,800,ml,2,1,
820834,,1x1pack,,Olive Wood Salad Fork & Spoon Server Set - 23cm,10.56,Soumi,,6.6,V,1.32,3760138841797,1,1,pack,2,1,
820835,,1x1pack,,Olive Wood Spatula 25cm,5.84,Soumi,,3.65,V,0.73,3760138848029,1,1,pack,2,1,3760138848028
820836,,1x1pack,,Olive Wood Rectangular Soap Dish -12x8cm,8.48,Soumi,,5.3,V,1.06,3760138840608,1,1,pack,2,1,
820837,,1x1pack,,Olive Wood Spoon 20cm,5.28,Soumi,,3.3,V,0.66,3760138848031,1,1,pack,2,1,3760138848031
820838,,1x1pack,,Olive Wood Spoon 30cm,7.76,Soumi,,4.85,V,0.97,3760138848033,1,1,pack,2,1,3760138848033
820839,,1x1pack,,Olive Wood Tongs 30cm,7.12,Soumi,,4.45,V,0.89,3760138848035,1,1,pack,2,1,3760138848035
822042,,6x50ml,,incognito - Mini - anti-mosquito spray,8.61,incognito,,30.15,V,6.03,5060164450252,6,50,ml,2,1,15060164450259
830499,,1x2.4kg,,Dishwasher Tablets - 200 tabs,42.89,Bio-D,,26.45,V,5.29,5034938020156,1,2.4,kg,2,1,5034938020156
830500,,6x90g,,Dishwash Unwrapped Bars,4.02,Bio-D,,15.05,V,3.01,5034938300395,6,90,g,2,1,5034938300395
830501,,12x750ml,,Dishwasher Rinse Aid,3.91,Bio-D,,29.15,V,5.83,5034938100285,12,750,ml,2,1,5034938212070
830502,,8x360g,,Dishwasher Tablets - 30 tabs,8.13,Bio-D,,40.1,V,8.02,5034938500191,8,360,g,2,1,5034938300296
830503,,12x750ml,,Grapefruit Washing Up Liquid,2.93,Bio-D,,21.65,V,4.33,5034938200091,12,750,ml,2,1,5034938300067
830506,,1x5l,,Grapefruit Washing Up Liquid,15.48,Bio-D,,9.65,V,1.93,5034938500085,1,5,l,2,1,
830507,,12x750ml,,Washing Up Liquid,2.74,Bio-D,,20.25,V,4.05,5034938100216,12,750,ml,2,1,5034938300203
830508,,20x90g,,Dishwash Wrapped Bars,4.33,Bio-D,,54,V,10.8,5034938500245,20,90,g,2,1,5034938302344
830510,,1x5l,,Washing Up Liquid,13.07,Bio-D,,8.15,V,1.63,5034938100131,1,5,l,2,1,
830511,,12x750ml,,Mandarin Washing Up Liquid,2.93,Bio-D,,21.65,V,4.33,5034938020132,12,750,ml,2,1,5034938300289
830512,,1x5l,,Mandarin Washing Up Liquid,15.48,Bio-D,,9.65,V,1.93,5034938500153,1,5,l,2,1,
830513,,12x750ml,,Rhubarb Washing Up Liquid,2.93,Bio-D,,21.7,V,4.34,5034938100605,12,750,ml,2,1,5034938120030
830517,,12x400g,,Laundry Bleach,2.59,Bio-D,,19.4,V,3.88,5034938100346,12,400,g,2,1,5034938300180
830518,,1x5l,,Rhubarb Washing Up Liquid,15.56,Bio-D,,9.7,V,1.94,5034938500344,1,5,l,2,1,
830519,,12x500ml,,Cotton Fresh Fabric Refresher Spray,4.3,Bio-D,,31.2,V,6.24,5034938050016,12,500,ml,2,1,5034938120078
830520,,12x1l,,Laundry Liquid - Fragrance Free,6.4,Bio-D,,47.9,V,9.58,5034938100056,12,1,l,2,1,5034938300029
830521,,1x5l,,Cotton Fresh Fabric Conditioner - concentrated,14.37,Bio-D,,8.95,V,1.79,5034938500375,1,5,l,2,1,5034938040239
830522,,12x1l,,Juniper Laundry Liquid,6.89,Bio-D,,51.25,V,10.25,5034938200053,12,1,l,2,1,5034938300050
830523,,1x5l,,Juniper Laundry Liquid,30.52,Bio-D,,18.45,V,3.69,5034938500078,1,5,l,2,1,
830524,,12x1l,,Lavender Laundry Liquid,6.89,Bio-D,,51.25,V,10.25,5034938100384,12,1,l,2,1,5034938300043
830525,,1x5l,,Laundry Liquid - Fragrance Free,28.66,Bio-D,,17.9,V,3.58,5034938100148,1,5,l,2,1,
830526,,12x1l,,Cotton Fresh Laundry Liquid - concentrated,6.54,Bio-D,,47.55,V,9.51,5034938100445,12,1,l,2,1,5034938120054
830527,,1x5l,,Cotton Fresh Laundry Liquid - concentrated,24.62,Bio-D,,15,V,3,5034938500368,1,5,l,2,1,5034938040222
830528,,1x5l,,Lavender Laundry Liquid,30.52,Bio-D,,18.45,V,3.69,5034938500061,1,5,l,2,1,
830529,,12x1l,,Cotton Fresh Fabric Conditioner - concentrated,4.93,Bio-D,,35.85,V,7.17,5034938100452,12,1,l,2,1,5034938120061
830531,,12x750ml,,Concentrated Floor Cleaner,4.02,Bio-D,,29.95,V,5.99,5034938100560,12,750,ml,2,1,5034938120016
830534,,1x5l,,Concentrated Floor Cleaner,20.09,Bio-D,,12.55,V,2.51,5034938500306,1,5,l,2,1,5034938500306
830539,,1x5l,,All Purpose Sanitiser - ready to use,11.06,Bio-D,,6.85,V,1.37,5034938200084,1,5,l,2,1,
830540,,12x750ml,,Toilet Cleaner - with nozzle,2.95,Bio-D,,22.1,V,4.42,5034938100186,12,750,ml,2,1,5034938100087
830542,,12x500ml,,Spray - All Purpose Sanitiser - ready to use,3.35,Bio-D,,24.95,V,4.99,5034938200015,12,500,ml,2,1,5034938212018
830544,,12x750ml,,Multi-Surface Cleaner - concentrated,3.31,Bio-D,,24.85,V,4.97,5034938100223,12,750,ml,2,1,5034938300210
830547,,1x5l,,Home & Garden Cleaner - disinfects,14.44,Bio-D,,9,V,1.8,5034938100483,1,5,l,2,1,
830550,,8x2kg,,Concentrated Washing Powder,10.09,Bio-D,,50.45,V,10.09,5034938100025,8,2,kg,2,1,5034938300081
830552,,12x750ml,,Home & Garden Cleaner - disinfects,3.16,Bio-D,,23.65,V,4.73,5034938100230,12,750,ml,2,1,5034938300227
830553,,12x500ml,,Spray - Bathroom Cleaner,3.44,Bio-D,,25.65,V,5.13,5034938200022,12,500,ml,2,1,5034938212025
830554,,1x5l,,Toilet Cleaner,14.08,Bio-D,,8.8,V,1.76,5034938100179,1,5,l,2,1,
830555,,10x1kg,,Concentrated Washing Powder,5.26,Bio-D,,32.8,V,6.56,5034938100018,10,1,kg,2,1,5034938300128
830556,,1x5l,,Multi-Surface Cleaner - concentrated,17.36,Bio-D,,10.75,V,2.15,5034938100162,1,5,l,2,1,
830557,,12x500ml,,Spray - Glass & Mirror Cleaner,3.5,Bio-D,,26,V,5.2,5034938100261,12,500,ml,2,1,5034938300258
830559,,1x5l,,Bathroom Cleaner,12.36,Bio-D,,7.65,V,1.53,5034938500115,1,5,l,2,1,5034938450113
830560,,1x12.5kg,,Concentrated Washing Powder,63.21,Bio-D,,39.45,V,7.89,5034938100032,1,12.5,kg,2,1,5034938100032
830561,,6x90g,,Laundry & Stain Remover Unwrapped Bar,4.02,Bio-D,,15.05,V,3.01,5034938300401,6,90,g,2,1,5034938300401
830562,,6x150g,,Furniture Polish - Tin,9.2,Bio-D,,34.5,V,6.9,5034938100407,6,150,g,2,1,5034938300272
830563,,12x500ml,,Spray - Limescale Remover,4.05,Bio-D,,30.2,V,6.04,5034938200114,12,500,ml,2,1,5034938212094
830564,,1x5l,,Limescale Remover,23.26,Bio-D,,14.4,V,2.88,5034938500177,1,5,l,2,1,
830565,,1x1,,20 litre Drum Tap,6.88,Bio-D,,4.3,V,0.86,,1,1,,2,1,
830566,,1x1,,5 litre Drum Pump,4.88,Bio-D,,3.05,V,0.61,,1,1,,2,1,
830567,,1x1,,20 litre Drum Pump,8.56,Bio-D,,5.35,V,1.07,,1,1,,2,1,
830568,,12x500ml,,Spray - All Purpose Sanitiser - Mandarin,3.4,Bio-D,,25.35,V,5.07,5034938020125,12,500,ml,2,1,5034938212087
830570,,12x500g,,Nappy Fresh - nappy sanitizer,3.4,Bio-D,,25.4,V,5.08,5034938100476,12,500,g,2,1,5034938300159
830571,,12x750ml,,Toilet Cleaner Pine & Cedarwood - with nozzle,3.03,Bio-D,,22.7,V,4.54,5034938100421,12,750,ml,2,1,5034938302368
830572,,1x5l,,Toilet Cleaner Pine & Cedarwood,14,Bio-D,,8.75,V,1.75,5034938100414,1,5,l,2,1,
830573,,12x500ml,,Spray - Bathroom Cleaner - Pine & Cedarwood,3.49,Bio-D,,26,V,5.2,5034938100438,12,500,ml,2,1,5034938300388
830574,,12x500ml,,Spray - All Purpose Sanitiser - Rhubarb,3.52,Bio-D,,26.2,V,5.24,5034938100582,12,500,ml,2,1,5034938120023
830576,,1x5l,,All Purpose Sanitiser - Rhubarb,12.52,Bio-D,,7.75,V,1.55,5034938500313,1,5,l,2,1,
830591,,20l,,All Purpose Sanitiser - ready to use,,Bio-D,,26.8,V,5.36,5034938020118,,20,l,2,1,5034938020118
830592,,20l,,Grapefruit Washing Up Liquid,,Bio-D,,37.55,V,7.51,5034938020019,,20,l,2,1,5034938020019
830596,,20l,,Washing Up Liquid,,Bio-D,,30.85,V,6.17,5034938020002,,20,l,2,1,5034938020002
830598,,20l,,Laundry Liquid - Fragrance Free,,Bio-D,,57.25,V,11.45,5034938020026,,20,l,2,1,5034938020026
830599,,20l,,Lavender Laundry Liquid,,Bio-D,,62.25,V,12.45,5034938020033,,20,l,2,1,5034938020033
830601,,20l,,Fabric Conditioner - Fragrance Free - concentrated,,Bio-D,,34.2,V,6.84,,,20,l,2,1,5034938020040
830603,,20l,,Lavender Fabric Conditioner - concentrated,,Bio-D,,39.05,V,7.81,5034938020057,,20,l,2,1,
830604,,20l,,Multi Surface Cleaner - concentrated,,Bio-D,,41.55,V,8.31,5034938020088,,20,l,2,1,
830606,,20l,,Toilet Cleaner,,Bio-D,,33.85,V,6.77,5034938020064,,20,l,2,1,5034938020064
830610,,12x1l,,Fabric Conditioner - Fragrance Free - concentrated,3.72,Bio-D,,27.9,V,5.58,,12,1,l,2,1,5034938300036
830615,,1x5l,,Fabric Conditioner - Fragrance Free - concentrated,14.93,Bio-D,,9.3,V,1.86,5034938100155,1,5,l,2,1,
830620,,12x1l,,Juniper Fabric Conditioner - concentrated,4.29,Bio-D,,32,V,6.4,,12,1,l,2,1,5034938300173
830625,,1x5l,,Juniper Fabric Conditioner - concentrated,17.27,Bio-D,,10.65,V,2.13,5034938100339,1,5,l,2,1,
830630,,12x1l,,Lavender Fabric Conditioner - concentrated,4.29,Bio-D,,32,V,6.4,5034938100308,12,1,l,2,1,5034938300142
830635,,1x5l,,Lavender Fabric Conditioner - concentrated,17.27,Bio-D,,10.65,V,2.13,5034938100193,1,5,l,2,1,5034938100193
830981,,12x60pack,,Bamboo Baby Wipes,2.54,Cheeky Panda,r,19.05,V,3.81,5060561630165,12,60,pack,2,1,25060561630169
831396,,1x5l,,Bathroom Cleaner - green apple,15.43,Ecoleaf,,9.65,V,1.93,5017601046851,1,5,l,2,1,5017601047049
831397,,12x750ml,,Bathroom Cleaner - trigger spray - lavender,3.93,Ecoleaf,,29.5,V,5.9,5017601051756,12,750,ml,2,1,5017601051749
831398,,1x5l,,Bathroom Cleaner - lavender,14.23,Ecoleaf,,8.9,V,1.78,5017601051831,1,5,l,2,1,5017601051824
831400,,6x25tab,,Dishwasher Tablets 25,5.71,Ecoleaf,,21.35,V,4.27,5017601041504,6,25,tab,2,1,5017601041504
831402,,5x70tab,,Dishwasher Tablets 70,14.17,Ecoleaf,,44.05,V,8.81,5017601041535,5,70,tab,2,1,5017601041528
831403,,12x750ml,,Hard Floor Cleaner - Rose & Oud,3.92,Ecoleaf,,29.45,V,5.89,5017601051770,12,750,ml,2,1,5017601051763
831404,,1x5l,,Hard Floor Cleaner - Rose & Oud,18.31,Ecoleaf,,11.45,V,2.29,5017601051855,1,5,l,2,1,5017601051800
831406,,6x1.5l,,Fabric Conditioner - Jasmine,4.41,Ecoleaf,r,16.55,V,3.31,5017601050094,6,1.5,l,2,1,5017601050087
831408,,1x5l,,Fabric Conditioner - Jasmine,13.67,Ecoleaf,,8.55,V,1.71,5017601050131,1,5,l,2,1,5017601050131
831414,,20l,,Fabric Conditioner - Jasmine,,Ecoleaf,,30.95,V,6.19,5017601050179,,20,l,2,1,5017601050179
831416,,6x1.5l,,Laundry Liquid - Jasmine,6.73,Ecoleaf,r,25.25,V,5.05,5017601049951,6,1.5,l,2,1,5017601049944
831424,,10kg,,Washing Powder Concentrated - non bio,,Ecoleaf,,27.55,V,5.51,5017601033622,,10,kg,2,1,5017601033622
831425,,8x740ml,,Washing Up Liquid - Citrus Fruit,2.93,Ecoleaf,,14.65,V,2.93,5017601052937,8,740,ml,2,1,5017601052920
831426,,1x5l,,Laundry Liquid - Jasmine,23.9,Ecoleaf,,14.95,V,2.99,5017601049999,1,5,l,2,1,5017601049999
831427,,1x5l,,Washing Up Liquid - Citrus Fruit,14.36,Ecoleaf,,8.95,V,1.79,5017601031093,1,5,l,2,1,5017601031048
831428,,20l,,Laundry Liquid - Jasmine,,Ecoleaf,,51.9,V,10.38,5017601050032,,20,l,2,1,5017601050025
831429,,20l,,Multi Surface Cleaner - antibac - citrus & petitgrain,,Ecoleaf,,31.95,V,6.39,5017601051879,,20,l,2,1,5017601051879
831430,,20l,,Washing Up Liquid - Citrus Fruit,,Ecoleaf,,29.75,V,5.95,5017601031154,,20,l,2,1,
831431,,1x5l,,Multi Surface Cleaner - antibac - citrus & petitgrain,14.31,Ecoleaf,,8.95,V,1.79,5017601051817,1,5,l,2,1,
831432,,6x750ml,,Toilet Cleaner - Fresh Green,2.63,Ecoleaf,,9.85,V,1.97,5017601030935,6,750,ml,2,1,5017601030928
831433,,10x30sheet,,Laundry Detergent Sheets - non-bio - lavender,6.07,Ecoleaf,,37.95,V,7.59,5017601051619,10,30,sheet,2,1,5017601051602
831434,,12x750ml,,Multi Surface Cleaner - antibac - citrus & petitgrain,3.93,Ecoleaf,,29.5,V,5.9,5017601051732,12,750,ml,2,1,5017601051725
831435,,1x5l,,Toilet Cleaner - Fresh Green,13.03,Ecoleaf,,8.15,V,1.63,5017601031116,1,5,l,2,1,5017601031109
831436,,20l,,Toilet Cleaner - Fresh Green,,Ecoleaf,,30.25,V,6.05,5017601042648,,20,l,2,1,
831437,,10kg,,Laundry Powder with Rosemary,,Ecoleaf,h,27.55,V,5.51,5017601053033,,10,kg,2,1,5017601053026
831453,,1x1pack,,5l Pump - 30ml Dispenser,5.52,Ecoleaf,,3.45,V,0.69,,1,1,pack,2,1,
831455,,1x1pack,,20l Drum Tap,6.8,Ecoleaf,,4.25,V,0.85,,1,1,pack,2,1,
831586,,6x1.43l,,Fabric Softener - Zero,6.13,Ecover,,23,V,4.6,5412533428537,6,1.43,l,2,1,5412533428544
831587,,6x750ml,,Fabric Softener - Gardenia & Vanilla,2.89,Ecover,,10.85,V,2.17,5412533428391,6,750,ml,2,1,5412533428407
831588,,6x750ml,,Fabric Softener - Apple Blossom & Almond,2.89,Ecover,,10.85,V,2.17,5412533428254,6,750,ml,2,1,5412533428261
831589,,6x1.43l,,Fabric Softener - Gardenia & Vanilla,4.91,Ecover,r,18.4,V,3.68,5412533428414,6,1.43,l,2,1,5412533428421
831590,,6x1.43l,,Fabric Softener - Apple Blossom & Almond,4.91,Ecover,r,18.4,V,3.68,5412533428278,6,1.43,l,2,1,5412533428285
831591,,1x5l,,Fabric Softener - Apple Blossom & Almond,17.44,Ecover,,10.9,V,2.18,5412533428360,1,5,l,2,1,
831592,,15l,,Fabric Softener - Apple Blossom & Almond,,Ecover,,26.6,V,5.32,5412533428315,,15,l,2,1,5412533428315
831593,,10x950g,,Washing Powder Bio,10.34,Ecover,,64.6,V,12.92,,10,950,g,2,1,5412533429398
831594,,10x950g,,Washing Powder Non-Bio,9.58,Ecover,,59.85,V,11.97,,10,950,g,2,1,5412533429459
831595,,2x4kg,,Washing Powder Non-Bio,34.76,Ecover,,43.45,V,8.69,,2,4,kg,2,1,5412533429657
831596,,10x950g,,Washing Powder Non-Bio Zero,8.85,Ecover,,55.3,V,11.06,,10,950,g,2,1,5412533429411
831603,,8x450ml,,Zero Washing Up Liquid,2.34,Ecover Zero,,11.7,V,2.34,5412533416640,8,450,ml,2,1,5412533416657
831604,,12x24pack,,All in One Zero Dishwasher Tablets - small,8.93,Ecover Zero,,66.95,V,13.39,5412533423501,12,24,pack,2,1,5412533423518
831608,,1x5l,,Concentrated Laundry Liquid - Zero,32,Ecover Zero,,20,V,4,5412533418644,1,5,l,2,1,
831618,,6x500ml,,Multi Surface Spray  - Zero,4.16,Ecover Zero,,15.6,V,3.12,5412533426861,6,500,ml,2,1,5412533426878
831619,,2x4kg,,Washing Powder Non-Bio Zero,30.72,Ecover,,38.4,V,7.68,5412533429626,2,4,kg,2,1,5412533429633
831622,,1x5l,,Wash Up Liquid - Zero,18.56,Ecover Zero,,11.6,V,2.32,5412533418613,1,5,l,2,1,
831626,,6x1.43l,,Concentrated Laundry Liquid - Zero,9.68,Ecover Zero,r,36.3,V,7.26,5412533424799,6,1.43,l,2,1,5412533424805
831627,,6x1l,,Delicate Laundry Liquid - Zero,4.8,Ecover Zero,,18,V,3.6,5412533421026,6,1,l,2,1,5412533421033
831628,,6x1l,,All-Purpose Cleaner - Lemongrass & Ginger,3.31,Ecover,,12.4,V,2.48,5412533421514,6,1,l,2,1,5412533421521
831981,,12x24pack,,All in One Dishwasher Tablets - small,8.93,Ecover,,66.95,V,13.39,5412533423464,12,24,pack,2,1,5412533423471
831982,,4x72pack,,All in One Dishwasher Tablets - large,23.82,Ecover,,59.5,V,11.9,5412533423686,4,72,pack,2,1,5412533423693
831983,,12x24pack,,Power All in One Dishwasher Tablets - small,10.03,Ecover,,75.2,V,15.04,5412533423396,12,24,pack,2,1,5412533423396
831984,,4x72pack,,Power All in One Dishwasher Tablets - large,25.72,Ecover,,64.25,V,12.85,5412533423624,4,72,pack,2,1,5412533423631
832001,,8x320g,,Double Conc Bio Laundry Capsules lilac & rose - 18,9.16,Ecover,,45.8,V,9.16,5412533425369,8,320,g,2,1,5412533425376
832002,,5x70x20g,,Classic Dishwash Tablets - large,16.94,Ecover,,52.95,V,10.59,5412533005967,5,70x20,g,2,1,5412533055900
832003,,8x600g,,Double Conc Bio Laundry Capsules lilac & rose - 34,16.1,Ecover,,80.5,V,16.1,5412533425468,8,600,g,2,1,5412533425475
832004,,8x320g,,Double Conc Non Bio Laundry Capsules almond & apricot - 18,9.16,Ecover,,45.8,V,9.16,5412533425383,8,320,g,2,1,5412533425390
832005,,6x25x20g,,Classic Dishwash Tablets - small,8.51,Ecover,,31.9,V,6.38,5412533061543,6,25x20,g,2,1,5412533061543
832006,,8x600g,,Double Conc Non Bio Laundry Capsules almond & apricot - 34,16.1,Ecover,,80.5,V,16.1,5412533425499,8,600,g,2,1,5412533425505
832007,,1x5l,,Bio Concentrated Laundry Liquid,32,Ecover,,20,V,4,5412533420975,1,5,l,2,1,
832010,,8x450ml,,Dishwash Rinse Aid,3.78,Ecover,,18.9,V,3.78,5412533001556,8,450,ml,2,1,5412533426908
832014,,1x5l,,Concentrated Laundry Liquid - lavender & sandalwood,32,Ecover,,20,V,4,5412533413038,1,5,l,2,1,
832020,,6x1l,,Floor Soap,3.55,Ecover,,13.3,V,2.66,5412533426984,6,1,l,2,1,5412533426991
832021,,1x5l,,Laundry Liquid - plastic container,22.72,Ecover,,14.2,V,2.84,5412533002096,1,5,l,2,1,
832022,,6x1.43l,,Bio Conc Laundry Liquid - Honeysuckle & Jasmine,9.68,Ecover,r,36.3,V,7.26,5412533424829,6,1.43,l,2,1,5412533424836
832023,,6x1l,,Concentrated Laundry Liquid - 28 washes,9.45,Ecover,,35.45,V,7.09,5412533419580,6,1,l,2,1,5412533419597
832025,,1x5l,,Floor Soap,17.12,Ecover,,10.7,V,2.14,5412533000092,1,5,l,2,1,
832028,,8x750ml,,Toilet Cleaner Sea Breeze & Sage,2.8,Ecover,,14,V,2.8,5412533003857,8,750,ml,2,1,5412533428636
832030,,1x5l,,All-Purpose Cleaner - Lemongrass & Ginger,12.64,Ecover,,7.9,V,1.58,5412533000061,1,5,l,2,1,
832031,,8x750ml,,Toilet Cleaner Pine & Mint,2.8,Ecover,,14,V,2.8,5412533002287,8,750,ml,2,1,5412533428612
832032,,1x5l,,Delicate,23.28,Ecover,,14.55,V,2.91,5412533002133,1,5,l,2,1,
832039,,1x5l,,Toilet Cleaner Pine & Mint,16.4,Ecover,,10.25,V,2.05,5412533000085,1,5,l,2,1,
832042,,6x750ml,,Delicate,5.04,Ecover,,18.9,V,3.78,5412533419566,6,750,ml,2,1,5412533419573
832053,,6x1.43l,,Conc Laundry Liquid - Lavender & Sandalwood Non-Bio,9.68,Ecover,r,36.3,V,7.26,5412533424768,6,1.43,l,2,1,5412533424775
832055,,6x1.43l,,Conc Colour Laundry Liquid - Apple Blossom & Freesia,12.11,Ecover,,45.4,V,9.08,5412533424706,6,1.43,l,2,1,5412533424713
832057,,9x200ml,,Stain Remover,3.39,Ecover,,18.45,V,3.69,5412533002652,9,200,ml,2,1,5412533092653
832059,,6x500ml,,Bathroom Cleaner - Mint & Cucumber,3.75,Ecover,,14.1,V,2.82,5412533421736,6,500,ml,2,1,5412533421743
832068,,8x750ml,,Toilet Cleaner - Power,3.05,Ecover,,15.25,V,3.05,5412533413793,8,750,ml,2,1,5412533428599
832085,,6x400g,,Laundry Bleach,2.09,Ecover,,7.85,V,1.57,5412533140408,6,400,g,2,1,5412533422061
832094,,6x500ml,,Limescale Remover Spray - Berries & Basil,3.79,Ecover,,14.2,V,2.84,5412533421989,6,500,ml,2,1,5412533421996
832095,,6x500ml,,Multi Action Spray - Lemongrass & Orange,3.76,Ecover,,14.1,V,2.82,5412533421828,6,500,ml,2,1,5412533421835
832098,,6x500ml,,Oven & Hob Cleaner - Jasmine & Mandarin,3.99,Ecover,,14.95,V,2.99,5412533421897,6,500,ml,2,1,5412533421903
832099,,6x500ml,,Window & Glass Cleaner Spray - Green Tea & Grapefruit,3.99,Ecover,,14.95,V,2.99,5412533421958,6,500,ml,2,1,5412533421965
832110,,1x5l,,Wash Up Liquid - Chamomile & Clementine,18.56,Ecover,,11.6,V,2.32,5412533000054,1,5,l,2,1,
832111,,1x5l,,Power Washing Up Liquid,21.36,Ecover,,13.35,V,2.67,5412533430332,1,5,l,2,1,5412533430332
832113,,8x950ml,,Power Washing Up Liquid,4.91,Ecover,,24.55,V,4.91,5412533430318,8,950,ml,2,1,5412533430325
832114,,8x450ml,,Power Washing Up Liquid,2.75,Ecover,,13.75,V,2.75,5412533430295,8,450,ml,2,1,5412533430301
832116,,8x950ml,,Wash Up Liquid - Chamomile & Clementine,4.22,Ecover,,21.1,V,4.22,5412533417036,8,950,ml,2,1,5412533417043
832121,,8x450ml,,Wash Up Liquid - Chamomile & Clementine,2.34,Ecover,,11.7,V,2.34,5412533416756,8,450,ml,2,1,5412533416763
832124,,1x5l,,Wash Up Liquid - Lemon & Aloe Vera,18.56,Ecover,,11.6,V,2.32,5412533001655,1,5,l,2,1,
832126,,8x950ml,,Wash Up Liquid - Lemon & Aloe Vera,4.22,Ecover,,21.1,V,4.22,5412533417050,8,950,ml,2,1,5412533417067
832129,,8x450ml,,Wash Up Liquid - Lemon & Aloe Vera,2.34,Ecover,,11.7,V,2.34,5412533416886,8,450,ml,2,1,5412533416893
832160,,15l,,All-Purpose Cleaner - Lemongrass & Ginger,,Ecover,,25.9,V,5.18,5412533004601,,15,l,2,1,
832170,,15l,,Wash Up Liquid - Lemon & Aloe Vera,,Ecover,,24.6,V,4.92,5412533007152,,15,l,2,1,
832175,,15l,,Wash Up Liquid - Chamomile & Clementine,,Ecover,,24.6,V,4.92,5412533007169,,15,l,2,1,
832178,,15l,,Bio Concentrated Laundry Liquid,,Ecover,,61.15,V,12.23,5412533420999,,15,l,2,1,
832179,,15l,,Non Bio Concentrated Laundry Liquid,,Ecover,,61.15,V,12.23,5412533420791,,15,l,2,1,
832183,,15l,,Non Bio Concentrated Zero Laundry Liquid,,Ecover,,61.15,V,12.23,5412533421163,,15,l,2,1,
832185,,1x1,,Tap Dispenser for 15l bag-in-box - NON TRADE!,4.32,Ecover,,2.7,V,0.54,,1,1,,2,1,
832188,,1x1,,30ml Dosing Pump for 5 litre Tub,6.08,Ecover,,3.8,V,0.76,,1,1,,2,1,
832385,,6x95g,,Kitchen Bar - lemon & lime,3.23,Friendly Soap,,10.85,V,2.17,5060892900302,6,95,g,2,1,5060892909640
832389,,6x1.75kg,,Laundry Powder - non bio,9.82,Friendly Soap,,33,V,6.6,5060892900258,6,1.75,kg,2,1,5060892909572
832405,,1x1,,General Purpose Cloth,5.91,e-cloth,,2.9,V,0.58,5037284206656,1,1,,2,1,
832410,,1x1,,Four General Purpose Cloths,17.55,e-cloth,,8.6,V,1.72,5037284200043,1,1,,2,1,
832415,,1x1,,Glass & Polishing Cloth,5.91,e-cloth,,2.9,V,0.58,5037284206236,1,1,,2,1,
832449,,1x1,,Washing-up Pad,3.51,e-cloth,,1.7,V,0.34,5037284200920,1,1,,2,1,
832456,,12x1roll,,Bamboo Towels - 20 sheets,9.46,Ecoegg,,66.2,V,13.24,5060558050259,12,1,roll,2,1,15060558050256
832457,,12x6pack,,Detox Tablets - washing machine cleaner,4.57,Ecoegg,,32,V,6.4,5060558050198,12,6,pack,2,1,10609613813198
832458,,5x1egg,,Laundry Egg 70 Wash - Fresh Linen,11.26,Ecoegg,,32.85,V,6.57,5060558050075,5,1,egg,2,1,15060558050072
832459,,6x1pack,,Dryer Egg - Fragrance Free,8.8,Ecoegg,,30.8,V,6.16,5060558050099,6,1,pack,2,1,15060558050096
832460,,10x1pack,,Laundry Egg Refill 50 Wash - Fresh Linen,5.6,Ecoegg,,32.65,V,6.53,5060558050082,10,1,pack,2,1,15060558050089
832461,,5x1egg,,Laundry Egg 70 Wash - Fragrance Free,11.26,Ecoegg,,32.85,V,6.57,5060558050129,5,1,egg,2,1,15060558050126
832463,,5x1egg,,Laundry Egg 70 Wash - Spring Blossom,11.26,Ecoegg,,32.85,V,6.57,5060558050105,5,1,egg,2,1,15060558050102
832464,,10x1pack,,Laundry Egg Refill 50 Wash - Spring Blossom,5.6,Ecoegg,,32.65,V,6.53,5060558050112,10,1,pack,2,1,15060558050119
832472,,5l,,Concentrated Laundry Liquid - Aloe Vera & Rosemary,,Faith in Nature,,18.7,V,3.74,708002908309,,5,l,2,1,708002928307
832477,,5l,,Concentrated Washing Up Liquid - Lemon Fragrance,,Faith in Nature,,18.7,V,3.74,708002928604,,5,l,2,1,708002908606
832726,,4x2.5kg,,Bicarbonate of Soda - not edible,10.56,La Droguerie,H,26.4,V,5.28,3760138834195,4,2.5,kg,2,1,3760138841315
832728,,10kg,,Bicarbonate of Soda - not edible,,La Droguerie,H,25.15,V,5.03,3760138841315,,10,kg,2,1,
832729,,10kg,,Bicarbonate of Soda - food grade,,La Droguerie,,29.3,V,5.86,37601388843609,,10,kg,2,1,3760138843609
832730,,8x1kg,,Bicarbonate of Soda - not edible,4.9,La Droguerie,H,24.5,V,4.9,3760138830357,8,1,kg,2,1,3760138841391
832734,,8x1kg,,Citric Acid,10.85,La Droguerie,,54.25,V,10.85,3760138831422,8,1,kg,2,1,3760138841513
832735,,1x1pack,,Copper Scourer for pots & pans,3.64,La Droguerie,,2.25,V,0.45,3760138847973,1,1,pack,2,1,3760138847973
832736,,8x1kg,Ecocert,Dishwashing Powder,12.22,La Droguerie,,61.1,V,12.22,,8,1,kg,2,1,3760138847959
832738,,8x1kg,,Percarbonate of Soda - solid hydrogen peroxide,7.23,La Droguerie,,36.15,V,7.23,3760138831460,8,1,kg,2,1,3760138841414
832742,,7x1kg,,Soap Flakes,14.11,La Droguerie,,61.75,V,12.35,3760138833099,7,1,kg,2,1,3760138841209
832746,,12x1l,organic,White Alcohol Vinegar - food grade,2.82,La Droguerie,,25.4,,0,3760138841025,12,1,l,0,1,3104188002720
832750,,15l,organic,White Alcohol Vinegar - food grade,,La Droguerie,,29.25,,0,3760138841339,,15,l,0,1,
832760,,1x2pack,,Nut Shell Sponge Scourers,3.44,La Droguerie,,2.15,V,0.43,3760138844101,1,2,pack,2,1,3760138844101
832770,,10x1pack,,Wooden Dish Brush with agave bristles,3.3,La Droguerie,,20.65,V,4.13,3760138831668,10,1,pack,2,1,
832772,,10x1pack,,Wooden Dish Brush replacement head,2.11,La Droguerie,,13.2,V,2.64,3760138831675,10,1,pack,2,1,
832773,,10x1pack,,Wooden Dish Brush - large replacement head,2.38,La Droguerie,,14.85,V,2.97,3701692600499,10,1,pack,2,1,
832774,,15x1pack,,Wooden Pots & Pans Scrubbing Brush,3.82,La Droguerie,,35.8,V,7.16,3760138830562,15,1,pack,2,1,
833025,,4x1,,Non-Stick Pan Brush,6.66,LoofCo,r,16.65,V,3.33,5060175851390,4,1,,2,1,15060175851397
833026,,4x1,,Milk Bottle Brush,3.28,LoofCo,r,8.2,V,1.64,5060175851406,4,1,,2,1,15060175851403
833027,,4x1,,Wide Bottle Brush,6.32,LoofCo,r,15.8,V,3.16,5060175851413,4,1,,2,1,15060175851410
833028,,4x1,,Dust Brush,5.5,LoofCo,r,13.75,V,2.75,5060175851420,4,1,,2,1,15060175851427
833029,,3x1,,Household Bin Brush,10.88,LoofCo,r,20.4,V,4.08,5060175851437,3,1,,2,1,15060175851434
833030,,1x1,,Wheelie Bin Brush,19.76,LoofCo,,12.35,V,2.47,5060175851444,1,1,,2,1,15060175851441
833031,,3x1,,Back Brush,9.2,LoofCo,r,17.25,V,3.45,5060175851451,3,1,,2,1,15060175851458
833032,,3x1,,Dry Body Brush,10.88,LoofCo,r,20.4,V,4.08,5060175851468,3,1,,2,1,15060175851465
833033,,3x1,,Shower Puff,6.67,LoofCo,r,12.5,V,2.5,5060175851475,3,1,,2,1,15060175851472
833034,,6x1,,Cat Body Loofah,3.16,LoofCo,r,11.85,V,2.37,5060175851352,6,1,,2,1,15060175851359
833035,,3x1,,Seaside Brush,9.2,LoofCo,r,17.25,V,3.45,5060175851482,3,1,,2,1,15060175851489
833036,,4x1,,Whole Loofah,7.54,LoofCo,r,18.85,V,3.77,5060175851376,4,1,,2,1,15060175851373
833040,,4x34g,,Back Scrubber 30cm loofah with cotton handles,4.2,LoofCo,r,10.5,V,2.1,5060175851246,4,34,g,2,1,15060175851243
833041,,8x19g,,Bath-Time Smile loofah,3.19,LoofCo,r,15.95,V,3.19,5060175851239,8,19,g,2,1,15060175851236
833042,,6x24g,,Bathroom Cleaning Pad,3.36,LoofCo,r,12.6,V,2.52,5060175851192,6,24,g,2,1,25060175851196
833043,,6x66g,,Water Bottle Brush - 34cm,3.61,LoofCo,r,13.55,V,2.71,5060175851307,6,66,g,2,1,15060175851304
833044,,6x24g,,Cleaning Pad 2 pack made from loofah,4.2,LoofCo,r,15.75,V,3.15,5060175850898,6,24,g,2,1,25060175850892
833046,,8x20g,,Bath-Time Heart loofah,3.19,LoofCo,r,15.95,V,3.19,5060175850584,8,20,g,2,1,15060175850581
833047,,6x36g,,Bottle Brush - 26cm,3.19,LoofCo,r,11.95,V,2.39,5060175850713,6,36,g,2,1,15060175850710
833048,,6x20g,,Cleaning Pad made from loofah,2.45,LoofCo,r,9.2,V,1.84,5060175850553,6,20,g,2,1,15060175850550
833049,,4x111g,,Gardeners Brush coir with wooden handle,4.68,LoofCo,r,11.7,V,2.34,5060175851284,4,111,g,2,1,15060175851281
833050,,8x20g,,Body Loofah,2.98,LoofCo,r,14.9,V,2.98,5060175850577,8,20,g,2,1,35060175850578
833051,,6x20g,,Root Vegetable Scrubber made from loofah,2.45,LoofCo,r,9.2,V,1.84,5060175850591,6,20,g,2,1,15060175850598
833052,,8x20g,,Washing-Up Pad made from loofah,2.46,LoofCo,r,12.3,V,2.46,5060175850515,8,20,g,2,1,15060175850512
833054,,6x40g,,Washing-Up Brush made from coir fibre,2.45,LoofCo,r,9.2,V,1.84,5060175850539,6,40,g,2,1,15060175850536
833055,,6x36g,,Coir Washing-Up Brush with wood handle,3.19,LoofCo,r,11.95,V,2.39,5060175850720,6,36,g,2,1,15060175850727
833056,,6x25g,,Washing-Up Scraper made from coconut husk,2.72,LoofCo,r,10.2,V,2.04,5060175850546,6,25,g,2,1,15060175850543
833057,,6x61g,,Kitchen Cloth 2 pack cotton,3.36,LoofCo,r,12.6,V,2.52,5060175851215,6,61,g,2,1,15060175851212
833058,,8x10g,,Soap Rest made from loofah,1.95,LoofCo,r,9.75,V,1.95,5060175851253,8,10,g,2,1,15060175851250
833060,,6x11g,,Mini Washing-Up Pad 2 pack made from loofah,2.45,LoofCo,r,9.2,V,1.84,5060175851222,6,11,g,2,1,15060175851229
833061,,6x100g,,Washing-Up Soap - fragrance free,2.76,LoofCo,r,10.35,V,2.07,5060175851277,6,100,g,2,1,15060175851274
833062,,6x100g,,Washing-Up Soap - Lime,2.76,LoofCo,r,10.35,V,2.07,5060175851260,6,100,g,2,1,15060175851267
833063,,8x1pack,,Cleansing Mitt made from cotton,3.19,LoofCo,r,15.95,V,3.19,5060175851345,8,1,pack,2,1,15060175851342
833064,,5x4pack,,Washing-Up Slim Pad 4pk made from loofah,4.21,LoofCo,r,13.15,V,2.63,5060175851338,5,4,pack,2,1,15060175851335
833071,,10x85g,,Laundry Detergent Sheet - Coconut - 32 sheets,8.54,Simple Living Eco,,47.7,V,9.54,5065012025026,10,85,g,2,1,5065012025538
833077,,12x30ml,,Ultra-conc Multi Cleaner - Sunshine Squeeze,3.31,Simple Living Eco,,24.3,V,4.86,5065012025163,12,30,ml,2,1,5065012025378
833078,,10x85g,,Laundry Detergent Sheet - No Fragrance - 32 sheets,8.54,Simple Living Eco,,47.7,V,9.54,647016501734,10,85,g,2,1,5065012025545
833079,,12x30ml,,Ultra-conc Multi Cleaner - Unscented,3.31,Simple Living Eco,,24.3,V,4.86,5065012025187,12,30,ml,2,1,5065012025392
833085,,10x1,,Dish Brush - green leaf head,3.3,Peggy Perfect,h,20.65,V,4.13,4006938801173,10,1,,2,1,
833086,,10x2,,Dish Brush Refill - green leaf head,4.22,Peggy Perfect,h,26.4,V,5.28,795629761974,10,2,,2,1,
833087,,10x2,,Dish Brush Refill - smiley head,4.2,Peggy Perfect,h,26.25,V,5.25,795629761981,10,2,,2,1,
833088,,10x1,,Dish Brush - smiley head,3.3,Peggy Perfect,h,20.65,V,4.13,4006938801012,10,1,,2,1,
833090,,10x2,,Dish Brush Refill - large head,2.54,Peggy Perfect,h,15.9,V,3.18,4006938080776,10,2,,2,1,
833091,,10x2,,Dish Brush Refill - standard head,3.82,Peggy Perfect,h,23.85,V,4.77,4006938080240,10,2,,2,1,
833300,,10x30sheets,,Bio Laundry Detergent Sheets - 30 Pack,6.98,Ocean Saver,,43.65,V,8.73,5060727263121,10,30,sheets,2,1,5060727263138
833305,,10x60sheets,,Bio Laundry Detergent Sheets - 60 Pack,13,Ocean Saver,,81.25,V,16.25,5060727263183,10,60,sheets,2,1,5060727263190
833311,,6x30caps,,Deep Clean Bio Washing Capsules - Wild Sea & Sandalwood,9.99,Ocean Saver,h,37.45,V,7.49,5060727263824,6,30,caps,2,1,5060727263848
833315,,10x30sheets,,Non-Bio Laundry Detergent Sheets - 30 Pack,6.98,Ocean Saver,,43.65,V,8.73,5060727263091,10,30,sheets,2,1,5060727263107
833320,,10x60sheets,,Non-Bio Laundry Detergent Sheets - 60 Pack,13,Ocean Saver,,81.25,V,16.25,5060727263152,10,60,sheets,2,1,5060727263169
833326,,6x30caps,,Sensitive Non-Bio Washing Capsules - Sea Salt & Coastal Wildflowers,9.99,Ocean Saver,h,37.45,V,7.49,5060727263770,6,30,caps,2,1,5060727263794
833330,,5x100tab,,All in One Plastic-free Eco Dishwasher Tabs - 100 Pack,20.8,Ocean Saver,r,65,V,13,5060727262476,5,100,tab,2,1,5060727262605
833335,,8x30tab,,All in One Plastic-free Eco Dishwasher Tabs - 30 Pack,6.8,Ocean Saver,r,34,V,6.8,5060727262544,8,30,tab,2,1,5060727263022
850100,,1x250ml,,Vitamin B Complex YF GF VG,15.3,Floradix,,9,V,1.8,4004148332401,1,250,ml,2,1,4004148332456
850101,,6x400ml,,Washing Up Liquid - Apple Orchard,2.51,Miniml,,8.8,V,1.76,5060588567192,6,400,ml,2,1,15060588567199
850102,,6x400ml,,Washing Up Liquid - Rhubarb & Lemon,2.51,Miniml,,8.8,V,1.76,5060588567208,6,400,ml,2,1,15060588567205
850103,,6x400ml,,Rinse Aid - Unscented,3.2,Miniml,,11.2,V,2.24,5060588567383,6,400,ml,2,1,15060588567380
850104,,6x750ml,,Toilet Cleaner Spearmint & Peppermint,2.74,Miniml,,9.6,V,1.92,5060588567376,6,750,ml,2,1,15060588567373
850105,,6x750ml,,Anti-Bac Surface Cleaner French Lavender,3.2,Miniml,,11.2,V,2.24,5060588562104,6,750,ml,2,1,25060588562108
850106,,5l,,Anti-Bac Surface Cleaner French Lavender,,Miniml,,8.5,V,1.7,5060588561978,,5,l,2,1,25060588561972
850107,,6x750ml,,Bathroom Cleaner - Cucumber & Mint,3.2,Miniml,,11.2,V,2.24,5060588566850,6,750,ml,2,1,
850108,,6x750ml,,Multi-Surface Cleaner - Blood Orange,3.2,Miniml,,11.2,V,2.24,5060588566614,6,750,ml,2,1,25060588566618
850109,,5l,,Multi-Surface Cleaner - Blood Orange,,Miniml,,8.5,V,1.7,5060588564566,,5,l,2,1,25060588564560
850110,,5l,,Bathroom Cleaner - Cucumber & Mint,,Miniml,,8.5,V,1.7,5060588566867,,5,l,2,1,5060588566867
850112,,5l,,Dishwasher Rinse Aid - Unscented,,Miniml,,12.3,V,2.46,5060588562999,,5,l,2,1,25060588562993
850114,,5l,,Toilet Cleaner Spearmint & Peppermint,,Miniml,,8.35,V,1.67,5060588562005,,5,l,2,1,25060588562009
850116,,6x1l,,Washing Up Liquid - Rhubarb & Lemon - refill pouch,4.57,Miniml,,16,V,3.2,5060588563767,6,1,l,2,1,15060588563764
850117,,5l,,Washing Up Liquid - Rhubarb & Lemon,,Miniml,,8.55,V,1.71,5060588563514,,5,l,2,1,25060588563518
850119,,5l,,Washing Up Liquid - Apple Orchard,,Miniml,,8.55,V,1.71,5060588561961,,5,l,2,1,25060588561965
850120,,6x750ml,,White Vinegar Spray - unscented,2.81,Miniml,,9.85,V,1.97,5060588562128,6,750,ml,2,1,25060588562122
850121,,5l,,White Vinegar - unscented,,Miniml,,5.4,V,1.08,5060588561985,,5,l,2,1,25060588561989
850122,,6x750ml,,Oven & Hob Cleaner - Clementine,3.2,Miniml,,11.2,V,2.24,5060588566836,6,750,ml,2,1,15060588566833
850123,,5l,,Oven & Hob Cleaner - Clementine,,Miniml,,8.5,V,1.7,5060588566843,,5,l,2,1,5060588566843
850124,,20l,,White Vinegar - Unscented,,Miniml,,19.6,V,3.92,5060588561558,,20,l,2,1,5060588561558
850126,,6x1l,,Fabric Conditioner - Fresh Linen,5.5,Miniml,,19.25,V,3.85,5060588563668,6,1,l,2,1,25060588563662
850127,,5l,,Fabric Conditioner - Fresh Linen,,Miniml,,7.7,V,1.54,5060588563705,,5,l,2,1,5060588563705
850128,,6x1l,,Laundry Liquid Non-Bio Fresh Linen,6.41,Miniml,,22.45,V,4.49,5060588562180,6,1,l,2,1,25060588562184
850130,,5l,,Laundry Liquid Non-Bio Fresh Linen,,Miniml,,13.35,V,2.67,5060588562012,,5,l,2,1,25060588562016
850131,,20l,,Fabric Conditioner - Fresh Linen,,Miniml,,24.1,V,4.82,5060588563729,,20,l,2,1,5060588563729
850132,,20l,,Laundry Liquid Non-Bio Fresh Linen,,Miniml,,53.55,V,10.71,5060588561589,,20,l,2,1,5060588561589
850154,,1x5l,,Tea Tree & Aloe Vera Bodywash,47.2,Alter-Native by Suma,,29.5,V,5.9,5017601044413,1,5,l,2,1,5017601044406
850158,,6x400ml,,Tea Tree & Aloe Vera Bodywash,4.79,Alter-Native by Suma,r,17.95,V,3.59,5017601044017,6,400,ml,2,1,5017601044000
850160,,20l,,Coconut & Argan Oil Bodywash,,Alter-Native by Suma,,105,V,21,5017601045199,,20,l,2,1,5017601045182
850162,,1x5l,,Coconut & Argan Oil Bodywash,47.2,Alter-Native by Suma,,29.5,V,5.9,5017601044475,1,5,l,2,1,5017601044468
850164,,6x400ml,,Coconut & Argan Oil Bodywash,4.79,Alter-Native by Suma,r,17.95,V,3.59,5017601044079,6,400,ml,2,1,5017601044062
850170,,1x5l,,Tea Tree & Aloe Vera Shampoo - normal/oily hair,52.8,Alter-Native by Suma,,33,V,6.6,5017601043539,1,5,l,2,1,5017601043522
850172,,6x400ml,,Tea Tree & Aloe Vera Shampoo - normal/oily hair,6.67,Alter-Native by Suma,,25,V,5,5017601043379,6,400,ml,2,1,5017601043362
850176,,1x5l,,Tea Tree & Aloe Vera Conditioner - normal/oily hair,52.8,Alter-Native by Suma,,33,V,6.6,5017601043850,1,5,l,2,1,5017601043843
850180,,6x400ml,,Tea Tree & Aloe Vera Conditioner - normal/oily hair,6.67,Alter-Native by Suma,,25,V,5,5017601043690,6,400,ml,2,1,5017601043683
850186,,1x5l,,Coconut & Argan Oil Shampoo - normal/dry hair,52.8,Alter-Native by Suma,,33,V,6.6,5017601043591,1,5,l,2,1,5017601043584
850188,,6x400ml,,Coconut & Argan Oil Shampoo - normal/dry hair,6.67,Alter-Native by Suma,,25,V,5,5017601043430,6,400,ml,2,1,5017601043423
850192,,1x5l,,Coconut & Argan Oil Conditioner - normal/dry hair,52.8,Alter-Native by Suma,,33,V,6.6,5017601043911,1,5,l,2,1,5017601043904
850194,,6x400ml,,Coconut & Argan Oil Conditioner - normal/dry hair,6.67,Alter-Native by Suma,,25,V,5,5017601043751,6,400,ml,2,1,5017601043744
850850,,1x200g,organic,Chieftain Activated Nutrition,24.5,Ancestral Superfoods,,17.15,,0,3800500822013,1,200,g,0,1,3800500822464
850852,,1x200g,organic,Druidess For Inner Harmony,24.5,Ancestral Superfoods,,17.15,,0,3800500822006,1,200,g,0,1,3800500822457
850853,,1x200g,organic,Gaia Fermented Fibre Blend,17.64,Ancestral Superfoods,,12.35,,0,3800500822204,1,200,g,0,1,3800500822495
850854,,1x200g,organic,Oracle For Clarity & Balance,24.5,Ancestral Superfoods,,17.15,,0,3800500822020,1,200,g,0,1,3800500822471
850855,,1x200g,organic,Warrior Activated Protein,24.5,Ancestral Superfoods,,17.15,,0,3800500822037,1,200,g,0,1,3800500822488
850879,,6x50ml,,Vitamin D3+Turmeric Oral Spray,15.97,BetterYou,r,50.6,V,10.12,96215012,6,50,ml,2,1,5060148525471
850881,,6x15ml,,D3000 Vitamin D Oral Spray,9.45,BetterYou,,29.9,V,5.98,96032879,6,15,ml,2,1,5060148521909
850882,,6x15ml,,D400 Junior Vitamin D Oral Spray,5.97,BetterYou,r,18.9,V,3.78,96170823,6,15,ml,2,1,5060148521947
850883,,6x15ml,,D1000 Vitamin D Oral Spray,7.95,BetterYou,,25.2,V,5.04,96000793,6,15,ml,2,1,5060148521923
850884,,6x12ml,,D3000 Vitamin D + K2 Oral Spray,10.95,BetterYou,,34.6,V,6.92,96175101,6,12,ml,2,1,5060148522128
850885,,6x15ml,,D4000 Vitamin D Oral Spray,9.95,BetterYou,,31.5,V,6.3,96195529,6,15,ml,2,1,5060148523224
850886,,6x25ml,,B12 Boost Oral Spray,12.45,BetterYou,,39.4,V,7.88,96032893,6,25,ml,2,1,5060148521985
850887,,6x15ml,,D400 Infant Vitamin D Oral Spray,7.45,BetterYou,,23.6,V,4.72,96170816,6,15,ml,2,1,5060148521961
850889,,6x25ml,,B-complete Oral Spray,11.94,BetterYou,,37.8,V,7.56,96191736,6,25,ml,2,1,5060148522722
850890,,6x25ml,,MultiVit Oral Spray,9.95,BetterYou,,31.5,V,6.3,96086292,6,25,ml,2,1,5060148522029
850891,,6x25ml,,Vegan Health Oral Spray,14.95,BetterYou,,47.35,V,9.47,96186138,6,25,ml,2,1,5060148522630
850892,,6x25ml,,Iron 10mg Oral Spray,14.96,BetterYou,,47.35,V,9.47,96188620,6,25,ml,2,1,5060148522685
850893,,6x120g,,Magnesium Max Original Powder,14.96,BetterYou,,47.4,V,9.48,5060148524641,6,120,g,2,1,5060148524689
850894,,6x160g,,"Magnesium Max Sleep - Passionflower, Cocoa - Powder",14.96,BetterYou,,47.4,V,9.48,5060148524658,6,160,g,2,1,5060148524726
850895,,6x15ml,,Vitamin D+K2 Kids' Oral Spray,7.95,BetterYou,r,25.2,V,5.04,96202050,6,15,ml,2,1,5060148523811
850896,,6x25ml,,MultiVit Kids' Oral Spray,7.95,BetterYou,r,25.2,V,5.04,96180396,6,25,ml,2,1,5060148522272
850897,,6x90ml,,Vitamin C Oral Spray,11.93,BetterYou,,37.8,V,7.56,96202463,6,90,ml,2,1,5060148523989
850898,,6x50ml,,Zinc Oral Spray,9.94,BetterYou,,31.5,V,6.3,96201428,6,50,ml,2,1,5060148523651
850899,,6x135g,,Magnesium Max Lemon & Lime - Powder,14.96,BetterYou,,47.4,V,9.48,5060148524849,6,135,g,2,1,5060148525174
850900,,6x15ml,,D4000 Vitamin D + K2 Daily Oral Spray (6x15ml),14.95,BetterYou,H,47.35,V,9.47,96215111,6,15,ml,2,1,5060148525266
850901,,1x100g,organic,Açaí Powder - pouch - single,21.94,Aduna,h,14.7,,0,5060302241735,1,100,g,0,1,5060302241735
850902,,1x275g,organic,Baobab - fruit pulp powder - pouch - single,12.99,Aduna,,8.7,,0,5060302240264,1,275,g,0,1,5060302240301
850909,,1x250g,organic,Black Maca Powder - pouch - single,10.98,Aduna,h,7.4,,0,5060302241742,1,250,g,0,1,5060302241742
850910,,1x80g,organic,Baobab - fruit pulp powder - tub - single,5.99,Aduna,,4,,0,5060302240066,1,80,g,0,1,5060302240103
850911,,1x275g,organic,Hibiscus Superfood Powder,13.96,Aduna,h,9.35,,0,5060302241230,1,275,g,0,1,5060302241278
850912,,1x275g,organic,Moringa Green Superleaf Powder - pouch - single,14.96,Aduna,,10,,0,5060302240271,1,275,g,0,1,5060302240318
850917,,1x100g,organic,Moringa Green Superleaf Powder - tub - single,8.05,Aduna,,5.35,,0,5060302240202,1,100,g,0,1,5060302240219
850930,,1x60cap,organic,Clarity & Focus,15.84,Cornish Seaweed,,9.9,V,1.98,742186748467,1,60,cap,2,1,
850932,,1x60cap,organic,Kelp,13.6,Cornish Seaweed,,8.5,V,1.7,701722601871,1,60,cap,2,1,
850935,,1x60cap,organic,Menstrual Ease,12.72,Cornish Seaweed,,7.95,V,1.59,742186748504,1,60,cap,2,1,
850936,,1x60cap,organic,Sea Moss,12.72,Cornish Seaweed,,7.95,V,1.59,742186748528,1,60,cap,2,1,
850937,,1x60cap,organic,Seaweed & Mushrooms,18.8,Cornish Seaweed,,11.75,V,2.35,742186748962,1,60,cap,2,1,
850939,,1x60cap,organic,Wild & Beautiful,18.8,Cornish Seaweed,,11.75,V,2.35,742186748498,1,60,cap,2,1,
850940,,1x1jar,organic,Ashwagandha & Black Pepper - 120 capsules,21.96,Ayurvediq,,12.25,V,2.45,5060514450208,1,1,jar,2,1,
850941,,1x1jar,organic,Moringa - 120 capsules,19.97,Ayurvediq,,11.15,V,2.23,5060514450246,1,1,jar,2,1,
850942,,1x1jar,organic,Shatavari - 120 capsules,21.96,Ayurvediq,,12.25,V,2.45,5060514450222,1,1,jar,2,1,
850943,,1x1jar,organic,Triphala - 120 capsules,21.96,Ayurvediq,,12.25,V,2.45,5060514450239,1,1,jar,2,1,
850944,,1x1jar,organic,Turmeric & Black Pepper - 120 capsules,19.99,Ayurvediq,,11.15,V,2.23,5060514450215,1,1,jar,2,1,
850945,,1x1jar,organic,Boswellia Serata & Turmeric - 60 capsules,17.97,Ayurvediq,,10.05,V,2.01,5060514450277,1,1,jar,2,1,
850946,,1x1jar,organic,Fenugreek - 120 capsules,19.97,Ayurvediq,,11.15,V,2.23,5060514450253,1,1,jar,2,1,
850947,,1x1jar,organic,Shilajit & Ashwagandha - 60 capsules,23.99,Ayurvediq,,13.4,V,2.68,5060514450260,1,1,jar,2,1,
850948,,1x1jar,organic,Brahmi - 60 capsules,17.97,Ayurvediq,,10.05,V,2.01,5060514450284,1,1,jar,2,1,5060514450284
850949,,1x1jar,organic,Cayenne Pepper - 60 capsules,15.92,Ayurvediq,,8.9,V,1.78,5060514450314,1,1,jar,2,1,5060514450314
850951,,1x1jar,organic,Neem Leaf - 60 capsules,16.9,Ayurvediq,,9.45,V,1.89,5060514450307,1,1,jar,2,1,5060514450307
850952,,1x1jar,organic,Tulsi - 60 capsules,15.92,Ayurvediq,,8.9,V,1.78,5060514450291,1,1,jar,2,1,5060514450291
850984,,1x250ml,,Epresat Multivitamin formula,14,Floradix,,8.25,V,1.65,4004148047268,1,250,ml,2,1,4004148319969
850986,,1x500ml,,Floradix - liquid iron & vitamins,22.18,Floradix,,13.05,V,2.61,4004148047503,1,500,ml,2,1,4004148320248
850988,,1x250ml,,Floradix - liquid iron & vitamins,13.41,Floradix,,7.9,V,1.58,4004148057076,1,250,ml,2,1,4004148320217
850989,,1x250ml,,Floradix Kids - liquid iron & vitamins YF GF VG,14.51,Floradix,,8.55,V,1.71,4004148346286,1,250,ml,2,1,4004148346293
850990,,1x500ml,,Floravital - liquid iron & vitamins YF GF VG,22.18,Floradix,,13.05,V,2.61,4004148017186,1,500,ml,2,1,4004148318962
850991,,1x250ml,,One Essence - 67 elements GF VG,17.82,Floradix,,10.5,V,2.1,4004148372834,1,250,ml,2,1,4004148372834
850992,,1x250ml,,Floravital - liquid iron & vitamins YF GF VG,13.41,Floradix,,7.9,V,1.58,4004148017179,1,250,ml,2,1,4004148318955
850993,,1x64g,,Iron and Vitamins  - 84 tablets,14.51,Floradix,,8.55,V,1.71,4004148350030,1,64,g,2,1,4004148350207
850994,,1x250ml,,Immune Support Liquid Formula YF GF VG,14,Floradix,,8.25,V,1.65,4004148348693,1,250,ml,2,1,4004148348877
850996,,1x250ml,,IntestCare - magnesium apple plum YF GF VG,17.82,Floradix,,10.5,V,2.1,4004148017018,1,250,ml,2,1,4004148320194
850997,,1x250ml,,Kindervital for children -  fruity GF VG,12.16,Floradix,,7.1,V,1.42,4004148333767,1,250,ml,2,1,4004148333774
850998,,1x250ml,,Saludynam - calcium magnesium zinc & vit D YF GF,14.05,Floradix,,8.25,V,1.65,4004148017766,1,250,ml,2,1,4004148319990
850999,,1x250ml,,Magnesium liquid formula YF GF,11.22,Floradix,,6.6,V,1.32,4004148017711,1,250,ml,2,1,4004148318986
851000,,1x250ml,,Neuro Balance liquid formula YF GF VG,15.19,Floradix,,8.95,V,1.79,4004148339745,1,250,ml,2,1,4004148339752
851001,,6x60g,,Grapefruit & Lemon Tin,7.99,Earth Conscious,,26.85,V,5.37,5060452930282,6,60,g,2,1,115060452930289
851002,,6x60g,,Indian Bay & Orange Tin - strong protection,7.99,Earth Conscious,,26.85,V,5.37,5060452930312,6,60,g,2,1,115060452930319
851003,,6x60g,,Jasmine & Rose Tin,7.99,Earth Conscious,,26.85,V,5.37,5060452930299,6,60,g,2,1,115060452930296
851004,,6x60g,,Lemon & Rosemary Tin,7.99,Earth Conscious,,26.85,V,5.37,5060452930275,6,60,g,2,1,115060452930272
851005,,6x60g,,Lavender & Tea Tree Tin,7.99,Earth Conscious,,26.85,V,5.37,5060452930268,6,60,g,2,1,115060452930265
851006,,6x60g,,Peppermint & Spearmint Tin - strong protection,7.99,Earth Conscious,,26.85,V,5.37,5060452930305,6,60,g,2,1,115060452930302
851007,,6x60g,,Pure Unscented Tin,7.99,Earth Conscious,,26.85,V,5.37,5060452930152,6,60,g,2,1,115060452930159
851008,,6x60g,,Natural Baby Balm,7.99,Earth Conscious,,26.85,V,5.37,96162873,6,60,g,2,1,
851020,,6x240ml,organic,Baby Mild Unscented Liquid Soap (1/4 case),10.49,Dr. Bronner,,36.75,V,7.35,18787241455,6,240,ml,2,1,20018787772083
851022,,6x473ml,organic,Baby Mild Liquid Unscented Soap (1/2 case),15.98,Dr. Bronner,,56,V,11.2,18787241509,6,473,ml,2,1,20018787762169
851023,,1x945ml,organic,Baby Mild Unscented Liquid Soap - single,25.93,Dr. Bronner,,15.15,V,3.03,18787241608,1,945,ml,2,1,20018787241608
851025,,3.79l,organic,Baby Mild Unscented Liquid Soap - single,,Dr. Bronner,,49,V,9.8,18787762653,,3.79,l,2,1,18787762653
851035,,6x500ml,,Liquid Hand Soap - Grapefruit & Mandarin,4.33,Ecoleaf,,16.25,V,3.25,5017601038375,6,500,ml,2,1,5017601038368
851038,,1x5l,,Liquid Hand Soap - Grapefruit & Mandarin,21.99,Ecoleaf,,13.75,V,2.75,5017601038399,1,5,l,2,1,5017601038382
851040,,20l,,Liquid Hand Soap - Grapefruit & Mandarin,,Ecoleaf,,42.1,V,8.42,5017601042662,,20,l,2,1,
851043,,6x60g,,Delicate Formula Deodorant Tin - Unscented,10,Earth Conscious,,33.6,V,6.72,5060452930336,6,60,g,2,1,
851047,,6x22g,,Bare Bar Travel Tin,2.98,Earth Conscious,,10,V,2,,6,22,g,2,1,
851048,,6x90g,,Grapefruit & Lemon Stick,10,Earth Conscious,,33.6,V,6.72,5060452930626,6,90,g,2,1,15060452930623
851049,,6x90g,,Peppermint & Spearmint Stick - strong protection,10,Earth Conscious,,33.6,V,6.72,5060452930640,6,90,g,2,1,15060452930647
851050,,6x90g,,Indian Bay & Orange Stick - strong protection,10,Earth Conscious,,33.6,V,6.72,5060452930688,6,90,g,2,1,15060452930685
851051,,6x90g,,Lavender & Tea Tree Stick,10,Earth Conscious,,33.6,V,6.72,5060452930671,6,90,g,2,1,15060452930678
851052,,6x90g,,Jasmine & Rose Stick,10,Earth Conscious,,33.6,V,6.72,5060452930633,6,90,g,2,1,15060452930630
851053,,6x90g,,Lemon & Rosemary Stick,10,Earth Conscious,,33.6,V,6.72,5060452930657,6,90,g,2,1,15060452930654
851054,,6x90g,,Pure Unscented Stick,10,Earth Conscious,,33.6,V,6.72,5060452930664,6,90,g,2,1,15060452930661
851056,,6x240ml,organic,Cherry Blossom Liquid Soap (1/4 case),10.49,Dr. Bronner,,36.75,V,7.35,18787830680,6,240,ml,2,1,20018787779082
851058,,6x475ml,organic,Cherry Blossom Liquid Soap (1/2 case),15.98,Dr. Bronner,,56,V,11.2,18787831694,6,475,ml,2,1,18787831694
851059,,1x945ml,organic,Cherry Blossom Liquid Soap - single,25.93,Dr. Bronner,,15.15,V,3.03,18787830703,1,945,ml,2,1,18787830703
851070,,6x240ml,organic,Almond Liquid Soap (1/4 case),10.49,Dr. Bronner,,36.75,V,7.35,18787241103,6,240,ml,2,1,18787241103
851072,,6x475ml,organic,Almond Liquid Soap (1/2 case),15.98,Dr. Bronner,,56,V,11.2,18787241158,6,475,ml,2,1,5018787241153
851073,,6x240ml,organic,Citrus-Orange Liquid Soap (1/4 case),10.49,Dr. Bronner,,36.75,V,7.35,18787242056,6,240,ml,2,1,18787242056
851074,,6x473ml,organic,Citrus-Orange Liquid Soap (1/2 case),15.98,Dr. Bronner,,56,V,11.2,18787242100,6,473,ml,2,1,18787242100
851075,,6x240ml,organic,Lavender Liquid Soap (1/4 case),10.49,Dr. Bronner,,36.75,V,7.35,18787242957,6,240,ml,2,1,20018787774087
851077,,6x473ml,organic,Lavender Liquid Soap (1/2 case),15.98,Dr. Bronner,,56,V,11.2,18787243008,6,473,ml,2,1,18787764169
851078,,6x236ml,organic,Eucalyptus Liquid Soap (1/4 case),10.49,Dr. Bronner,,36.75,V,7.35,18787242407,6,236,ml,2,1,18787242407
851079,,6x473ml,organic,Eucalyptus Liquid Soap (1/2 case),15.98,Dr. Bronner,,56,V,11.2,18787242452,6,473,ml,2,1,18787763162
851080,,6x240ml,organic,Peppermint Liquid Soap (1/4 case),10.49,Dr. Bronner,,36.75,V,7.35,18787243305,6,240,ml,2,1,18787775080
851082,,6x473ml,organic,Peppermint Liquid Soap (1/2 case),15.98,Dr. Bronner,,56,V,11.2,18787243350,6,473,ml,2,1,18787765166
851083,,3.79l,organic,Eucalyptus Liquid Soap - single,,Dr. Bronner,,49,V,9.8,18787763650,,3.79,l,2,1,5018787242501
851085,,6x240ml,organic,Rose Liquid Soap (1/4 case),10.49,Dr. Bronner,,36.75,V,7.35,18787243657,6,240,ml,2,1,18787243657
851087,,6x473ml,organic,Rose Liquid Soap (1/2 case),15.98,Dr. Bronner,,56,V,11.2,18787243701,6,473,ml,2,1,18787243701
851088,,6x236ml,organic,Tea Tree Liquid Soap (1/4 case),10.49,Dr. Bronner,,36.75,V,7.35,18787244203,6,236,ml,2,1,20018787778081
851089,,6x473ml,organic,Tea Tree Liquid Soap (1/2 case),15.98,Dr. Bronner,,56,V,11.2,18787244258,6,473,ml,2,1,18787769164
851090,,12x140g,organic,Almond Soap Bar,5.94,Dr. Bronner,r,41.55,V,8.31,18787781050,12,140,g,2,1,18787231005
851092,,12x140g,organic,Baby-Mild Unscented Soap Bar,5.94,Dr. Bronner,r,41.55,V,8.31,18787782057,12,140,g,2,1,18787231050
851093,,12x140g,organic,Cherry Blossom Soap Bar,5.94,Dr. Bronner,r,41.55,V,8.31,18787231104,12,140,g,2,1,18787231104
851094,,12x60ml,organic,Peppermint Hand Hygiene Spray,6.45,Dr. Bronner,,45.4,V,9.08,18787362372,12,60,ml,2,1,1018787362371
851095,,12x140g,organic,Citrus Soap Bar,5.94,Dr. Bronner,r,41.55,V,8.31,18787787052,12,140,g,2,1,18787231159
851096,,12x60ml,organic,Lavender Hand Hygiene Spray,6.45,Dr. Bronner,,45.4,V,9.08,18787111116,12,60,ml,2,1,1018787362357
851097,,12x140g,organic,Tea Tree Soap Bar,5.94,Dr. Bronner,r,41.55,V,8.31,18787786055,12,140,g,2,1,18787231500
851098,,12x140g,organic,Eucalyptus Soap Bar,5.94,Dr. Bronner,r,41.55,V,8.31,18787231203,12,140,g,2,1,5018787231208
851100,,12x140g,organic,Lavender Soap Bar,5.94,Dr. Bronner,r,41.55,V,8.31,18787784051,12,140,g,2,1,18787231302
851101,,12x140g,organic,Peppermint Soap Bar,5.94,Dr. Bronner,r,41.55,V,8.31,18787231357,12,140,g,2,1,5018787231352
851102,,12x140g,organic,Rose Soap Bar,5.94,Dr. Bronner,r,41.55,V,8.31,18787788059,12,140,g,2,1,18787231401
851103,,3.79l,organic,Lavender Liquid Soap - single,,Dr. Bronner,,49,V,9.8,18787764657,,3.79,l,2,1,18787764657
851104,,3.79l,organic,Tea Tree Liquid Soap - single,,Dr. Bronner,,49,V,9.8,18787769652,,3.79,l,2,1,5018787244307
851130,,1x946ml,organic,Almond Liquid Soap - single,25.93,Dr. Bronner,,15.15,V,3.03,18787241257,1,946,ml,2,1,18787771327
851131,,1x946ml,organic,Citrus-Orange Liquid Soap - single,25.93,Dr. Bronner,,15.15,V,3.03,18787242209,1,946,ml,2,1,18787777329
851132,,1x946ml,organic,Eucalyptus Liquid Soap - single,25.93,Dr. Bronner,,15.15,V,3.03,18787773321,1,946,ml,2,1,18787242551
851133,,1x946ml,organic,Lavender Liquid Soap - single,25.93,Dr. Bronner,,15.15,V,3.03,18787243107,1,946,ml,2,1,18787243107
851134,,1x946ml,organic,Peppermint Liquid Soap - single,25.93,Dr. Bronner,,15.15,V,3.03,18787243459,1,946,ml,2,1,18787775325
851135,,1x946ml,organic,Rose Liquid Soap - single,25.93,Dr. Bronner,,15.15,V,3.03,18787778326,1,946,ml,2,1,18787243800
851136,,1x946ml,organic,Tea Tree Liquid Soap - single,25.93,Dr. Bronner,,15.15,V,3.03,18787244357,1,946,ml,2,1,18787776322
851239,,12x4g,organic,Cherry Blossom Lip Balm,4.99,Dr. Bronner,,34.9,V,6.98,18787251911,12,4,g,2,1,18787920077
851240,,12x4g,organic,Lemon Lime Lip Balm,4.99,Dr. Bronner,,34.9,V,6.98,18787920039,12,4,g,2,1,18787920039
851242,,12x4g,organic,Baby Mild Lip Balm,4.99,Dr. Bronner,,34.9,V,6.98,18787251904,12,4,g,2,1,18787920046
851243,,12x4g,organic,Orange Ginger Lip Balm,4.99,Dr. Bronner,,34.9,V,6.98,18787920015,12,4,g,2,1,18787920015
851245,,12x4g,organic,Peppermint Lip Balm,4.99,Dr. Bronner,,34.9,V,6.98,18787920022,12,4,g,2,1,18787920022
851904,,1x250g,organic,Ashwagandha Powder,9.8,Forest Whole Foods,,7.35,,0,5060510108868,1,250,g,0,1,
851906,,1x250g,organic,Banana Powder,6.73,Forest Whole Foods,,5.05,,0,5060919520643,1,250,g,0,1,
851908,,1x250g,organic,Baobab Powder,8.6,Forest Whole Foods,,6.45,,0,5060510105324,1,250,g,0,1,
851911,,1x250g,organic,Barleygrass Powder,8.27,Forest Whole Foods,,6.2,,0,5060510108653,1,250,g,0,1,
851912,,1x250g,organic,Beetroot Powder,7.07,Forest Whole Foods,,5.3,,0,5060631555688,1,250,g,0,1,
851914,,1x250g,organic,Black Maca Powder,8.27,Forest Whole Foods,,6.2,,0,5060510105591,1,250,g,0,1,
851920,,1x250g,organic,Camu Camu Powder,13.47,Forest Whole Foods,,10.1,,0,5060631553691,1,250,g,0,1,
851922,,1x250g,organic,Chlorella Powder,11.07,Forest Whole Foods,,8.3,,0,5060510106963,1,250,g,0,1,
851924,,1x250g,organic,Hemp Protein Powder 50%,6.53,Forest Whole Foods,,4.9,,0,5060631553783,1,250,g,0,1,
851925,,1x125g,organic,Lion's Mane Mushroom Powder,10.6,Forest Whole Foods,,7.95,,0,5060919526638,1,125,g,0,1,5060919526638
851926,,1x250g,organic,Maca Powder,7.53,Forest Whole Foods,,5.65,,0,5060510104860,1,250,g,0,1,
851927,,1x125g,organic,Reishi Mushroom Powder,10.19,Forest Whole Foods,,7.65,,0,5060919526751,1,125,g,0,1,
851929,,1x125g,organic,7 Blend Mushroom Powder,8.87,Forest Whole Foods,,6.65,,0,5060919526690,1,125,g,0,1,
851930,,1x250g,organic,Spirulina Powder,7.93,Forest Whole Foods,,5.95,,0,5060510109469,1,250,g,0,1,
851932,,1x250g,organic,Wheatgrass Powder,8.07,Forest Whole Foods,,6.05,,0,5060510108721,1,250,g,0,1,
852960,,6x100g,,Blue Cedar Soap,3.49,Faith in Nature,,12.25,V,2.45,708002404668,6,100,g,2,1,708002314667
852964,,6x400ml,,Blue Cedar Body Wash,5.16,Faith in Nature,r,18.05,V,3.61,708002404672,6,400,ml,2,1,708002414671
852978,,6x85g,,Coconut & Shea Butter Shampoo Bar,6.96,Faith in Nature,,24.5,V,4.9,708002306204,6,85,g,2,1,708002316203
852980,,6x85g,,Lavender & Geranium Shampoo Bar,6.96,Faith in Nature,,24.5,V,4.9,708002300400,6,85,g,2,1,708002310409
852982,,6x85g,,Shea & Argan Shampoo Bar,6.96,Faith in Nature,,24.5,V,4.9,708002307607,6,85,g,2,1,708002317606
852983,,6x3x100g,,"Soap Gift Box - Orange, Aloe Vera, Lavender",9.69,Faith in Nature,s,33.95,V,6.79,708002800061,6,3x100,g,2,1,708002810060
852985,,6x100g,,Aloe Vera Soap,3.49,Faith in Nature,,12.25,V,2.45,708002100741,6,100,g,2,1,708002310560
852988,,6x100g,,Coconut Soap,3.49,Faith in Nature,,12.25,V,2.45,708002300363,6,100,g,2,1,708002310362
852989,,6x100g,,Dragon Fruit Soap,3.49,Faith in Nature,,12.25,V,2.45,708002305764,6,100,g,2,1,708002315763
852990,,6x100g,,Tea Tree Soap,3.49,Faith in Nature,,12.25,V,2.45,708002100543,6,100,g,2,1,708002310768
852992,,6x100g,,Wild Rose Soap,3.49,Faith in Nature,,12.25,V,2.45,708002307768,6,100,g,2,1,708002317767
852995,,6x100g,,Grapefruit Soap,3.49,Faith in Nature,,12.25,V,2.45,708002301667,6,100,g,2,1,708002311666
853010,,6x100g,,Orange Soap,3.49,Faith in Nature,,12.25,V,2.45,5013575111113,6,100,g,2,1,5013575211110
853015,,6x100g,,Rosemary Soap,3.49,Faith in Nature,,12.25,V,2.45,5013575111120,6,100,g,2,1,5013575211127
853020,,6x100g,,Lavender Soap,3.49,Faith in Nature,,12.25,V,2.45,5013575111137,6,100,g,2,1,5013575211134
853030,,6x100g,,Fragrance Free Soap - with Seaweed,3.49,Faith in Nature,,12.25,V,2.45,,6,100,g,2,1,708002310263
853035,,6x100g,,"Hemp,Lemongrass & Green Tea Soap",3.49,Faith in Nature,,12.25,V,2.45,708002101168,6,100,g,2,1,708002311161
853105,,18x100g,,Aloe Vera Soap,2.64,Faith in Nature,,27.95,V,5.59,708002650567,18,100,g,2,1,708002600562
853109,,18x100g,,Coconut Soap,2.64,Faith in Nature,,27.95,V,5.59,,18,100,g,2,1,708002650369
853110,,18x100g,,Tea Tree Soap,2.64,Faith in Nature,,27.95,V,5.59,708002650765,18,100,g,2,1,708002600760
853112,,18x100g,,Grapefruit Soap,2.64,Faith in Nature,,27.95,V,5.59,708002651663,18,100,g,2,1,708002600869
853115,,18x100g,,Orange Soap,2.64,Faith in Nature,,27.95,V,5.59,708002650864,18,100,g,2,1,708002601668
853120,,18x100g,,Rosemary Soap,2.64,Faith in Nature,,27.95,V,5.59,708002650161,18,100,g,2,1,708002600166
853125,,18x100g,,Lavender Soap,2.64,Faith in Nature,,27.95,V,5.59,708002650468,18,100,g,2,1,708002600463
853135,,18x100g,,Fragrance Free Soap - with Seaweed,2.64,Faith in Nature,,27.95,V,5.59,5013575111182,18,100,g,2,1,708002600265
853140,,18x100g,,"Hemp,Lemongrass & Green Tea Soap",2.64,Faith in Nature,,27.95,V,5.59,80,18,100,g,2,1,708002601163
853199,,6x400ml,,Hand Wash - Coconut,4.99,Faith in Nature,,17.5,V,3.5,708002400391,6,400,ml,2,1,708002410390
853200,,6x400ml,,Hand Wash - Dragon Fruit,4.99,Faith in Nature,,17.5,V,3.5,708002405792,6,400,ml,2,1,708002415791
853201,,6x400ml,,Hand Wash - Lavender & Geranium,4.99,Faith in Nature,,17.5,V,3.5,708002400490,6,400,ml,2,1,708002410499
853202,,6x400ml,,Hand Wash - Grapefruit & Orange,4.99,Faith in Nature,,17.5,V,3.5,708002401695,6,400,ml,2,1,708002411694
853203,,6x400ml,,Hand Wash - Seaweed & Citrus,4.99,Faith in Nature,,17.5,V,3.5,708002400292,6,400,ml,2,1,708002410291
853205,,6x400ml,,Hand Wash - Wild Rose,4.99,Faith in Nature,,17.5,V,3.5,708002407796,6,400,ml,2,1,708002417795
853206,,6x400ml,,Coconut Hand & Body Lotion,7.99,Faith in Nature,,28.05,V,5.61,708002400353,6,400,ml,2,1,708002410352
853207,,6x3x100ml,,Body Wash Travel Set,7.45,Faith in Nature,h,27.95,V,5.59,708002800078,6,3x100,ml,2,1,708002823855
853208,,6x400ml,,Grapefruit & Orange Hand & Body Lotion,7.99,Faith in Nature,,28.05,V,5.61,708002401657,6,400,ml,2,1,708002411656
853209,,6x400ml,,Lavender & Geranium Hand & Body Lotion,7.99,Faith in Nature,,28.05,V,5.61,708002400452,6,400,ml,2,1,708002410451
853211,,6x3x100ml,,Relaxing Travel Set,7.45,Faith in Nature,h,27.95,V,5.59,708002803857,6,3x100,ml,2,1,
853480,,5l,,Bulk Coconut Hand & Body Lotion,,Faith in Nature,,39,V,7.8,708002900358,,5,l,2,1,708002920356
853484,,5l,,Bulk Grapefruit & Orange Hand & Body Lotion,,Faith in Nature,,39,V,7.8,708002901652,,5,l,2,1,
853486,,5l,,Bulk Lavender & Geranium Hand & Body Lotion,,Faith in Nature,,39,V,7.8,708002900457,,5,l,2,1,
853501,,6x400ml,,Shea & Argan Shampoo,7.95,Faith in Nature,,27.85,V,5.57,708002407611,6,400,ml,2,1,708002417610
853502,,6x400ml,,Coconut Shampoo,7.95,Faith in Nature,,27.85,V,5.57,708002400315,6,400,ml,2,1,708002410314
853503,,6x400ml,,Dragon Fruit Shampoo,7.95,Faith in Nature,,27.85,V,5.57,708002405716,6,400,ml,2,1,708002415715
853504,,6x400ml,,Fragrance Free Shampoo,7.95,Faith in Nature,,27.85,V,5.57,708002401916,6,400,ml,2,1,708002411915
853505,,6x400ml,,Seaweed & Citrus Shampoo,7.95,Faith in Nature,,27.85,V,5.57,708002400216,6,400,ml,2,1,708002410215
853509,,6x400ml,,Grapefruit & Orange Shampoo,7.95,Faith in Nature,,27.85,V,5.57,708002401619,6,400,ml,2,1,708002411618
853510,,6x400ml,,Jojoba Shampoo,7.95,Faith in Nature,,27.85,V,5.57,708002400612,6,400,ml,2,1,708002410611
853511,,6x500ml,,Grapefruit & Orange Shampoo - Aluminium,7.53,Faith in Nature,r,26.4,V,5.28,708002171611,6,500,ml,2,1,708002181610
853513,,5l,,Bulk Hand Wash - Coconut,,Faith in Nature,,30,V,6,708002900396,,5,l,2,1,
853514,,5l,,Bulk Hand Wash - Dragonfruit,,Faith in Nature,,30,V,6,708002905797,,5,l,2,1,
853515,,6x400ml,,Rosemary Shampoo,7.95,Faith in Nature,,27.85,V,5.57,708002400117,6,400,ml,2,1,708002410116
853517,,5l,,Bulk Hand Wash - Grapefruit & Orange,,Faith in Nature,,30,V,6,708002901690,,5,l,2,1,
853520,,6x400ml,,Aloe Vera Shampoo,7.95,Faith in Nature,,27.85,V,5.57,708002400513,6,400,ml,2,1,708002410512
853525,,6x400ml,,Lavender & Geranium Shampoo,7.95,Faith in Nature,,27.85,V,5.57,708002400414,6,400,ml,2,1,708002410413
853527,,20l,,Bulk Hand Wash Lavender & Geranium,,Faith in Nature,,101,V,20.2,708002000393,,20,l,2,1,708002000393
853535,,5l,,Bulk Hand Wash - Lavender & Geranium,,Faith in Nature,,30,V,6,708002900495,,5,l,2,1,
853536,,6x400ml,,Wild Rose Shampoo,7.95,Faith in Nature,,27.85,V,5.57,708002407710,6,400,ml,2,1,708002417719
853540,,5l,,Bulk Aloe Vera Shampoo,,Faith in Nature,,35.9,V,7.18,708002900518,,5,l,2,1,
853541,,5l,,Bulk Grapefruit & Orange Shampoo,,Faith in Nature,,35.9,V,7.18,708002901614,,5,l,2,1,708002901614
853542,,5l,,Bulk Coconut Shampoo,,Faith in Nature,,35.9,V,7.18,708002900310,,5,l,2,1,708002900310
853543,,5l,,Bulk Jojoba Shampoo,,Faith in Nature,,35.9,V,7.18,708002900617,,5,l,2,1,
853544,,5l,,Bulk Dragonfruit Shampoo,,Faith in Nature,,35.9,V,7.18,708002905711,,5,l,2,1,
853545,,5l,,Bulk Lavender & Geranium Shampoo,,Faith in Nature,,35.9,V,7.18,708002900419,,5,l,2,1,
853546,,5l,,Bulk Fragrance Free Shampoo,,Faith in Nature,,35.9,V,7.18,708002901416,,5,l,2,1,
853550,,5l,,Bulk Aloe Vera Conditioner,,Faith in Nature,,35.9,V,7.18,708002900525,,5,l,2,1,
853551,,5l,,Bulk Dragonfruit Conditioner,,Faith in Nature,,35.9,V,7.18,708002905728,,5,l,2,1,
853552,,5l,,Bulk Coconut Conditioner,,Faith in Nature,,35.9,V,7.18,708002920325,,5,l,2,1,708002900327
853553,,5l,,Bulk Jojoba Conditioner,,Faith in Nature,,35.9,V,7.18,708002900624,,5,l,2,1,708002920622
853554,,5l,,Bulk Grapefruit & Orange Conditioner,,Faith in Nature,,35.9,V,7.18,708002901621,,5,l,2,1,
853555,,5l,,Bulk Lavender & Geranium Conditioner,,Faith in Nature,,35.9,V,7.18,708002900426,,5,l,2,1,
853556,,5l,,Bulk Fragrance Free Conditioner,,Faith in Nature,,35.9,V,7.18,708002901928,,5,l,2,1,708002901416
853560,,5l,,Bulk Aloe Vera Body Wash,,Faith in Nature,r,24,V,4.8,708002900532,,5,l,2,1,708002920578
853561,,5l,,Bulk Dragon Fruit Body Wash,,Faith in Nature,r,24,V,4.8,708002905773,,5,l,2,1,
853562,,5l,,Bulk Coconut Body Wash,,Faith in Nature,r,24,V,4.8,708002900372,,5,l,2,1,
853563,,5l,,Bulk Grapefruit & Orange Body Wash,,Faith in Nature,r,24,V,4.8,708002921674,,5,l,2,1,708002901676
853564,,5l,,Bulk Hand Wash - Wild Rose,,Faith in Nature,,30,V,6,708002927799,,5,l,2,1,708002907791
853565,,5l,,Bulk Lavender & Geranium Body Wash,,Faith in Nature,r,24,V,4.8,708002900433,,5,l,2,1,708002051128
853566,,5l,,Bulk Wild Rose Shampoo,,Faith in Nature,,35.9,V,7.18,708002907715,,5,l,2,1,708002927713
853567,,6x500ml,,Lavender & Geranium Shampoo - Aluminium,7.53,Faith in Nature,r,26.4,V,5.28,708002173813,6,500,ml,2,1,708002183812
853569,,5l,,Bulk Wild Rose Conditioner,,Faith in Nature,,35.9,V,7.18,708002927720,,5,l,2,1,708002907722
853571,,5l,,Bulk Wild Rose Body Wash,,Faith in Nature,r,24,V,4.8,708002927775,,5,l,2,1,708002907777
853572,,6x500ml,,Shea & Argan Shampoo - Aluminium,7.53,Faith in Nature,r,26.4,V,5.28,708002177613,6,500,ml,2,1,708002187612
853575,,1x1,,5 litre pump for refilling,6,Faith in Nature,,3.75,V,0.75,,1,1,,2,1,
853576,,1x1,,20 litre Pump - 30ml dispense,6.72,Faith in Nature,,4.2,V,0.84,708002009884,1,1,,2,1,
853577,,12x450ml,,Aluminium Refill Bottle inc pump,3.48,Faith in Nature,,24.2,V,4.84,708002409769,12,450,ml,2,1,708002419768
853578,,20l,,Bulk Coconut Shampoo,,Faith in Nature,,122.9,V,24.58,708002000317,,20,l,2,1,708002000317
853579,,20l,,Bulk Grapefruit & Orange Shampoo,,Faith in Nature,,122.9,V,24.58,708002001611,,20,l,2,1,
853580,,20l,,Bulk Lavender & Geranium Shampoo,,Faith in Nature,,122.9,V,24.58,708002000416,,20,l,2,1,708002000416
853581,,20l,,Bulk Coconut Conditioner,,Faith in Nature,,122.9,V,24.58,708002000324,,20,l,2,1,708002000324
853582,,20l,,Bulk Lavender & Geranium Conditioner,,Faith in Nature,,122.9,V,24.58,708002000423,,20,l,2,1,708002000423
853583,,20l,,Bulk Coconut Body Wash,,Faith in Nature,r,80.8,V,16.16,708002000379,,20,l,2,1,708002000379
853584,,20l,,Bulk Lavender & Geranium Body Wash,,Faith in Nature,r,80.8,V,16.16,708002000478,,20,l,2,1,708002000478
853585,,20l,,Bulk Grapefruit & Orange Conditioner,,Faith in Nature,,122.9,V,24.58,708002001628,,20,l,2,1,
853987,,6x400ml,,Coconut Conditioner,7.95,Faith in Nature,,27.85,V,5.57,708002400322,6,400,ml,2,1,708002410321
853988,,6x400ml,,Fragrance Free Conditioner,7.95,Faith in Nature,,27.85,V,5.57,708002401923,6,400,ml,2,1,708002411922
853989,,6x400ml,,Dragon Fruit Conditioner,7.95,Faith in Nature,,27.85,V,5.57,708002405723,6,400,ml,2,1,708002415722
853992,,6x400ml,,Grapefruit & Orange Conditioner,7.95,Faith in Nature,,27.85,V,5.57,708002401626,6,400,ml,2,1,708002411625
853993,,6x500ml,,Grapefruit & Orange Conditioner - Aluminium,7.53,Faith in Nature,r,26.4,V,5.28,708002171628,6,500,ml,2,1,708002181627
853994,,6x500ml,,Lavender & Geranium Conditioner - Aluminium,7.53,Faith in Nature,r,26.4,V,5.28,708002173820,6,500,ml,2,1,708002183829
853996,,6x500ml,,Shea & Argan Conditioner - Aluminium,7.53,Faith in Nature,r,26.4,V,5.28,708002177620,6,500,ml,2,1,708002187629
854002,,6x400ml,,Lavender & Geranium Conditioner,7.95,Faith in Nature,,27.85,V,5.57,708002400421,6,400,ml,2,1,708002410420
854005,,6x400ml,,Seaweed & Citrus Conditioner,7.95,Faith in Nature,,27.85,V,5.57,708002400223,6,400,ml,2,1,708002410222
854008,,6x400ml,,Shea & Argan Conditioner,7.95,Faith in Nature,,27.85,V,5.57,708002407628,6,400,ml,2,1,708002417627
854010,,6x400ml,,Jojoba Conditioner,7.95,Faith in Nature,,27.85,V,5.57,708002400629,6,400,ml,2,1,708002410628
854015,,6x400ml,,Rosemary Conditioner,7.95,Faith in Nature,,27.85,V,5.57,708002400124,6,400,ml,2,1,708002410123
854020,,6x400ml,,Aloe Vera Conditioner,7.95,Faith in Nature,,27.85,V,5.57,708002400520,6,400,ml,2,1,708002410529
854028,,6x400ml,,Wild Rose Conditioner,7.95,Faith in Nature,,27.85,V,5.57,708002407727,6,400,ml,2,1,708002417726
854030,,6x400ml,,Aloe Vera Body Wash,5.15,Faith in Nature,r,18.05,V,3.61,708002400537,6,400,ml,2,1,708002410536
854033,,6x400ml,,Coconut Body Wash,5.15,Faith in Nature,r,18.05,V,3.61,708002400377,6,400,ml,2,1,708002410376
854035,,6x400ml,,Grapefruit & Orange Body Wash,5.15,Faith in Nature,r,18.05,V,3.61,708002401671,6,400,ml,2,1,708002411670
854036,,6x400ml,,Fragrance Free Body Wash,5.15,Faith in Nature,r,18.05,V,3.61,708002401978,6,400,ml,2,1,708002411977
854037,,6x400ml,,Dragon Fruit  Body Wash,5.15,Faith in Nature,r,18.05,V,3.61,708002405778,6,400,ml,2,1,708002415777
854038,,6x500ml,,Coconut Body Wash  - Aluminium,5.95,Faith in Nature,r,20.85,V,4.17,708002170379,6,500,ml,2,1,708002180378
854039,,6x500ml,,Grapefruit & Orange Body Wash - Aluminium,5.95,Faith in Nature,r,20.85,V,4.17,708002171673,6,500,ml,2,1,708002181672
854040,,6x400ml,,Lavender & Geranium Body Wash,5.15,Faith in Nature,r,18.05,V,3.61,708002400438,6,400,ml,2,1,708002410239
854041,,6x400ml,,Mint Body Wash,5.15,Faith in Nature,r,18.05,V,3.61,708002403774,6,400,ml,2,1,708002413773
854044,,6x500ml,,Lavender & Geranium Body Wash  - Aluminium,5.95,Faith in Nature,r,20.85,V,4.17,708002173875,6,500,ml,2,1,708002183874
854050,,6x400ml,,Seaweed & Citrus Body Wash,5.15,Faith in Nature,r,18.05,V,3.61,708002400230,6,400,ml,2,1,708002410437
854059,,6x400ml,,Wild Rose Body Wash,5.15,Faith in Nature,r,18.05,V,3.61,708002407772,6,400,ml,2,1,708002417771
854070,,6x300ml,,Coconut & Shea Hydrating Hair Mask,7.96,Faith in Nature,,27.9,V,5.58,708002307782,6,300,ml,2,1,708002317781
854076,,6x300ml,,Shea & Argan Nourishing Hair Mask,7.96,Faith in Nature,,27.9,V,5.58,708002307683,6,300,ml,2,1,708002317682
854230,,6x95g,,Aloe Vera Soap - Fragrance Free,3.23,Friendly Soap,,10.85,V,2.17,5060892900005,6,95,g,2,1,5060892909992
854231,,6x95g,,Cedarwood Soap,3.23,Friendly Soap,,10.85,V,2.17,5060892900449,6,95,g,2,1,5060892909619
854232,,6x95g,,Cinnamon Soap,3.23,Friendly Soap,,10.85,V,2.17,5060892900081,6,95,g,2,1,5060892909916
854234,,6x95g,,Lavender Soap,3.23,Friendly Soap,,10.85,V,2.17,5060892900012,6,95,g,2,1,5060892909985
854236,,6x95g,,Lemongrass & Hemp Soap,3.23,Friendly Soap,,10.85,V,2.17,5060892900029,6,95,g,2,1,5060892909930
854238,,6x95g,,Orange & Grapefruit Soap,3.23,Friendly Soap,,10.85,V,2.17,5060892900036,6,95,g,2,1,5060892909961
854240,,6x95g,,Peppermint & Poppyseed Soap,3.23,Friendly Soap,,10.85,V,2.17,5060892900043,6,95,g,2,1,5060892909978
854241,,6x95g,,Rose Geranium  Soap,3.23,Friendly Soap,,10.85,V,2.17,5060892900074,6,95,g,2,1,5060892909923
854242,,6x95g,,Tea Tree & Turmeric Soap,3.23,Friendly Soap,,10.85,V,2.17,5060892900050,6,95,g,2,1,5060892909947
854244,,6x95g,,Patchouli Soap,3.23,Friendly Soap,H,10.85,V,2.17,5060892900067,6,95,g,2,1,5060892909954
854250,,6x95g,,Shea Butter Facial Cleansing Bar,3.23,Friendly Soap,,10.85,V,2.17,5060892900098,6,95,g,2,1,5060892909879
854253,,6x95g,,Fragrance Free Shampoo Bar,3.23,Friendly Soap,,10.85,V,2.17,5060892900166,6,95,g,2,1,5060892909831
854254,,6x95g,,Lavender & Tea Tree Shampoo Bar,3.23,Friendly Soap,,10.85,V,2.17,5060892900135,6,95,g,2,1,5060892909817
854258,,6x95g,,Lavender & Geranium Shampoo Bar,3.23,Friendly Soap,,10.85,V,2.17,5060892900142,6,95,g,2,1,5060892909824
854259,,6x95g,,Peppermint & Eucalyptus Conditioner Bar,9.02,Friendly Soap,,30.05,V,6.01,5060892900326,6,95,g,2,1,5060892909596
854260,,6x95g,,Peppermint & Eucalyptus Shampoo Bar,3.23,Friendly Soap,,10.85,V,2.17,5060892900159,6,95,g,2,1,5060892909848
854261,,6x95g,,Rosemary Soap,3.23,Friendly Soap,,10.85,V,2.17,5060892900425,6,95,g,2,1,55060892909602
854262,,6x95g,,Rosemary & Lime Detox Bar,3.23,Friendly Soap,,10.85,V,2.17,5060892900128,6,95,g,2,1,5060892909909
854264,,6x95g,,"Hair, Body & Laundry - Travel Soap",3.23,Friendly Soap,,10.85,V,2.17,5060892900111,6,95,g,2,1,5060892909893
854265,,6x95g,,Fragrance Free Shaving Soap,3.23,Friendly Soap,,10.85,V,2.17,5060892900180,6,95,g,2,1,5060892909855
854266,,6x95g,,Orange & Lavender Shaving Soap,3.23,Friendly Soap,,10.85,V,2.17,5060892900173,6,95,g,2,1,5060892909862
854267,,6x32g,,Soap Box - liquid wood - 10x6.7x3.7cm,7.14,Friendly Soap,,23.9,V,4.78,5060892900241,6,32,g,2,1,5060892909732
854271,,6x95g,,Ylang Ylang Soap,3.23,Friendly Soap,,10.85,V,2.17,5060892900432,6,95,g,2,1,5060892909626
854272,,6x13g,,Soap Saver - Sisal Hemp Pouch - 10.5x6.7x3.7cm,3.23,Friendly Soap,,10.85,V,2.17,5060892900227,6,13,g,2,1,5060892909787
854273,,6x95g,,Cook's Soap,4.45,Friendly Soap,,14.9,V,2.98,5060892900722,6,95,g,2,1,5060892909183
854274,,6x14g,,Konjac Sponge - 10.5x6.7x3.7cm,7.64,Friendly Soap,,25.6,V,5.12,5060892900234,6,14,g,2,1,5060892909749
854275,,6x95g,,Dog Shampoo,4.45,Friendly Soap,,14.9,V,2.98,5060892900760,6,95,g,2,1,5060892909145
854276,,7x95g,,Aloe Vera - Naked & Natural Soap,2.76,Friendly Soap,,10.85,V,2.17,5060892909497,7,95,g,2,1,5060892909497
854277,,6x95g,,Foot Soap,4.45,Friendly Soap,,14.9,V,2.98,5060892900753,6,95,g,2,1,5060892909152
854278,,7x95g,,Cedarwood - Naked & Natural Soap,2.76,Friendly Soap,,10.85,V,2.17,5060892909510,7,95,g,2,1,5060892909510
854279,,6x95g,,Gardener's Soap,4.45,Friendly Soap,,14.9,V,2.98,5060892900739,6,95,g,2,1,5060892909176
854280,,7x95g,,Cinnamon - Naked & Natural Soap,2.76,Friendly Soap,,10.85,V,2.17,5060892909411,7,95,g,2,1,5060892909411
854281,,6x95g,,Mechanic's Soap,4.45,Friendly Soap,,14.9,V,2.98,5060892900746,6,95,g,2,1,5060892909169
854282,,7x95g,,Lavender - Naked & Natural Soap,2.76,Friendly Soap,,10.85,V,2.17,5060892909480,7,95,g,2,1,5060892909480
854283,,7x95g,,Cleansing Bar - Shea Butter - Fragrance-free - Naked & Natural,2.76,Friendly Soap,,10.85,V,2.17,,7,95,g,2,1,5060892909268
854284,,7x95g,,Lemongrass & Hemp - Naked & Natural Soap,2.76,Friendly Soap,,10.85,V,2.17,5060892909473,7,95,g,2,1,5060892909473
854285,,7x95g,,"Travel Bar - Lemongrass, Lavender, Tea Tree - Naked & Natural",2.76,Friendly Soap,,10.85,V,2.17,,7,95,g,2,1,5060892909282
854286,,7x95g,,Orange & Grapefruit - Naked & Natural Soap,2.76,Friendly Soap,,10.85,V,2.17,5060892909466,7,95,g,2,1,5060892909466
854287,,7x95g,,Shaving Bars - Orange & Lavender - Naked & Natural,2.76,Friendly Soap,,10.85,V,2.17,,7,95,g,2,1,5060892909305
854288,,7x95g,,Patchouli & Sandalwood - Naked & Natural Soap,2.76,Friendly Soap,,10.85,V,2.17,5060892909435,7,95,g,2,1,5060892909435
854289,,7x95g,,Shaving Bars - Fragrance Free - Naked & Natural,2.76,Friendly Soap,,10.85,V,2.17,,7,95,g,2,1,5060892909299
854290,,7x95g,,Peppermint & Poppy - Naked & Natural Soap,2.76,Friendly Soap,,10.85,V,2.17,5060892909459,7,95,g,2,1,5060892909459
854292,,7x95g,,Rose Geranium - Naked & Natural Soap,2.76,Friendly Soap,,10.85,V,2.17,5060892909428,7,95,g,2,1,5060892909428
854293,,7x95g,,Rosemary - Naked & Natural Soap,2.76,Friendly Soap,,10.85,V,2.17,5060892909503,7,95,g,2,1,5060892909503
854294,,7x95g,,Tea & Turmeric - Naked & Natural Soap,2.76,Friendly Soap,,10.85,V,2.17,5060892909442,7,95,g,2,1,5060892909442
854295,,7x95g,,Ylang Ylang - Naked & Natural Soap,2.76,Friendly Soap,,10.85,V,2.17,5060892909527,7,95,g,2,1,5060892909527
854296,,6x125g,,Aloe Vera  Soap on a Rope,4.89,Friendly Soap,,16.5,V,3.3,5060892900791,6,125,g,2,1,5060892909138
854297,,6x125g,,Lavender  Soap on a Rope,4.89,Friendly Soap,,16.5,V,3.3,5060892900807,6,125,g,2,1,5060892909121
854298,,6x125g,,Lemongrass  Soap on a Rope,4.89,Friendly Soap,,16.5,V,3.3,5060892900814,6,125,g,2,1,5060892909114
854299,,6x125g,,Orange & Grapefruit  Soap on a Rope,4.89,Friendly Soap,,16.5,V,3.3,5060892900821,6,125,g,2,1,5060892909107
854300,,6x125g,,Patchouli & Sandalwood  Soap on a Rope,4.89,Friendly Soap,,16.5,V,3.3,5060892900845,6,125,g,2,1,5060892909084
854301,,6x125g,,Peppermint & Poppyseeds  Soap on a Rope,4.89,Friendly Soap,,16.5,V,3.3,5060892900838,6,125,g,2,1,5060892909091
854304,,7x95g,,Shampoo Bar - Lavender & Tea Tree - Naked & Natural,2.76,Friendly Soap,,10.85,V,2.17,,7,95,g,2,1,5060892909343
854305,,7x95g,,Shampoo Bar - Lavender & Geranium - Naked & Natural,2.76,Friendly Soap,,10.85,V,2.17,,7,95,g,2,1,5060892909336
854306,,7x95g,,Shampoo Bar - Peppermint & Eucalyptus - Naked & Natural,2.76,Friendly Soap,,10.85,V,2.17,,7,95,g,2,1,5060892909329
854307,,7x95g,,Shampoo Bar - Fragrance-free - Naked & Natural,2.76,Friendly Soap,,10.85,V,2.17,,7,95,g,2,1,5060892909312
854587,,1x1pack,,"Application Kit (brush, measure cup, cape)",5.17,Herbatint,,2.9,V,0.58,8016744800013,1,1,pack,2,1,
854605,,1x1pack,,1N - Black - Hair Colour,12,Herbatint,,6.95,V,1.39,8016744808019,1,1,pack,2,1,8016744805421
854607,,1x1pack,,7N - Blonde - Hair Colour,12,Herbatint,,6.95,V,1.39,8016744808071,1,1,pack,2,1,
854610,,1x1pack,,2N - Brown - Hair Colour,12,Herbatint,,6.95,V,1.39,8016744808026,1,1,pack,2,1,8016744805438
854611,,1x1pack,,3N - Dark Chestnut - Hair Colour,12,Herbatint,,6.95,V,1.39,8016744808033,1,1,pack,2,1,
854612,,1x1pack,,4N - Chestnut - Hair Colour,12,Herbatint,,6.95,V,1.39,8016744808040,1,1,pack,2,1,
854615,,1x1pack,,7R - Copper Blonde - Hair Colour,12,Herbatint,,6.95,V,1.39,8016744808217,1,1,pack,2,1,8016744805629
854617,,1x1pack,,4R - Copper Chestnut - Hair Colour,12,Herbatint,,6.95,V,1.39,8016744808194,1,1,pack,2,1,
854622,,1x1pack,,6N - Dark Blonde - Hair Colour,12,Herbatint,,6.95,V,1.39,8016744808064,1,1,pack,2,1,
854625,,1x1pack,,6D - Dark Golden Blonde - Hair Colour,12,Herbatint,,6.95,V,1.39,8016744808132,1,1,pack,2,1,
854630,,1x1pack,,7D - Golden Blonde - Hair Colour,12,Herbatint,,6.95,V,1.39,8016744808149,1,1,pack,2,1,
854632,,1x1pack,,4D - Golden Chestnut - Hair Colour,12,Herbatint,,6.95,V,1.39,8016744808118,1,1,pack,2,1,
854637,,1x1pack,,9N - Very Light Blonde - Hair Colour,12,Herbatint,,6.95,V,1.39,8016744808095,1,1,pack,2,1,
854640,,1x1pack,,8N - Light Blonde - Hair Colour,12,Herbatint,,6.95,V,1.39,8016744808088,1,1,pack,2,1,
854642,,1x1pack,,5N - Light Chestnut - Hair Colour,12,Herbatint,,6.95,V,1.39,8016744808057,1,1,pack,2,1,
854645,,1x1pack,,8R - Light Copper Blonde - Hair Colour,12,Herbatint,,6.95,V,1.39,8016744808224,1,1,pack,2,1,
854647,,1x1pack,,5R - Light Copper Chestnut - Hair Colour,12,Herbatint,,6.95,V,1.39,8016744808200,1,1,pack,2,1,
854648,,1x1pack,,4C - Ash Chestnut - Hair Colour,12,Herbatint,,6.95,V,1.39,8016744808231,1,1,pack,2,1,
854649,,1x1pack,,7C - Ash Blonde - Hair Colour,12,Herbatint,,6.95,V,1.39,8016744808262,1,1,pack,2,1,
854650,,1x1pack,,8D - Light Golden Blonde - Hair Colour,12,Herbatint,,6.95,V,1.39,8016744808156,1,1,pack,2,1,
854651,,1x1pack,,5C - Light Ash Chestnut - Hair Colour,12,Herbatint,,6.95,V,1.39,8016744808248,1,1,pack,2,1,
854652,,1x1pack,,5D - Light Golden Chestnut - Hair Colour,12,Herbatint,,6.95,V,1.39,8016744808125,1,1,pack,2,1,
854653,,1x1pack,,6C - Dark Ash Blonde - Hair Colour,12,Herbatint,,6.95,V,1.39,8016744808255,1,1,pack,2,1,
854655,,1x1pack,,5M - Light Mahogany Chestnut - Hair Colour,12,Herbatint,,6.95,V,1.39,8016744808170,1,1,pack,2,1,
854656,,1x1pack,,8C - Light Ash Blonde - Hair Colour,12,Herbatint,,6.95,V,1.39,8016744808279,1,1,pack,2,1,
854657,,1x1pack,,7M - Mahogany Blonde - Hair Colour,12,Herbatint,,6.95,V,1.39,8016744808187,1,1,pack,2,1,
854658,,1x1pack,,10C - Platinum Ash Blonde - Hair Colour,12,Herbatint,,6.95,V,1.39,8016744808286,1,1,pack,2,1,
854660,,1x1pack,,4M - Mahogany Chestnut - Hair Colour,12,Herbatint,,6.95,V,1.39,8016744808163,1,1,pack,2,1,
854665,,1x1pack,,10N - Platinum Blonde - Hair Colour,12,Herbatint,,6.95,V,1.39,8016744808101,1,1,pack,2,1,
854674,,1x1pack,organic,Moon Light Power - Hair Colour,11.57,Herbatint,,6.7,V,1.34,8016744803021,1,1,pack,2,1,
854676,,1x1pack,organic,Hot Chocolate Power - Hair Colour,11.57,Herbatint,,6.7,V,1.34,8016744803038,1,1,pack,2,1,
854678,,1x1pack,organic,Warm Chestnut Power - Hair Colour,11.57,Herbatint,,6.7,V,1.34,8016744803045,1,1,pack,2,1,
854680,,1x1pack,organic,Pure Caramel Power - Hair Colour,11.57,Herbatint,,6.7,V,1.34,8016744803052,1,1,pack,2,1,
854682,,1x1pack,organic,Henna Love Power - Hair Colour,11.57,Herbatint,,6.7,V,1.34,8016744803083,1,1,pack,2,1,
854684,,1x1pack,organic,Cherry Red Power - Hair Colour,11.57,Herbatint,,6.7,V,1.34,8016744803076,1,1,pack,2,1,
854686,,1x1pack,organic,Honey Blonde Power - Hair Colour,11.57,Herbatint,,6.7,V,1.34,8016744803069,1,1,pack,2,1,
854688,,1x1pack,organic,Neutral Cassia Power - Hair Colour,11.57,Herbatint,,6.7,V,1.34,8016744803090,1,1,pack,2,1,
854690,,6x10ml,organic,Temporary Hair Touch-Up  - Black,9.99,Herbatint,,33.45,V,6.69,8016744804097,6,10,ml,2,1,
854692,,6x10ml,organic,Temporary Hair Touch-Up  - Blonde,9.99,Herbatint,,33.45,V,6.69,8016744804066,6,10,ml,2,1,
854694,,6x10ml,organic,Temporary Hair Touch-Up  - Dark Chestnut,9.99,Herbatint,,33.45,V,6.69,8016744804080,6,10,ml,2,1,
854696,,6x10ml,organic,Temporary Hair Touch-Up  - Light Chestnut,9.99,Herbatint,,33.45,V,6.69,8016744804073,6,10,ml,2,1,
855015,,1x25ml,,Citricidal liquid,9.95,Higher Nature,,5.55,V,1.11,5031013100901,1,25,ml,2,1,
855020,,1x45ml,,Citricidal liquid,15.39,Higher Nature,,8.6,V,1.72,5031013103742,1,45,ml,2,1,
855022,,1x100ml,,Citricidal liquid,29.95,Higher Nature,,16.7,V,3.34,5031013100925,1,100,ml,2,1,
855033,,1x1pack,,Konjac Sponge,6.67,Hydrophil,,4.15,V,0.83,4260397791417,1,1,pack,2,1,4260397791424
855035,,10x1,,Soap Pouch - Sisal,4.05,Hydrophil,,25.2,V,5.04,4260397791264,10,1,,2,1,4260397791332
855036,,6x1,,Travel Soap Box - Stainless Steel,4.1,Hydrophil,,15.3,V,3.06,4260397794074,6,1,,2,1,4260397794098
855038,,10x100pack,,Cotton Swabs,2.54,Hydrophil,,15.85,V,3.17,4260397791226,10,100,pack,2,1,4260397790212
855040,,6x100ml,,incognito - anti-mosquito spray,13.29,incognito,,47,V,9.4,5060164450009,6,100,ml,2,1,15060164450006
855043,,6x100ml,,Kids Insect Repellent - Spray,13.29,incognito,,47,V,9.4,5060164450382,6,100,ml,2,1,15060164450389
855045,,1x50ml,,Roll On Natural Insect Repellent,9.55,incognito,,5.6,V,1.12,5060164450160,1,50,ml,2,1,5060164450177
855048,,1x100ml,,Incognito Insect Repellent Lotion,14.38,incognito,,8.4,V,1.68,5060164450276,1,100,ml,2,1,
855050,,1x100ml,,Suncream Insect Repellent SPF30,26.79,incognito,,15.65,V,3.13,5060164450269,1,100,ml,2,1,
855080,,1x200ml,,After-Sun Moisturiser,15.33,incognito,,8.95,V,1.79,5060164450085,1,200,ml,2,1,
855085,,1x200ml,,Hair & Body Wash,9.61,incognito,,5.6,V,1.12,5060164450078,1,200,ml,2,1,
855090,,1x60g,,incognito Crystal Deodorant - Java Citronella,5.84,incognito,,3.35,V,0.67,5060164450139,1,60,g,2,1,
855092,,1x1pack,,Zap-Ease - insect bite relief gadget,9.59,incognito,,5.6,V,1.12,5060164450153,1,1,pack,2,1,15060164450150
855095,,6x100g,,Luxury Soap - citronella,5.76,incognito,,20.15,V,4.03,5060164450047,6,100,g,2,1,
855118,,1xbag,,10 washable cotton coloured facial pads in a drawstring bag,14.14,La Droguerie,,8.25,V,1.65,3760138839985,1,,bag,2,1,
855124,,15l,organic,Olive Oil Liquid Soap - Concentrated,,La Droguerie,,79.3,V,15.86,3760138841346,,15,l,2,1,
855346,,4x150ml,,Gentle Shaving Foam,9.95,Lavera,,22.1,V,4.42,4021457662111,4,150,ml,2,1,4021457733668
855347,,4x100ml,,Aftershave Balm - tube,11.95,Lavera,,26.55,V,5.31,4021457662128,4,100,ml,2,1,4021457733675
855348,,4x50ml,,Men's Deodorant Roll On 24hr,9.95,Lavera,,22.1,V,4.42,4021457662142,4,50,ml,2,1,4021457733699
855349,,4x50ml,,Men's Moisturising Cream,13.95,Lavera,,30.95,V,6.19,4021457662517,4,50,ml,2,1,4021457733705
855353,,4x200ml,,Men's 3 in 1 Shower Gel,6.95,Lavera,,15.45,V,3.09,4021457662135,4,200,ml,2,1,4021457733682
855375,,1x30g,organic,Lion's Mane Extract Powder,34.63,Kaapa Mushrooms,,20.2,V,4.04,6430071310236,1,30,g,2,1,6430071310212
855376,,1x50ml,organic,Cordyceps Mushroom Tincture,27.69,Kaapa Mushrooms,,16.15,V,3.23,6430071310076,1,50,ml,2,1,6430071310076
855377,,1x50ml,organic,Lion's Mane Mushroom Tincture,27.69,Kaapa Mushrooms,,16.15,V,3.23,6430071310083,1,50,ml,2,1,6430071310083
855378,,1x50ml,organic,Reishi Mushroom Tincture,27.69,Kaapa Mushrooms,,16.15,V,3.23,6430071310069,1,50,ml,2,1,6430071310069
855379,,1x50ml,organic,Lion's Mane Mushroom Cognitive Function Elixir  - alcohol free,32.66,Kaapa Mushrooms,,19.05,V,3.81,6430071310298,1,50,ml,2,1,6430071310298
855385,,1x1pack,,NitFree Comb - single,15.36,Nitty Gritty,,9.6,V,1.92,7791940020113,1,1,pack,2,1,
855390,,1x1pack,,Aromatherapy Head Lice Kit (comb & solution),13.28,Nitty Gritty,,8.3,V,1.66,5060010680017,1,1,pack,2,1,
855395,,1x250ml,,Head Lice - Defence Spray,13.44,Nitty Gritty,,8.4,V,1.68,5060010680000,1,250,ml,2,1,
855403,,1x175g,organic,Chia Pudding Chocolate,4.02,Naturya,r,2.7,,0,5060238482516,1,175,g,0,1,15060238482513
855406,,1x175g,organic,Chia Pudding Coconut,4.02,Naturya,r,2.7,,0,5060238483896,1,175,g,0,1,5060238483896
855408,,1x250g,organic,Green Super Blend,15.02,Naturya,,10,,0,5060238480208,1,250,g,0,1,
855410,,1x125g,organic,Acai Powder,19.98,Naturya,,13.3,,0,5060238480093,1,125,g,0,1,
855416,,1x300g,organic,Chia Seeds,6.01,Naturya,,4,,0,5060238480109,1,300,g,0,1,
855417,,1x200g,organic,Chlorella Powder,13,Naturya,,8.65,,0,5060238480062,1,200,g,0,1,
855420,,1x300g,organic,Hemp Protein Powder,9.99,Naturya,,6.65,,0,5060238480048,1,300,g,0,1,
855421,,1x125g,organic,Cacao Nibs,7.08,Naturya,,4.8,,0,5060238480345,1,125,g,0,1,15060238480342
855423,,1x300g,organic,Maca Powder,6.99,Naturya,,4.65,,0,5060238480017,1,300,g,0,1,
855424,,1x250g,,Cacao Powder Single Origin Fairtrade,10.64,Naturya,,7.1,,0,5060238483933,1,250,g,0,1,
855425,,1x200g,organic,Spirulina Powder,8.99,Naturya,,6,,0,5060238480055,1,200,g,0,1,
855426,,1x200g,organic,Goji Berries,6.46,Naturya,r,4.3,,0,5060238480741,1,200,g,0,1,15060238480748
855427,,1x200g,organic,Wheatgrass Powder,7.95,Naturya,,5.3,,0,5060238480079,1,200,g,0,1,
855442,,1x475ml,,Detox - Liver and Gall Bladder,24.95,Microbz,,13.85,V,2.77,5061077800066,1,475,ml,2,1,700461859468
855446,,1x1l,,Simple - Only Beneficial Microbes,29.5,Microbz,,17.35,V,3.47,5061077800097,1,1,l,2,1,604565428462
855460,,4x50ml,,Basis Sensitive Roll-on Deodorant,9.75,Lavera,,21.65,V,4.33,4021457638871,4,50,ml,2,1,4021457723461
855462,,4x75ml,,Basis Sensitive Deodorant Spray,11.84,Lavera,,26.3,V,5.26,4021457613977,4,75,ml,2,1,4021457723584
855464,,4x75ml,,Hand Cream,5.85,Lavera,,13,V,2.6,4021457645046,4,75,ml,2,1,4021457726134
855499,,4x50ml,organic,Q10 Moisturising Face Cream - anti ageing,19.15,Lavera,,42.55,V,8.51,4021457638321,4,50,ml,2,1,4021457723058
855579,,20l,,Bulk Grapefruit & Orange Body Wash,,Faith in Nature,r,80.8,V,16.16,708002001673,,20,l,2,1,
855621,,5l,,Bodywash & Bubble Bath - Pink Grapefruit & Aloe,,Miniml,,20.3,V,4.06,5060588562067,,5,l,2,1,5060588562067
855623,,5l,,Anti-Bac Hand Soap - Sweet Clementine,,Miniml,,16.05,V,3.21,5060588562036,,5,l,2,1,5060588562036
855625,,6x400ml,,Anti-Bac Hand Soap - Sweet Clementine,3.2,Miniml,,11.2,V,2.24,5060588567215,6,400,ml,2,1,15060588567212
855626,,5l,,Hand Soap - Cucumber & Aloe,,Miniml,,16.05,V,3.21,5060588563545,,5,l,2,1,25060588563549
855628,,6x400ml,,Hand Soap - Cucumber & Aloe Vera,3.2,Miniml,,11.2,V,2.24,5060588567222,6,400,ml,2,1,15060588567229
855629,,6x400ml,,Balancing Shampoo - Pink Grapefruit & Aloe Vera,3.74,Miniml,,13.1,V,2.62,5060588567253,6,400,ml,2,1,15060588567250
855630,,5l,,Balancing Shampoo - Pink Grapefruit & Aloe,,Miniml,,21.4,V,4.28,5060588562050,,5,l,2,1,5060588562050
855632,,5l,,Balancing Conditioner - Pink Grapefruit & Aloe,,Miniml,,21.4,V,4.28,5060588562074,,5,l,2,1,5060588562074
855633,,6x400ml,,Balancing Conditioner - Pink Grapefruit & Aloe Vera,4.11,Miniml,,14.4,V,2.88,5060588567291,6,400,ml,2,1,15060588567298
855634,,6x400ml,,Bodywash & Bubblebath - Pink Grapefruit & Aloe Vera,3.67,Miniml,,12.85,V,2.57,5060588567338,6,400,ml,2,1,15060588567335
855641,,20l,,Anti-Bac Hand Soap - Sweet Clementine,,Miniml,,53.55,V,10.71,5060588561602,,20,l,2,1,5060588561602
855914,,6x250ml,,Hand Soap - Zero,2.93,Ecover,r,11,V,2.2,5412533418354,6,250,ml,2,1,5412533418361
855915,,6x250ml,,Hand Soap - Lavender & Aloe Vera,2.93,Ecover,r,11,V,2.2,5412533030051,6,250,ml,2,1,5412533030655
855920,,8x950ml,,Hand Soap - Lavender & Aloe Vera,8.99,Ecover,,44.95,V,8.99,5412533003703,8,950,ml,2,1,5412533427080
855925,,1x5l,,Hand Soap - Lavender & Aloe Vera,25.36,Ecover,r,15.85,V,3.17,5412533000313,1,5,l,2,1,
855926,,6x250ml,,Hand Soap - Citrus,2.93,Ecover,r,11,V,2.2,5412533001075,6,250,ml,2,1,5412533061079
855928,,8x950ml,,Hand Soap - Citrus,8.99,Ecover,,44.95,V,8.99,5412533426922,8,950,ml,2,1,5412533426939
855960,,14x20,organic,Cleansing Make-Up Removal Wipes,4.59,Natracare,,37.45,V,7.49,782126202024,14,20,,2,1,5019493202025
856564,,5l,,Bulk Fragrance Free Body Wash,,Faith in Nature,r,24,V,4.8,708002901973,,5,l,2,1,
857544,,1x75ml,organic,Sunscreen SPF 30 - metal tube,21.9,Odyskin,,12.15,V,2.43,5430002859002,1,75,ml,2,1,
857546,,1x75ml,organic,Sunscreen SPF 50 - metal tube,22.9,Odyskin,,12.7,V,2.54,5430002859019,1,75,ml,2,1,
857547,,1x1pack,organic,Tube Squeezing Key,4.9,Odyskin,,2.7,V,0.54,5430002859101,1,1,pack,2,1,
857548,,1x100ml,organic,After Sun Milk - glass jar,14.9,Odyskin,,8.25,V,1.65,5430002859040,1,100,ml,2,1,
857549,,1x25g,organic,Tinted Sunstick SPF50 - card tube,14.79,Odyskin,,8.2,V,1.64,5430002859026,1,25,g,2,1,5430002859026
857586,,1x260ml,,Violet Shampoo,13.99,Herbatint,,8.1,V,1.62,8016744807326,1,260,ml,2,1,
857588,,1x260ml,,Colour Safe Shampoo,10.96,Herbatint,,6.35,V,1.27,8016744807296,1,260,ml,2,1,
857589,,1x260ml,,Hydrate Shampoo,12.95,Herbatint,,7.5,V,1.5,8016744807319,1,260,ml,2,1,
857593,,1x200ml,,Royal Conditioner,12.69,Herbatint,,7.35,V,1.47,8016744807340,1,200,ml,2,1,
857594,,1x200ml,,Curly Conditioner,13.55,Herbatint,,7.85,V,1.57,8016744807364,1,200,ml,2,1,
857596,,1x200ml,,Hydrate Conditioner,13.55,Herbatint,,7.85,V,1.57,8016744807357,1,200,ml,2,1,
857605,,6x125g,,Olive Oil Soap,2.07,Oliva,,6.9,V,1.38,5201720030086,6,125,g,2,1,5201720001048
857607,,6x600g,,Bulk Olive Oil Soap,4.48,Oliva,,15,V,3,5201720030161,6,600,g,2,1,5018076200960
857608,,12x100g,,Olive Oil Soap with Aloe Vera,2.08,Oliva,,13.85,V,2.77,5201720003561,12,100,g,2,1,15201720003575
857609,,12x100g,,Olive Oil Soap with Tea Tree,2.08,Oliva,,13.85,V,2.77,5201720003585,12,100,g,2,1,15201720003599
857669,,1x50ml,organic,SPF15 Anti Ageing Facial Sun Cream,16.9,Organii,,9.4,V,1.88,5060358111020,1,50,ml,2,1,5060358111020
857671,,1x100ml,organic,SPF30 Sun Lotion,19.86,Organii,,11.05,V,2.21,5060358111013,1,100,ml,2,1,5060358111013
857674,,1x125ml,organic,SPF50 Sun Milk,27.79,Organii,,15.5,V,3.1,5060358111006,1,125,ml,2,1,5060358111006
857683,,1x130g,organic,Palestinian Natural Olive Oil Soap Bar,5.84,Rift Valley Farms,h,3.65,V,0.73,696168607030,1,130,g,2,1,696168607030
857684,,1x500ml,,Palestinian Olive Oil Body Soap -  Vanilla & Tobacco,10.56,Rift Valley Farms,h,6.6,V,1.32,696168607061,1,500,ml,2,1,696168607061
857685,,1x350ml,,Palestinian Olive Oil Liquid Hand Soap,9.36,Rift Valley Farms,h,5.85,V,1.17,696168607054,1,350,ml,2,1,696168607054
857931,,1x50g,organic,8 Mushroom 8:1 Extract Blend - pouch,18.99,Raw Living,,13.3,,0,5060116153927,1,50,g,0,1,5060116156607
857932,,1x50g,organic,Chaga Mushroom 10:1 Dual Extract - pouch,18.99,Raw Living,,13.3,,0,5060116151602,1,50,g,0,1,5060116156492
857933,,1x50g,organic,Cordyceps Mushroom 8:1 Extract - pouch,18.99,Raw Living,,13.3,,0,5060116151619,1,50,g,0,1,5060116156577
857934,,1x50g,organic,Lion's Mane Mushroom 8:1 Dual Extract - pouch,18.99,Raw Living,,13.3,,0,5060116151626,1,50,g,0,1,5060116156584
857935,,1x50g,organic,Reishi (Duanwood) Mushroom 13:1 Dual Extract - pouch,18.99,Raw Living,,13.3,,0,5060116151596,1,50,g,0,1,5060116156591
857938,,1x40g,organic,Shilajit Resin,39.99,Raw Living,,23,,0,5060116153644,1,40,g,0,1,5060116153644
857950,,1x1kg,,Goodnight Epsom Bath Salts - Pouch,9.45,Absolute Aromas,,5.25,V,1.05,800783448019,1,1,kg,2,1,800784480100
857952,,1x575g,,Goodnight Epsom Bath Salts - PET,6.27,Absolute Aromas,,3.5,V,0.7,800783448064,1,575,g,2,1,800783448064
857954,,1x1kg,,Mobility Epsom Bath Salts - Pouch,9.45,Absolute Aromas,,5.25,V,1.05,800783443014,1,1,kg,2,1,800783443014
857956,,1x575g,,Mobility Epsom Bath Salts - PET,6.27,Absolute Aromas,,3.5,V,0.7,800783443069,1,575,g,2,1,
857958,,1x1kg,,Relaxation Epsom Bath Salts - Pouch,9.45,Absolute Aromas,,5.25,V,1.05,800783441010,1,1,kg,2,1,
857960,,1x575g,,Relaxation Epsom Bath Salts - PET,6.27,Absolute Aromas,,3.5,V,0.7,800783441065,1,575,g,2,1,
857970,,6x30ml,,Skin Salvation 30ml,8.97,Balmonds,,30.05,V,6.01,50076659,6,30,ml,2,1,5060129420009
857971,,6x50ml,,Skin Salvation 50ml,15,Balmonds,,50.35,V,10.07,5060129420733,6,50,ml,2,1,5060129421457
857977,,6x120ml,,Skin Salvation 120ml,22,Balmonds,,73.8,V,14.76,50076864,6,120,ml,2,1,5060129420023
857978,,1x50ml,,Face the Day SPF 30 Sunscreen,24,Balmonds,,13.4,V,2.68,96214329,1,50,ml,2,1,
857979,,1x100ml,,Top to Toe SPF 30 Sunscreen,26.87,Balmonds,,15,V,3,5060129421556,1,100,ml,2,1,
857980,,1x200ml,,Bath & Body Oil - single,15,Balmonds,,8.4,V,1.68,96082348,1,200,ml,2,1,
857986,,1x30ml,,Intensive Facial Oil  - single,25,Balmonds,,13.95,V,2.79,5060129420603,1,30,ml,2,1,
857988,,1x125ml,,Omega Rich Cleansing Oil - single,16,Balmonds,,8.95,V,1.79,5060129421419,1,125,ml,2,1,5060129421419
857989,,1x125ml,,Gentle Facial Wash,16,Balmonds,,8.95,V,1.79,5060129421464,1,125,ml,2,1,5060129421464
857990,,1x50ml,,Scalp Oil  - single,16,Balmonds,,8.95,V,1.79,96119228,1,50,ml,2,1,
857991,,1x200ml,,Shampoo & Body Wash   single,22,Balmonds,,12.3,V,2.46,5060129420849,1,200,ml,2,1,
857992,,1x50ml,,Rosehip Scar Oil - single,20,Balmonds,,11.15,V,2.23,5060129420191,1,50,ml,2,1,
857993,,1x30ml,,Super 7 Serum,20,Balmonds,,11.15,V,2.23,5060129421426,1,30,ml,2,1,5060129421426
857995,,1x100ml,,Daily Moisturising Cream - single,16,Balmonds,,8.95,V,1.79,5060129420290,1,100,ml,2,1,
857997,,1x50ml,,Intensive Hand Cream - single,12,Balmonds,,6.7,V,1.34,96120460,1,50,ml,2,1,96120460
858091,,6x250ml,organic,Shampoo - Wild Lemongrass,7.25,Urtekram,,25.35,V,5.07,5701058006543,6,250,ml,2,1,15701058006540
858152,,12x72wipes,organic,Unfragranced Baby Wipes,4.99,Beaming Baby,,33.4,V,6.68,5060064440834,12,72,wipes,2,1,5060064440841
858240,,1x20ml,,Rosa Mosqueta Oil - small,13.97,Rio Amazon,,7.75,V,1.55,5021859050119,1,20,ml,2,1,
858242,,1x50ml,,Rosa Mosqueta Oil - large,26.85,Rio Amazon,,14.95,V,2.99,5021859050225,1,50,ml,2,1,
858245,,1x50ml,,Day & Night Cream - Rosa Mosqueta,18.76,Rio Amazon,,10.45,V,2.09,5021859002002,1,50,ml,2,1,
858271,,1x30ml,,Antioxidant Facial Oil - Rosa Mosqueta,28.57,Rio Amazon,,15.95,V,3.19,5021859003061,1,30,ml,2,1,
858292,,24x15ml,,Shade All-Natural Sunscreen - SPF 25 - mini,6.1,Shade,,85.45,V,17.09,,24,15,ml,2,1,712962187995
858295,,6x100ml,,Shade All-Natural Sunscreen - SPF 25,16.66,Shade,,58.3,V,11.66,795400279841,6,100,ml,2,1,
858580,,6x100ml,,Magnesium Oil Original Body Spray,14.95,BetterYou,,47.4,V,9.48,5060148520100,6,100,ml,2,1,5060148520117
858581,,6x100ml,,Magnesium Menopause Body Spray,14.95,BetterYou,,47.4,V,9.48,5060148524245,6,100,ml,2,1,5060148524276
858582,,6x100ml,,Magnesium Sleep Body Spray,14.95,BetterYou,,47.4,V,9.48,5060148520186,6,100,ml,2,1,5060148520193
858583,,6x135ml,,Magnesium Sleep Kids' Body Lotion,7.95,BetterYou,r,25.2,V,5.04,5060148522258,6,135,ml,2,1,5060148522319
858584,,6x1kg,,Magnesium Flakes,10.95,BetterYou,,34.6,V,6.92,5060148520339,6,1,kg,2,1,5060148520704
858585,,6x100ml,,Magnesium Sleep Kids’ Body Spray,7.95,BetterYou,r,25.2,V,5.04,5060148523705,6,100,ml,2,1,5060148523743
858586,,6x1kg,,Magnesium Flakes Sleep,10.95,BetterYou,,34.6,V,6.92,5060148522944,6,1,kg,2,1,5060148522951
858587,,6x1kg,,Magnesium Flakes Muscle,10.95,BetterYou,,34.6,V,6.92,5060148523194,6,1,kg,2,1,5060148523200
858588,,6x750g,,Magnesium Flakes Relax,8.45,BetterYou,,26.7,V,5.34,5060148523514,6,750,g,2,1,5060148523521
858589,,6x750g,,Magnesium Flakes Menopause,7,BetterYou,,22.15,V,4.43,5060148524238,6,750,g,2,1,5060148524252
858590,,6x750g,,Magnesium Sleep Kids’ Bath Flakes,7.95,BetterYou,r,25.2,V,5.04,5060148523781,6,750,g,2,1,5060148523798
858591,,6x100ml,,Magnesium Muscle Body Spray,14.94,BetterYou,,47.4,V,9.48,5060148522838,6,100,ml,2,1,5060148522845
858592,,6x100ml,,Magnesium Joint Body Spray,14.98,BetterYou,,47.4,V,9.48,5060148520315,6,100,ml,2,1,5060148520322
858659,,6x50ml,organic,Crystal Deodorant - Aloe Vera - roll-on,6.15,Urtekram,,21.5,V,4.3,5701058014869,6,50,ml,2,1,15701058014866
858663,,6x50ml,organic,Crystal Deodorant - Sensitive Skin - Fragrance Free - roll-on,5.9,Urtekram,,20.65,V,4.13,5701058011554,6,50,ml,2,1,15701058011551
858664,,6x50ml,organic,Crystal Deodorant - Lime - roll-on,6.15,Urtekram,,21.5,V,4.3,5701058014883,6,50,ml,2,1,15701058014880
858669,,6x50ml,organic,Crystal Deodorant - Rose - roll-on,6.15,Urtekram,,21.5,V,4.3,5701058104890,6,50,ml,2,1,15701058014897
858670,,6x250ml,organic,Rich Repair Shampoo - Nordic Berry,7.25,Urtekram,,25.35,V,5.07,5701058014784,6,250,ml,2,1,15701058014781
858671,,6x50ml,organic,Cream Deodorant - Coconut - roll-on,6.15,Urtekram,,21.5,V,4.3,5701058014876,6,50,ml,2,1,15701058014873
858673,,6x50ml,organic,Cream Deodorant - Soothing Lavender - roll-on,6.15,Urtekram,,21.5,V,4.3,5701058009865,6,50,ml,2,1,15701058009862
858674,,6x50ml,organic,Cream Deodorant - Wild Lemongrass - roll-on,6.15,Urtekram,,21.5,V,4.3,5701058011639,6,50,ml,2,1,15701058011636
858706,,6x180ml,organic,Conditioner - Aloe Vera - regenerating,6.25,Urtekram,,21.85,V,4.37,5765228839294,6,180,ml,2,1,15765228839291
858707,,6x180ml,organic,Intense Moisture Conditioner - Wild Lemongrass,6.85,Urtekram,,23.95,V,4.79,5701058006550,6,180,ml,2,1,15701058006557
858708,,6x180ml,organic,Rich Repair Conditioner - Nordic Berry,6.25,Urtekram,,21.85,V,4.37,5701058014777,6,180,ml,2,1,15701058014774
858709,,6x180ml,organic,Conditioner - Camomile - blond hair,6.25,Urtekram,,21.85,V,4.37,5765228839300,6,180,ml,2,1,15765228839307
858711,,6x180ml,organic,Conditioner - Coconut - normal hair,6.25,Urtekram,,21.85,V,4.37,5765228839102,6,180,ml,2,1,15765228839109
858714,,6x250ml,organic,Conditioner - Nettle  - anti dandruff,6.25,Urtekram,,21.85,V,4.37,5765228836163,6,250,ml,2,1,15765228836160
858716,,6x250ml,organic,Spray Conditioner - Rosemary  - fine hair,6.25,Urtekram,,21.85,V,4.37,5765228836156,6,250,ml,2,1,15765228836153
858719,,6x250ml,organic,Spray Conditioner - Tea Tree  - irritated scalp,6.25,Urtekram,,21.85,V,4.37,5701058013466,6,250,ml,2,1,15701058013463
858725,,6x250ml,organic,Shampoo - Aloe Vera - normal hair,7.25,Urtekram,,25.35,V,5.07,5765228837030,6,250,ml,2,1,15765228838034
858735,,6x250ml,organic,Shampoo - Camomile - blond hair,7.25,Urtekram,,25.35,V,5.07,5765228837122,6,250,ml,2,1,15765228837129
858737,,6x250ml,organic,Shampoo - Coconut - normal hair,7.25,Urtekram,,25.35,V,5.07,5765228837719,6,250,ml,2,1,15765228837716
858745,,6x250ml,organic,Shampoo - Nettle - anti dandruff,7.25,Urtekram,,25.35,V,5.07,5765228837177,6,250,ml,2,1,15765228837174
858750,,6x250ml,organic,Shampoo - Rasul - volume,7.25,Urtekram,,25.35,V,5.07,5765228837160,6,250,ml,2,1,15765228837167
858751,,6x250ml,organic,Sensitive Scalp Shampoo Fragrance Free,7.25,Urtekram,,25.35,V,5.07,5701058011608,6,250,ml,2,1,15701058011605
858755,,6x250ml,organic,Shampoo - Rose - normal hair,7.25,Urtekram,,25.35,V,5.07,5765228837009,6,250,ml,2,1,15765228837006
858760,,6x250ml,organic,Shampoo - Rosemary - fine hair,7.25,Urtekram,,25.35,V,5.07,5765228837153,6,250,ml,2,1,15765228837150
858762,,6x250ml,organic,Shampoo - Tea Tree - irritated scalp,7.25,Urtekram,,25.35,V,5.07,5765228837146,6,250,ml,2,1,
858852,,6x180ml,organic,Sensitive Scalp Conditioner Fragrance Free,6.85,Urtekram,,23.95,V,4.79,5701058011615,6,180,ml,2,1,15701058011612
858859,,6x180ml,organic,Conditioner - Rose - pure indulgement,6.25,Urtekram,,21.85,V,4.37,5765228839362,6,180,ml,2,1,15765228839369
858863,,6x500ml,organic,Shower Gel - Aloe Vera,10.52,Urtekram,,36.75,V,7.35,5765228837511,6,500,ml,2,1,15765228838324
858874,,6x200ml,organic,Body Wash - Soothing Lavender,8.2,Urtekram,,28.7,V,5.74,5701058006093,6,200,ml,2,1,15701058006090
858876,,6x200ml,organic,Sensitive Skin Body Wash Fragrance Free,8.2,Urtekram,,28.7,V,5.74,5701058011585,6,200,ml,2,1,15701058011582
858877,,6x100ml,organic,Aloe Vera Gel,7.74,Urtekram,,27.1,V,5.42,5765228838785,6,100,ml,2,1,15765228838782
858879,,6x300ml,organic,Sensitive Skin Hand Wash - Fragrance Free,6.99,Urtekram,,24.45,V,4.89,5701058011561,6,300,ml,2,1,15701058011568
858881,,6x500ml,organic,Shower Gel - Rose,10.52,Urtekram,,36.75,V,7.35,5765228837504,6,500,ml,2,1,15765228837501
858882,,6x200ml,organic,Hair & Body Wash - Men's,8.25,Urtekram,,28.85,V,5.77,5701058013046,6,200,ml,2,1,15701058013043
858883,,6x200ml,organic,Body Wash - Wild Lemongrass,8.2,Urtekram,,28.7,V,5.74,5701058006055,6,200,ml,2,1,15701058006052
858884,,6x200ml,organic,Creamy Body Wash - Nordic Berry,8.35,Urtekram,,29.2,V,5.84,5701058014746,6,200,ml,2,1,15701058014743
858886,,6x500ml,organic,Creamy Body Wash - Nordic Berry,10.5,Urtekram,,36.75,V,7.35,5701058014753,6,500,ml,2,1,15701058014750
858961,,1x1jar,organic,Turmeric  & Black Pepper  - 60 capsules,12.07,Taka Turmeric,,6.7,V,1.34,5060514450062,1,1,jar,2,1,
858962,,1x1jar,organic,Turmeric  & Black Pepper  - 120 capsules,17.94,Taka Turmeric,,10,V,2,700461533450,1,1,jar,2,1,
858963,,1x1jar,organic,Joint Care  - 90 capsules,20,Taka Turmeric,,11.15,V,2.23,5060514450154,1,1,jar,2,1,
858964,,1x1jar,organic,Immune Support - 90 capsules,19.97,Taka Turmeric,,11.15,V,2.23,5060514450147,1,1,jar,2,1,15060514450144
859056,,6x56g,,Hemp Moisturiser - Mandarin & Grapefruit,9.99,Yaoh,,33.5,V,6.7,96169315,6,56,g,2,1,5060045572134
859058,,6x56g,,Hemp Moisturiser - Tea Tree,9.99,Yaoh,,33.5,V,6.7,96169308,6,56,g,2,1,5060045572158
859060,,6x240ml,,Hemp Shower Gel,9.99,Yaoh,,33.5,V,6.7,5060045570031,6,240,ml,2,1,5060045572066
859065,,6x56g,,Hemp Moisturiser - Original,9.99,Yaoh,,33.5,V,6.7,50512317,6,56,g,2,1,5060045572103
859067,,6x56g,,Hemp Healing Salve,9.99,Yaoh,,33.5,V,6.7,50512324,6,56,g,2,1,5060045572127
859071,,6x200ml,,Hemp Sunblock 25,19.09,Yaoh,h,64,V,12.8,5060045570161,6,200,ml,2,1,5060045572189
859085,,36x4g,,Lip Balm Mix (of up to 9 flavours),3.98,Yaoh,,80.15,V,16.03,,36,4,g,2,1,
859086,,6x500ml,organic,Maximum Shine Shampoo - Soothing Lavender,11.99,Urtekram,,41.95,V,8.39,5701058011295,6,500,ml,2,1,1570105801129
859096,,6x500ml,organic,Body Wash - Soothing Lavender,10.5,Urtekram,,36.75,V,7.35,5701058012322,6,500,ml,2,1,15701058012329
859097,,6x50ml,organic,Cream Deodorant - Men's - roll-on,7.99,Urtekram,,27.95,V,5.59,5701058013619,6,50,ml,2,1,15701058013616
859102,,6x300ml,organic,Hand Wash - Wild Lemongrass,6.99,Urtekram,,24.45,V,4.89,5701058006024,6,300,ml,2,1,15701058006021
859103,,12x100g,organic,Soap Bar - Aloe Vera,4.49,Urtekram,,31.4,V,6.28,5701058014906,12,100,g,2,1,15701058014903
859105,,6x75ml,organic,Hand Cream - Aloe Vera,5.61,Urtekram,,19.6,V,3.92,5765228837689,6,75,ml,2,1,15765228838515
859108,,12x100g,organic,Soap Bar - Fragrance Free,4.49,Urtekram,,31.4,V,6.28,5701058014920,12,100,g,2,1,15701058014927
859109,,12x100g,organic,Soap Bar - Rose,4.49,Urtekram,,31.4,V,6.28,5701058014913,12,100,g,2,1,15701058014910
859111,,6x75ml,organic,Hand Cream - Wild Lemongrass,5.79,Urtekram,,20.25,V,4.05,5701058006031,6,75,ml,2,1,15701058006038
859114,,6x200ml,organic,Nourishing Body Cream - Nordic Berry,8.55,Urtekram,,29.9,V,5.98,5701058014739,6,200,ml,2,1,15701058014736
859115,,6x75ml,organic,Foot Cream - Aloe Vera,5.49,Urtekram,,19.2,V,3.84,5765228838969,6,75,ml,2,1,15765228838966
859116,,8x50ml,organic,Moisturising Day Cream - Wild Lemongrass,13.49,Urtekram,,62.95,V,12.59,5701058010137,8,50,ml,2,1,15701058010134
859117,,8x50ml,organic,Moisturising Night Cream - Wild Lemongrass,13.99,Urtekram,,65.25,V,13.05,5701058011653,8,50,ml,2,1,15701058011650
859118,,6x150ml,organic,Refreshing Cleansing Gel - Wild Lemongrass,12.49,Urtekram,,43.7,V,8.74,5701058010120,6,150,ml,2,1,15701058010127
859119,,6x250ml,organic,Refreshing Micellar Water - Wild Lemongrass,9.29,Urtekram,,32.5,V,6.5,5701058012124,6,250,ml,2,1,15701058012121
859120,,6x245ml,organic,Sensitive Skin Body Lotion Fragrance Free,8.9,Urtekram,,31.15,V,6.23,5701058011592,6,245,ml,2,1,15701058011599
859121,,6x245ml,organic,Body Lotion - Soothing Lavender,8.9,Urtekram,,31.15,V,6.23,5701058006086,6,245,ml,2,1,15701058006083
859122,,6x245ml,organic,Body Lotion - Wild Lemongrass,8.9,Urtekram,,31.15,V,6.23,5701058006048,6,245,ml,2,1,15701058006045
859123,,6x75ml,organic,Hand Cream - Soothing Lavender,5.81,Urtekram,,20.3,V,4.06,5701058006079,6,75,ml,2,1,15701058006076
859124,,6x75ml,organic,Sensitive Skin Hand Cream - Fragrance Free,5.81,Urtekram,,20.3,V,4.06,5701058011578,6,75,ml,2,1,15701058011575
859125,,6x245ml,organic,Body Lotion - Coconut,8.94,Urtekram,,31.3,V,6.26,5765228837870,6,245,ml,2,1,15765228837877
859129,,6x75ml,organic,Face Cream - Men's,8.99,Urtekram,,31.45,V,6.29,5701058013053,6,75,ml,2,1,15701058013050
859131,,6x245ml,organic,Body Lotion - Rose,8.94,Urtekram,,31.3,V,6.26,5765228837252,6,245,ml,2,1,1576522883725
859133,,6x150ml,organic,Face Wash - Men's,8.99,Urtekram,,31.45,V,6.29,5701058013091,6,150,ml,2,1,15701058013098
859134,,6x250ml,organic,Maximum Shine Shampoo - Soothing Lavender,7.25,Urtekram,,25.35,V,5.07,5701058006567,6,250,ml,2,1,15701058006564
859135,,6x500ml,organic,Shampoo - Wild Lemongrass,11.99,Urtekram,,41.95,V,8.39,5701058011288,6,500,ml,2,1,1570105801128
859136,,6x180ml,organic,Maximum Shine Conditioner - Soothing Lavender,6.85,Urtekram,,23.95,V,4.79,5701058006574,6,180,ml,2,1,15701058006571
859137,,6x500ml,organic,Body Wash - Wild Lemongrass,10.5,Urtekram,,36.75,V,7.35,5701058012483,6,500,ml,2,1,15701058012480
859138,,6x300ml,organic,Handwash - Soothing Lavender,6.99,Urtekram,,24.45,V,4.89,5701058006062,6,300,ml,2,1,15701058006069
859139,,6x500ml,organic,Sensitive Scalp Shampoo Fragrance Free,11.99,Urtekram,,41.95,V,8.39,5701058011943,6,500,ml,2,1,1570105801194
859141,,1x1tin,,Travel Soap Tin - Single Size,4.72,Alter-Native by Suma,,2.95,V,0.59,5017601048817,1,1,tin,2,1,5017601045526
859142,,6x95g,,Coconut Milk & Ylang Ylang - boxed soap,3.65,Alter-Native by Suma,,13.7,V,2.74,5017601039297,6,95,g,2,1,5017601039280
859143,,6x95g,,Cinnamon & Orange - boxed soap,3.65,Alter-Native by Suma,,13.7,V,2.74,5017601039273,6,95,g,2,1,5017601039266
859144,,6x95g,,Lemongrass & Chamomile - boxed soap,3.65,Alter-Native by Suma,,13.7,V,2.74,5017601039174,6,95,g,2,1,5017601039167
859145,,6x95g,,Grapefruit & Mandarin - boxed soap,3.65,Alter-Native by Suma,,13.7,V,2.74,5017601039259,6,95,g,2,1,5017601039242
859146,,6x95g,,Patchouli & Hemp - boxed soap,3.65,Alter-Native by Suma,,13.7,V,2.74,5017601039358,6,95,g,2,1,5017601039341
859147,,6x500ml,organic,Sensitive Skin Body Wash Fragrance Free,10.5,Urtekram,,36.75,V,7.35,5701058012339,6,500,ml,2,1,1570105801233
859148,,6x95g,,Rose & Geranium - boxed soap,3.65,Alter-Native by Suma,,13.7,V,2.74,5017601039334,6,95,g,2,1,5017601039327
859149,,6x95g,,Tea Tree & Eucalyptus - boxed soap,3.65,Alter-Native by Suma,,13.7,V,2.74,5017601039198,6,95,g,2,1,5017601039181
859153,,6x95g,,Lavender & Geranium Shampoo Bar,3.73,Alter-Native by Suma,,14,V,2.8,5017601043096,6,95,g,2,1,5017601043089
859156,,6x90g,,Patchouli & Sandalwood Glycerine Shampoo Bar,4.25,Alter-Native by Suma,,15.95,V,3.19,5017601043195,6,90,g,2,1,5017601043188
859158,,6x95g,,Rose & Geranium Shampoo Bar,3.73,Alter-Native by Suma,,14,V,2.8,5017601043119,6,95,g,2,1,5017601043102
859160,,12x90g,,Grapefruit & Aloe Vera Glycerine Soap,2.29,Alter-Native by Suma,,17.2,V,3.44,5017601027348,12,90,g,2,1,5017601027348
859161,,1x1tin,,Travel Soap Tin - Double Size,6.8,Alter-Native by Suma,,4.25,V,0.85,5017601050575,1,1,tin,2,1,5017601050568
859162,,12x90g,,Hemp Oil & Vitamin E Glycerine Soap,2.29,Alter-Native by Suma,,17.2,V,3.44,5017601027379,12,90,g,2,1,5017601027362
859163,,1x1tin,,Travel Soap Tin - Round,4.72,Alter-Native by Suma,,2.95,V,0.59,5017601048831,1,1,tin,2,1,5017601048824
859164,,12x90g,,Rose & Geranium Glycerine Soap,2.29,Alter-Native by Suma,,17.2,V,3.44,5017601027331,12,90,g,2,1,5017601027324
859166,,12x90g,,White Lavender Glycerine Soap,2.29,Alter-Native by Suma,,17.2,V,3.44,5017601027300,12,90,g,2,1,5017601027300
859168,,6x90g,,Coffee & Cedarwood Glycerine Soap,3.47,Alter-Native by Suma,,13,V,2.6,5017601042853,6,90,g,2,1,5017601042846
859170,,6x90g,,Hemp & Jasmine Musk Glycerine Soap,3.47,Alter-Native by Suma,,13,V,2.6,5017601042822,6,90,g,2,1,5017601042822
859172,,6x90g,,Coconut & Argan Glycerine Soap,3.47,Alter-Native by Suma,,13,V,2.6,5017601042921,6,90,g,2,1,5017601042921
859174,,6x90g,,Lavender & Geranium Glycerine Soap,3.47,Alter-Native by Suma,,13,V,2.6,5017601042907,6,90,g,2,1,5017601042907
859176,,6x90g,,Patchouli & Sandalwood Glycerine Soap,3.47,Alter-Native by Suma,,13,V,2.6,5017601042884,6,90,g,2,1,5017601042884
859178,,6x90g,,Coconut & Argan Oil Glycerine Shampoo Bar,4.25,Alter-Native by Suma,,15.95,V,3.19,5017601043218,6,90,g,2,1,5017601043201
859179,,6x90g,,Pink Grapefruit & Aloe Glycerine Soap,3.47,Alter-Native by Suma,,13,V,2.6,5017601042969,6,90,g,2,1,5017601042969
859181,,6x90g,,Rose & Geranium Glycerine Soap,3.47,Alter-Native by Suma,,13,V,2.6,5017601042945,6,90,g,2,1,5017601042945
859184,,6x90g,,Tea Tree & Aloe Glycerine Soap,3.47,Alter-Native by Suma,,13,V,2.6,5017601042860,6,90,g,2,1,5017601042860
859188,,1x30ml,,Almond Oil Daily Hand Cream,4.95,Ben & Anna,,2.75,V,0.55,4260491221995,1,30,ml,2,1,
859189,,1x30ml,,Avocado Oil Intensive Hand Cream,4.95,Ben & Anna,,2.75,V,0.55,4260491222008,1,30,ml,2,1,
859191,,1x40g,,Cocoa Mania Deodorant  - paper tube,7.39,Ben & Anna,,4.15,V,0.83,4260491222213,1,40,g,2,1,
859193,,1x40g,,Green Fusion Deodorant  - paper tube,7.39,Ben & Anna,,4.15,V,0.83,4260491222220,1,40,g,2,1,
859195,,1x40g,,Mint Deodorant  - paper tube,7.39,Ben & Anna,,4.15,V,0.83,4260491222244,1,40,g,2,1,
859197,,1x40g,,Persian Lime Deodorant  - paper tube,7.39,Ben & Anna,,4.15,V,0.83,4260491222275,1,40,g,2,1,
859199,,1x60g,,Lemongrass Shampoo Bar,6.9,Ben & Anna,,3.85,V,0.77,4260491222015,1,60,g,2,1,
859201,,1x60g,,Oriental Magic Shower & Shampoo Bar,6.9,Ben & Anna,,3.85,V,0.77,4260491222022,1,60,g,2,1,
859203,,1x60g,,Very Berry Conditioner Bar,6.9,Ben & Anna,,3.85,V,0.77,4260491222039,1,60,g,2,1,
859204,,1x60g,,Elmwood Shower Shampoo Bar,6.9,Ben & Anna,,3.85,V,0.77,4260491222046,1,60,g,2,1,
859205,,5x75ml,,Sensitive Gentle Milk Cleanser - vegan,13.42,Weleda,,39.15,V,7.83,3596200080319,5,75,ml,2,1,
859206,,1x40g,,Pink Grapefruit Deodorant  - paper tube,7.39,Ben & Anna,,4.15,V,0.83,4260491222282,1,40,g,2,1,
859207,,1x40g,,Urban Black Deodorant  - paper tube,7.39,Ben & Anna,,4.15,V,0.83,4260491222237,1,40,g,2,1,
859208,,1x40g,,Deocreme - Green Balance - poly potato sphere,8.81,Ben & Anna,,4.95,V,0.99,42260491223364,1,40,g,2,1,4260491223364
859209,,1x40g,,Deocreme - Love Me - poly potato sphere,8.81,Ben & Anna,,4.95,V,0.99,4260491223357,1,40,g,2,1,4260491223357
859210,,6x30ml,,Sensitive Soothing Moisturiser,19.89,Weleda,,69.65,V,13.93,3596200086007,6,30,ml,2,1,
859211,,8x6g,,Lip Balm Pure,4.95,Ben & Anna,,22,V,4.4,4260491223463,8,6,g,2,1,4260491223647
859212,,8x6g,,Lip Balm Raspberry,4.95,Ben & Anna,,22,V,4.4,4260491222152,8,6,g,2,1,4260491223661
859214,,1x40g,,Sensitive Highland Breeze Deodorant - paper tube,8.28,Ben & Anna,,4.65,V,0.93,4260491222947,1,40,g,2,1,4260491222947
859215,,6x30ml,,Sensitive Soothing Moisturiser Light,19.89,Weleda,,69.65,V,13.93,3596200086885,6,30,ml,2,1,
859216,,1x40g,,Sensitive Lemon & Lime Deodorant - paper tube,8.28,Ben & Anna,,4.65,V,0.93,4260491222930,1,40,g,2,1,4260491222930
859217,,1x40g,,Sensitive Cherry Blossom Deodorant - paper tube,8.28,Ben & Anna,,4.65,V,0.93,4260491222954,1,40,g,2,1,4260491222954
859220,,1x50ml,,Sensitive Recovery Facial Oil (single),23.89,Weleda,,13.95,V,2.79,3596200093616,1,50,ml,2,1,
859242,,1x100ml,,Wild Rose Body Oil (single),29.95,Weleda,,17.45,V,3.49,4001638099394,1,100,ml,2,1,
859243,,6x100ml,,Wild Rose Deodorant Spray,15.95,Weleda,,55.8,V,11.16,4001638088084,6,100,ml,2,1,4001638088084
859260,,1x200ml,,Lavender Relaxing Bath Milk (single),16.87,Weleda,,9.85,V,1.97,4001638098250,1,200,ml,2,1,
859266,,6x200ml,organic,Refresh Citrus Body Wash,12.5,Weleda,,43.8,V,8.76,7611916124501,6,200,ml,2,1,
859276,,6x200ml,organic,Vitality Shower Cream Sea Buckthorn,12.5,Weleda,,43.8,V,8.76,7611916124518,6,200,ml,2,1,
859285,,6x50ml,,Sea Buckthorn Hand Cream,13.51,Weleda,,47.25,V,9.45,3596200097492,6,50,ml,2,1,
859290,,5x75ml,,Skin Food - large,18.29,Weleda,,53.3,V,10.66,4001638098595,5,75,ml,2,1,
859295,,6x30ml,,Skin Food - small,9.5,Weleda,,33.25,V,6.65,4001638098649,6,30,ml,2,1,
859305,,6x100ml,,Citrus Deodorant - Spray - Vegan,12.5,Weleda,,43.75,V,8.75,4001638097079,6,100,ml,2,1,
859310,,6x100ml,,Sage Deodorant - Spray - Vegan,12.5,Weleda,,43.75,V,8.75,4001638099271,6,100,ml,2,1,
859315,,6x50ml,,Calendula Face Cream,10.51,Weleda,,36.75,V,7.35,4001638096614,6,50,ml,2,1,4001638896610
859325,,6x200ml,,Calendula Lotion,11.95,Weleda,,41.8,V,8.36,4001638096539,6,200,ml,2,1,4001638896535
859330,,6x75ml,,Calendula Nappy Change Cream,7.73,Weleda,,27.1,V,5.42,4001638098311,6,75,ml,2,1,4001638898317
859335,,6x200ml,,Calendula Oil - Vegan,11.94,Weleda,,41.8,V,8.36,4001638096560,6,200,ml,2,1,4001638896566
859340,,6x200ml,,Calendula Shampoo & Bodywash - Vegan,8.25,Weleda,,28.85,V,5.77,4001638096515,6,200,ml,2,1,4001638896511
859345,,6x30ml,,Calendula Weather Protection Cream,9.76,Weleda,,34.1,V,6.82,4001638096638,6,30,ml,2,1,4001638896634
859347,,3x1pack,,Beech Wood Hair Brush - rounded wooden pins,17.6,Anaé,,33,V,6.6,3760138832733,3,1,pack,2,1,
859348,,5x1pack,,Wood Comb with Fine & Coarse teeth,14.91,Anaé,,46.6,V,9.32,4260083684054,5,1,pack,2,1,
859349,,3x1pack,,Pear Wood Soft Brush - Agave Bristles,18.75,Anaé,,35.15,V,7.03,3760138832528,3,1,pack,2,1,
859350,,5x2pack,organic,Heavy Flow Cotton Washable Sanitary Towels - Flower,17.89,Anaé,,62.6,,0,3760138831965,5,2,pack,0,1,3760138841674
859354,,5x2pack,organic,Medium Flow Cotton Washable Sanitary Towels - Circles,17.31,Anaé,,60.6,,0,3760138840233,5,2,pack,0,1,3760138841728
859358,,5x2pack,organic,Light Flow Cotton Washable Sanitary Towels - Hibiscus,16.93,Anaé,,59.25,,0,3760138840196,5,2,pack,0,1,3760138841681
859359,,6x12pack,,Heavy Pads 290mm - 12 with wings,2.74,Cheeky Panda,,12.35,,0,5060561631537,6,12,pack,0,1,25060561631531
859360,,6x15pack,,Light Pads 240mm - 15 with wings,2.74,Cheeky Panda,,12.35,,0,5060561631520,6,15,pack,0,1,25060561631524
859361,,6x10pack,,Night Pads 350mm - 10 with wings,2.74,Cheeky Panda,,12.35,,0,5060561631544,6,10,pack,0,1,25060561631548
859362,,6x18pack,,Panty Liners 155mm - 18 liners,2.28,Cheeky Panda,,10.25,,0,5060561631513,6,18,pack,0,1,25060561631517
859405,,6x75ml,,Shaving Cream,9.95,Weleda,,34.85,V,6.97,3596206289112,6,75,ml,2,1,4001638898805
859410,,1x100ml,,After Shave Balm (single),12.95,Weleda,,7.55,V,1.51,3596204526172,1,100,ml,2,1,
859480,,6x50ml,,Pomegranate Regenerating Hand Cream,14.87,Weleda,,52.05,V,10.41,4001638088459,6,50,ml,2,1,
859485,,1x100ml,,Pomegranate Regenerating Body Oil - single,28.95,Weleda,,16.9,V,3.38,4001638088473,1,100,ml,2,1,
859488,,6x500ml,,Body Wash - Fragrance Free,3.57,Bio-D,,12.85,V,2.57,5034938060046,6,500,ml,2,1,5034938060046
859489,,1x5l,,Body Wash - Fragrance Free,25.25,Bio-D,,15.15,V,3.03,5034938500405,1,5,l,2,1,5034938040260
859490,,12x1l,,Bubble Bath - Fragrance Free,4.88,Bio-D,,35.15,V,7.03,5034938100469,12,1,l,2,1,5034938120085
859492,,20l,,Cleansing Hand Wash Geranium & Grapefruit,,Bio-D,,54.25,V,10.85,5034938020163,,20,l,2,1,5034938020163
859493,,1x5l,,Cleansing Hand Wash Fragrance Free,20.76,Bio-D,,11.8,V,2.36,5034938500030,1,5,l,2,1,
859494,,1x5l,,Cleansing Hand Wash Geranium & Grapefruit,24.63,Bio-D,,14,V,2.8,5034938100391,1,5,l,2,1,5034938450038
859495,,6x500ml,,Cleansing Hand Wash Fragrance Free,4.79,Bio-D,,16.15,V,3.23,5034938500016,6,500,ml,2,1,5034938560010
859496,,6x500ml,,Cleansing Hand Wash Geranium & Grapefruit,5.04,Bio-D,,17.2,V,3.44,5034938100377,6,500,ml,2,1,5034938560034
859497,,6x500ml,,Cleansing Hand Wash Lime & Aloe Vera,5.04,Bio-D,,17.2,V,3.44,5034938500023,6,500,ml,2,1,5034938560027
859498,,1x5l,,Cleansing Hand Wash Lime & Aloe Vera,24.63,Bio-D,,14,V,2.8,5034938500047,1,5,l,2,1,
859501,,20l,,Cleansing Hand Wash Fragrance Free,,Bio-D,,45.75,V,9.15,5034938020095,,20,l,2,1,
859504,,20l,,Cleansing Hand Wash Lime & Aloe Vera,,Bio-D,,54.25,V,10.85,5034938020101,,20,l,2,1,5034938020101
859506,,6x90g,,Lime & Aloe Vera Naked Soap Bar,2.9,Bio-D,,10.45,V,2.09,5034938500214,6,90,g,2,1,
859507,,20x90g,,Lime & Aloe Vera Boxed Soap Bar,3.19,Bio-D,,38.25,V,7.65,5034938500252,20,90,g,2,1,5034938302375
859508,,6x90g,,Mandarin Naked Soap Bar,2.9,Bio-D,,10.45,V,2.09,5034938500238,6,90,g,2,1,5034938500238
859509,,20x90g,,Mandarin Boxed Soap Bar,3.19,Bio-D,,38.25,V,7.65,5034938500269,20,90,g,2,1,5034938302382
859511,,6x90g,,Plum & Mulberry Naked Soap Bar,2.9,Bio-D,,10.45,V,2.09,5034938500221,6,90,g,2,1,5034938500221
859512,,6x500ml,,Cleansing Hand Wash Plum & Mulberry,5.04,Bio-D,,17.2,V,3.44,5034938100490,6,500,ml,2,1,5034938560058
859513,,1x5l,,Cleansing Hand Wash Plum & Mulberry,24.63,Bio-D,,14,V,2.8,5034938500160,1,5,l,2,1,
859517,,6x500ml,,Cleansing Hand Wash Rhubarb,5.06,Bio-D,,17.25,V,3.45,5034938100599,6,500,ml,2,1,5034938600013
859519,,1x5l,,Cleansing Hand Wash Rhubarb,24.55,Bio-D,,13.95,V,2.79,5034938500320,1,5,l,2,1,5034938450199
859521,,6x750g,,Dead Sea Salt - pouch,6.19,Zaytoun,,23.2,V,4.64,5060324010357,6,750,g,2,1,5060324010364
859522,,12x100g,,Honey Olive Oil Soap Bar,4.35,Zaytoun,,32.6,V,6.52,5060324010104,12,100,g,2,1,5060324010487
859523,,12x100g,,Lemon Olive Oil Soap Bar,4.35,Zaytoun,,32.6,V,6.52,5060324010036,12,100,g,2,1,5060324010494
859525,,12x100g,,Pure Olive Oil Soap Bar,4.35,Zaytoun,,32.6,V,6.52,5060324010029,12,100,g,2,1,5060324010067
859527,,12x100g,,Rose Olive Oil Soap Bar,4.35,Zaytoun,,32.6,V,6.52,5060324010043,12,100,g,2,1,5060324010470
859528,,12x100g,,Sage Olive Oil Soap Bar,4.35,Zaytoun,,32.6,V,6.52,5060324010456,12,100,g,2,1,5060324010098
859529,,1x400g,,Olive Oil Soap Bar Collection - 4 bars,17.35,Zaytoun,,10.85,V,2.17,5060324010463,1,400,g,2,1,5060324010111
859531,,6x500ml,,Hair Conditioner - Fragrance Free,3.81,Bio-D,,13.7,V,2.74,5034938050030,6,500,ml,2,1,5034938060039
859533,,1x5l,,Hair Conditioner - Fragrance Free,26.08,Bio-D,,15.65,V,3.13,5034938500399,1,5,l,2,1,5034938040253
859535,,6x500ml,,Shampoo - Fragrance Free,3.79,Bio-D,,13.65,V,2.73,5034938050023,6,500,ml,2,1,5034938060022
859536,,1x5l,,Shampoo - Fragrance Free,25.92,Bio-D,,15.55,V,3.11,5034938500382,1,5,l,2,1,5034938040246
859569,,12x1,,Premium Medium Mixed Pack Toothbrushes - blue & natural,4.1,Hydrophil,,30.6,V,6.12,4260397793916,12,1,,2,1,4260397793930
859570,,12x1,,Premium Soft Mixed Pack Toothbrushes - blue & natural,4.1,Hydrophil,,30.6,V,6.12,4260397793879,12,1,,2,1,4260397793893
859572,,12x1,,Toothbrush Case - Bamboo,9.22,Hydrophil,,69,V,13.8,4260397791288,12,1,,2,1,4260397791356
859573,,12x2pack,,Kids Red Hippo Bamboo Toothbrush - Soft double pack,4.1,Hydrophil,,30.6,V,6.12,4260397794241,12,2,pack,2,1,4260397794258
859574,,12x2pack,,Kids Blue Otter Bamboo Toothbrush - Soft double pack,4.1,Hydrophil,,30.6,V,6.12,4260397794227,12,2,pack,2,1,4260397794234
859580,,10x6pack,,Interdental brush 0.4 mm ISO 0,4,Hydrophil,,25,V,5,4260397792094,10,6,pack,2,1,4260397792100
859581,,10x6pack,,Interdental brush 0.45 mm ISO 1,4,Hydrophil,,25,V,5,4260397792117,10,6,pack,2,1,4260397792124
859585,,10x20,,Bamboo Dental Floss Picks,4,Hydrophil,,25,V,5,4260397793091,10,20,,2,1,4260397793084
859586,,1x300g,,Bathsalts - Cornflower,7.92,Ben & Anna,,4.4,V,0.88,4260491223722,1,300,g,2,1,4260491223722
859587,,1x300g,,Bathsalts - Lavender,7.92,Ben & Anna,,4.4,V,0.88,4260491223739,1,300,g,2,1,4260491223739
859589,,1x300g,,Bathsalts - Rose,7.92,Ben & Anna,,4.4,V,0.88,4260491223746,1,300,g,2,1,4260491223746
859590,,1x250ml,,Shower Gel - Berry Infusion - alu bottle,6.94,Ben & Anna,,3.85,V,0.77,4260491223821,1,250,ml,2,1,4260491223821
859591,,1x250ml,,Shower Gel - Blue Lagoon - alu bottle,6.94,Ben & Anna,,3.85,V,0.77,4260491223838,1,250,ml,2,1,4260491223838
859592,,1x250ml,,Shower Gel - Magnolia Breeze - alu bottle,6.94,Ben & Anna,,3.85,V,0.77,4260491223845,1,250,ml,2,1,4260491223845
861400,,1x1,,Natural Beech Toothbrush - Soft,3.34,Georganics,,1.95,V,0.39,5060480200531,1,1,,2,1,
861404,,1x1,,Natural Beech Toothbrush - Medium,3.34,Georganics,,1.95,V,0.39,5060480200524,1,1,,2,1,
861408,,1x1,,Natural Beech Toothbrush - Firm,3.34,Georganics,,1.95,V,0.39,5060480200906,1,1,,2,1,
861412,,1x1,,Kid's Beech Toothbrush - Soft,3.34,Georganics,,1.95,V,0.39,5060480200753,1,1,,2,1,
861414,,1x1,,Bamboo Toothpaste Spatula,0.86,Georganics,,0.5,V,0.1,5060480201125,1,1,,2,1,
861480,,12x100ml,,Aloe Tea Tree - Fennel - Fluoride Free,3.89,Kingfisher,,29.2,V,5.84,5016912212894,12,100,ml,2,1,501691299995
861484,,12x100ml,,Charcoal Whitening - Fluoride Free,3.89,Kingfisher,,29.2,V,5.84,5016912212924,12,100,ml,2,1,5016912999016
861486,,12x100ml,,Aloe Tea Tree - Mint - Fluoride Free,3.89,Kingfisher,,29.2,V,5.84,5016912212900,12,100,ml,2,1,5016912999962
861488,,12x100ml,,Children's Strawberry Toothpaste - Fluoride Free,3.89,Kingfisher,,29.2,V,5.84,5016911311208,12,100,ml,2,1,50169150005800
861490,,12x100ml,,Fluoride Free Baking Soda Mint,3.89,Kingfisher,,29.2,V,5.84,5016912212917,12,100,ml,2,1,5016912999948
861506,,12x100ml,,Mint with fluoride,3.89,Kingfisher,,29.2,V,5.84,5016912054531,12,100,ml,2,1,501691299998
861517,,12x100ml,,Fennel with fluoride,3.89,Kingfisher,,29.2,V,5.84,5016912061140,12,100,ml,2,1,5016912999924
861528,,12x100ml,,Fluoride Free Fennel,3.89,Kingfisher,,29.2,V,5.84,5016912212870,12,100,ml,2,1,5016912999979
861529,,12x100ml,,Fluoride Free Mint,3.89,Kingfisher,,29.2,V,5.84,5016912051158,12,100,ml,2,1,5016912999917
861542,,6x95g,,Activated Charcoal Detox Soap Bar,2.99,Alter-Native by Suma,r,11.2,V,2.24,5017601043072,6,95,g,2,1,5017601043065
861544,,6x95g,,Coffee & Cedarwood Shaving Soap Bar,2.92,Alter-Native by Suma,r,10.95,V,2.19,5017601043058,6,95,g,2,1,5017601043041
861549,,1x8pack,,Assorted Toothbrushes,20.96,Jack N'Jill,r,13.1,V,2.62,9312657201107,1,8,pack,2,1,29312657201101
861550,,6x50g,,Banana Toothpaste,3.61,Jack N'Jill,r,13.55,V,2.71,9312657008010,6,50,g,2,1,29312657008014
861551,,6x50g,,Berries & Cream Toothpaste,3.61,Jack N'Jill,r,13.55,V,2.71,9312657108048,6,50,g,2,1,29312657108042
861552,,6x50g,,Bubblegum Toothpaste,3.61,Jack N'Jill,r,13.55,V,2.71,9312657108031,6,50,g,2,1,29312657108035
861553,,6x50g,,Flavour Free Toothpaste,3.61,Jack N'Jill,r,13.55,V,2.71,,6,50,g,2,1,
861554,,6x50g,,Milkshake Toothpaste,3.61,Jack N'Jill,r,13.55,V,2.71,9312657011096,6,50,g,2,1,29312657011090
861555,,6x50g,,Blackcurrant Toothpaste,3.61,Jack N'Jill,r,13.55,V,2.71,9312657011010,6,50,g,2,1,29312657011014
861560,,6x50g,,Blueberry Toothpaste,3.61,Jack N'Jill,r,13.55,V,2.71,9312657010013,6,50,g,2,1,29312657010017
861565,,6x50g,,Raspberry Toothpaste,3.61,Jack N'Jill,r,13.55,V,2.71,9312657007013,6,50,g,2,1,29312657007017
861570,,6x50g,,Strawberry Toothpaste,3.61,Jack N'Jill,r,13.55,V,2.71,9312657009017,6,50,g,2,1,29312657009011
861705,,6x50ml,,Natural Toothpaste,3.6,Sarakan,,13.5,V,2.7,5000477897085,6,50,ml,2,1,5000477897061
861710,,6x300ml,,Mouthfresh Rinse,4.87,Sarakan,,18.25,V,3.65,5000477955082,6,300,ml,2,1,5000477955068
861725,,6x500ml,organic,Aloe Mouthwash Citrus,6.95,Organii,,23.15,V,4.63,5060358110801,6,500,ml,2,1,
861730,,6x100ml,,Charcoal Orange & Fennel Toothpaste,12.9,Truthpaste,,43.35,V,8.67,5060655080128,6,100,ml,2,1,25060655080122
861731,,6x300ml,,Strong Mint Probiotic Mouthwash - fluoride free,13,Truthpaste,,48.45,V,9.69,5060655080487,6,300,ml,2,1,15060655080484
861732,,6x100ml,,Charcoal Peppermint & Spearmint Toothpaste,12.9,Truthpaste,,43.35,V,8.67,5060655080135,6,100,ml,2,1,25060655080139
861733,,6x300ml,,Fluoride Strong Mint Probiotic Mouthwash,13,Truthpaste,,48.45,V,9.69,5060655080470,6,300,ml,2,1,15060655080477
861734,,6x100ml,,Fennel Toothpaste,12.9,Truthpaste,,43.35,V,8.67,5060655080029,6,100,ml,2,1,25060655080023
861735,,6x100ml,,Hydroxyapatite Peppermint Toothpaste,13.9,Truthpaste,,46.7,V,9.34,5060655080647,6,100,ml,2,1,15060655080644
861736,,6x100ml,,Kids Mild Mint Toothpaste,12.9,Truthpaste,,43.35,V,8.67,5060655080067,6,100,ml,2,1,25060655080061
861737,,6x100ml,,Hydroxyapatite Citrus Botanical Toothpaste,13.34,Truthpaste,,46.7,V,9.34,5060655080654,6,100,ml,2,1,15060655080651
861739,,6x100ml,,Peppermint & Wintergreen Toothpaste,12.9,Truthpaste,,43.35,V,8.67,5060655080005,6,100,ml,2,1,25060655080009
861741,,6x30g,,Enamel Repair Mask - hydroxyapatite remineralising powder,17.92,Truthpaste,,67.2,V,13.44,5060655080623,6,30,g,2,1,15060655080620
862098,,6x75ml,organic,Bio9 Strong Mint - Sensitive Toothpaste,3.99,Urtekram,,13.95,V,2.79,5765228836170,6,75,ml,2,1,15765228836177
862103,,6x75ml,organic,Aloe Vera Toothpaste,3.99,Urtekram,,13.95,V,2.79,5765228837849,6,75,ml,2,1,15765228837846
862104,,6x75ml,organic,Charcoal Toothpaste - Whitening,3.99,Urtekram,,13.95,V,2.79,5701058014838,6,75,ml,2,1,15701058014835
862107,,6x75ml,organic,Children's Tutti Frutti Toothpaste,3.99,Urtekram,,13.95,V,2.79,5765228837801,6,75,ml,2,1,15765228837808
862110,,6x75ml,organic,Eucalyptus Toothpaste,3.99,Urtekram,,13.95,V,2.79,5765228837818,6,75,ml,2,1,15765228837815
862120,,6x75ml,organic,Mint with Green Tea Toothpaste,3.99,Urtekram,,13.95,V,2.79,5765228837832,6,75,ml,2,1,15765228837839
862130,,6x75ml,organic,Tea Tree Toothpaste,3.99,Urtekram,,13.95,V,2.79,5765228837825,6,75,ml,2,1,15765228837822
862135,,6x75ml,organic,Mint & Fluoride Toothpaste,3.99,Urtekram,,13.95,V,2.79,5765228837931,6,75,ml,2,1,15765228837938
862551,,6x1pack,,Soft Toothbrush,4.24,Yaweco,,14.15,V,2.83,4280001065130,6,1,pack,2,1,4280001065192
862554,,6x1pack,,Medium Toothbrush,4.24,Yaweco,,14.15,V,2.83,4280001065123,6,1,pack,2,1,4280001065178
862557,,6x4pack,,Soft Refill Heads - nylon,7.95,Yaweco,,26.5,V,5.3,4280001065604,6,4,pack,2,1,4043408000513
862569,,6x4pack,,Medium Refill Heads - nylon,7.95,Yaweco,,26.5,V,5.3,4280001065574,6,4,pack,2,1,4280001065581
864189,,12x100ml,,Children's Strawberry Toothpaste with Fluoride,3.89,Kingfisher,,29.2,V,5.84,5016911307195,12,100,ml,2,1,5016915000573
865096,,6x75ml,organic,Bio9 Fresh Mint - Whitening Toothpaste,3.99,Urtekram,,13.95,V,2.79,5765228836095,6,75,ml,2,1,15765228836092
878010,,1x10ml,organic,Bergamot,11.46,Absolute Aromas,,6.4,V,1.28,800783001108,1,10,ml,2,1,
878015,,1x10ml,organic,Cedarwood,5.64,Absolute Aromas,,3.15,V,0.63,800783002105,1,10,ml,2,1,
878020,,1x2ml,organic,Chamomile Roman,17.73,Absolute Aromas,,9.9,V,1.98,800783003027,1,2,ml,2,1,
878025,,1x5ml,organic,Clary Sage,10.39,Absolute Aromas,,5.8,V,1.16,800783004055,1,5,ml,2,1,
878030,,1x10ml,organic,Globulus Eucalyptus,5.1,Absolute Aromas,,2.85,V,0.57,800783005106,1,10,ml,2,1,
878035,,1x10ml,organic,Radiata Eucalyptus,7.25,Absolute Aromas,,4.05,V,0.81,800783006103,1,10,ml,2,1,
878040,,1x10ml,organic,Geranium,12.45,Absolute Aromas,,6.95,V,1.39,800783007100,1,10,ml,2,1,
878045,,1x10ml,organic,Grapefruit,9.58,Absolute Aromas,,5.35,V,1.07,800783008107,1,10,ml,2,1,
878050,,1x5ml,organic,Juniperberry,8.96,Absolute Aromas,,5,V,1,800783009050,1,5,ml,2,1,
878055,,1x10ml,organic,Lavender (High Altitude),10.85,Absolute Aromas,,6.05,V,1.21,800783010100,1,10,ml,2,1,
878060,,12x10ml,organic,Lavender (High Altitude) Display Pack,10.9,Absolute Aromas,,73,V,14.6,800783010124,12,10,ml,2,1,800783010124
878065,,1x10ml,organic,Lemon,6.27,Absolute Aromas,,3.5,V,0.7,800783011107,1,10,ml,2,1,
878070,,1x10ml,organic,Lemongrass,6.27,Absolute Aromas,,3.5,V,0.7,800783012104,1,10,ml,2,1,
878075,,1x10ml,organic,Mandarin,8.33,Absolute Aromas,,4.65,V,0.93,800783022103,1,10,ml,2,1,
878080,,1x10ml,organic,Orange,4.93,Absolute Aromas,,2.75,V,0.55,800783013101,1,10,ml,2,1,
878085,,1x10ml,organic,Patchouli,8.33,Absolute Aromas,,4.65,V,0.93,800783014108,1,10,ml,2,1,
878090,,1x10ml,organic,Peppermint,7.25,Absolute Aromas,,4.05,V,0.81,800783015105,1,10,ml,2,1,
878095,,1x10ml,organic,Rosemary,6.27,Absolute Aromas,,3.5,V,0.7,800783016102,1,10,ml,2,1,
878097,,1x10ml,organic,Rose Otto  (3% Dilution),15.94,Absolute Aromas,,8.9,V,1.78,800783017109,1,10,ml,2,1,
878105,,1x10ml,organic,Tea Tree,6.47,Absolute Aromas,,3.6,V,0.72,800783018106,1,10,ml,2,1,
878110,,12x10ml,organic,Tea Tree Display Pack,6.46,Absolute Aromas,,43.3,V,8.66,800783018120,12,10,ml,2,1,800783018120
878115,,1x10ml,organic,Complete Ylang Ylang,9.94,Absolute Aromas,,5.55,V,1.11,800783019103,1,10,ml,2,1,
878150,,1x100ml,organic,Almond Sweet,10.39,Absolute Aromas,,5.8,V,1.16,800783751003,1,100,ml,2,1,
878152,,1x100ml,organic,Apricot Kernel,10.16,Absolute Aromas,,5.65,V,1.13,800783761002,1,100,ml,2,1,
878153,,1x100ml,organic,Castor Oil,5.22,Absolute Aromas,,2.9,V,0.58,,1,100,ml,2,1,800783941008
878155,,1x100ml,organic,Jojoba,19.34,Absolute Aromas,,10.8,V,2.16,800783791009,1,100,ml,2,1,
878165,,1x100ml,organic,Sunflower,5.37,Absolute Aromas,,3,V,0.6,800783781000,1,100,ml,2,1,
880505,,3x10ml,,Basil Sweet,8.95,Aqua Oleum,,13.45,V,2.69,702346000019,3,10,ml,2,1,702346001016
880507,,3x10ml,,Benzoin,9.98,Aqua Oleum,,15,V,3,702346000026,3,10,ml,2,1,702346001023
880510,,3x10ml,,Bergamot,7.99,Aqua Oleum,,12,V,2.4,702346000033,3,10,ml,2,1,702346001030
880515,,3x10ml,,Black Pepper,8.95,Aqua Oleum,,13.45,V,2.69,702346000040,3,10,ml,2,1,702346001047
880520,,3x10ml,,Chamomile Blue (5% Dilution),6.99,Aqua Oleum,,10.5,V,2.1,702346000071,3,10,ml,2,1,702346001078
880523,,3x10ml,,Camphor,5.99,Aqua Oleum,,9,V,1.8,702346000057,3,10,ml,2,1,702346001054
880525,,3x10ml,,Cedarwood,6.99,Aqua Oleum,,10.5,V,2.1,702346000064,3,10,ml,2,1,702346001061
880527,,3x10ml,,Chamomile Roman,26.99,Aqua Oleum,,40.5,V,8.1,702346000088,3,10,ml,2,1,702346001085
880530,,3x10ml,,Citronella,5.99,Aqua Oleum,,9,V,1.8,702346000095,3,10,ml,2,1,702346001092
880535,,3x10ml,,Clary Sage,10.99,Aqua Oleum,,16.5,V,3.3,702346000101,3,10,ml,2,1,702346001108
880537,,3x10ml,,Clove Bud,5.99,Aqua Oleum,,9,V,1.8,702346000118,3,10,ml,2,1,702346001115
880540,,3x10ml,,Cypress,6.99,Aqua Oleum,,10.5,V,2.1,702346000125,3,10,ml,2,1,702346001122
880545,,3x10ml,,Eucalyptus Globulus,4.99,Aqua Oleum,,7.5,V,1.5,702346000132,3,10,ml,2,1,702346001139
880550,,3x10ml,,Geranium,8.96,Aqua Oleum,,13.45,V,2.69,702346000163,3,10,ml,2,1,702346001160
880555,,3x10ml,,Fennel Sweet,6.99,Aqua Oleum,,10.5,V,2.1,702346000149,3,10,ml,2,1,702346001146
880560,,3x10ml,,Frankincense,15.99,Aqua Oleum,,24,V,4.8,702346000156,3,10,ml,2,1,702346001153
880561,,3x10ml,,Ginger,7.99,Aqua Oleum,,12,V,2.4,702346000170,3,10,ml,2,1,702346001177
880562,,3x10ml,,Grapefruit,6.99,Aqua Oleum,,10.5,V,2.1,702346000187,3,10,ml,2,1,702346001184
880565,,3x10ml,,Jasmine (5% Dilution),11.99,Aqua Oleum,,18,V,3.6,702346000200,3,10,ml,2,1,702346001207
880570,,3x10ml,,Juniper Needle,9.98,Aqua Oleum,,15,V,3,702346000217,3,10,ml,2,1,702346001214
880575,,3x10ml,,Lavender Oil,6.99,Aqua Oleum,,10.5,V,2.1,702346000224,3,10,ml,2,1,702346001221
880577,,1x100ml,,100ml Lavender Oil,45,Aqua Oleum,,22.5,V,4.5,702346000552,1,100,ml,2,1,
880578,,18x10ml,,Lavender Oil Merchandiser,6.75,Aqua Oleum,,60.75,V,12.15,702346000228,18,10,ml,2,1,702346002228
880580,,3x10ml,,Lemon,5.99,Aqua Oleum,,9,V,1.8,702346000231,3,10,ml,2,1,702346001238
880583,,3x10ml,,Mandarin,7.99,Aqua Oleum,,12,V,2.4,702346000248,3,10,ml,2,1,702346001245
880585,,3x10ml,,Marjoram Sweet,7.99,Aqua Oleum,,12,V,2.4,702346000255,3,10,ml,2,1,702346001252
880587,,3x10ml,,Myrrh,24.99,Aqua Oleum,,37.5,V,7.5,702346000262,3,10,ml,2,1,702346001269
880590,,3x10ml,,Neroli  (5% Dilution),11.99,Aqua Oleum,,18,V,3.6,702346000279,3,10,ml,2,1,702346001276
880595,,3x10ml,,Orange,3.99,Aqua Oleum,,6,V,1.2,702346000286,3,10,ml,2,1,702346001283
880597,,3x10ml,,Palmarosa,6.99,Aqua Oleum,,10.5,V,2.1,702346000293,3,10,ml,2,1,702346001290
880600,,3x10ml,,Patchouli,8.99,Aqua Oleum,,13.5,V,2.7,702346000309,3,10,ml,2,1,702346001306
880605,,3x10ml,,Peppermint,6.99,Aqua Oleum,,10.5,V,2.1,702346000316,3,10,ml,2,1,702346001313
880608,,3x10ml,,Petitgrain,7.99,Aqua Oleum,,12,V,2.4,702346000323,3,10,ml,2,1,702346001320
880610,,3x10ml,,Pine Needle,5.99,Aqua Oleum,,9,V,1.8,702346000330,3,10,ml,2,1,702346001337
880615,,3x10ml,,Rose Maroc  (5% Dilution),8.95,Aqua Oleum,,13.45,V,2.69,702346000347,3,10,ml,2,1,702346001344
880620,,3x10ml,,Rosemary,6.99,Aqua Oleum,,10.5,V,2.1,702346000354,3,10,ml,2,1,702346001351
880622,,3x10ml,,Brighten: revive & uplift blend,9.99,Aqua Oleum,,15,V,3,702346008671,3,10,ml,2,1,702346008725
880623,,3x10ml,,Deep Sleep: restful night blend,12.99,Aqua Oleum,,19.5,V,3.9,702346008732,3,10,ml,2,1,702346008732
880624,,3x10ml,,Defence: prevent & protect blend,10.99,Aqua Oleum,,16.5,V,3.3,702346009463,3,10,ml,2,1,702346009494
880625,,3x10ml,,Sandalwood  (5% Dilution),8.95,Aqua Oleum,,13.45,V,2.69,702346000378,3,10,ml,2,1,702346000682
880626,,3x10ml,,Mountain Air: fresh & purifying blend,10.99,Aqua Oleum,,16.5,V,3.3,702346009456,3,10,ml,2,1,702346009500
880627,,3x10ml,,Clear Head: breathe easy blend,11.99,Aqua Oleum,,18,V,3.6,702346001771,3,10,ml,2,1,702346001788
880628,,3x10ml,,Spanish Sage,9.98,Aqua Oleum,,15,V,3,702346000385,3,10,ml,2,1,702346001382
880630,,3x10ml,,Tea Tree,5.99,Aqua Oleum,,9,V,1.8,702346000392,3,10,ml,2,1,702346001399
880631,,3x10ml,,Sacred Space:meditation aid blend,10.99,Aqua Oleum,,16.5,V,3.3,702346008695,3,10,ml,2,1,702346008749
880632,,1x100ml,,100ml Tea Tree,37.5,Aqua Oleum,,18.75,V,3.75,702346000569,1,100,ml,2,1,702346000569
880633,,18x10ml,,Tea Tree Oil Merchandiser - 10ml,5.77,Aqua Oleum,,52,V,10.4,702346003393,18,10,ml,2,1,702346003393
880635,,3x10ml,,Thyme White,6.99,Aqua Oleum,,10.5,V,2.1,702346000408,3,10,ml,2,1,702346001405
880636,,3x10ml,,Serenity: stress-relief blend,12.99,Aqua Oleum,,19.5,V,3.9,702346008701,3,10,ml,2,1,702346008756
880637,,1x100ml,,Aches & Pains: muscle ease & remedial body oil,14.99,Aqua Oleum,,7.5,V,1.5,702346001719,1,100,ml,2,1,702346001719
880638,,1x100ml,,After Dark: sensual body oil,15.99,Aqua Oleum,s,8,V,1.6,702346001764,1,100,ml,2,1,702346001764
880639,,1x100ml,,Natural Detox: purifying & cleansing body oil,14.99,Aqua Oleum,,7.5,V,1.5,702346009753,1,100,ml,2,1,702346009753
880640,,3x10ml,,Ylang Ylang 1,12.99,Aqua Oleum,,19.5,V,3.9,702346000415,3,10,ml,2,1,702346001412
880641,,6x100ml,,Cold Pressed Apricot Kernel Oil,6.98,Aqua Oleum,,20.95,V,4.19,702346000583,6,100,ml,2,1,702346003430
880643,,6x100ml,,Cold Pressed Jojoba Oil,14.97,Aqua Oleum,,44.95,V,8.99,702346000446,6,100,ml,2,1,702346001443
880645,,6x100ml,,Cold Pressed Sweet Almond Oil,5.97,Aqua Oleum,,17.95,V,3.59,702346000453,6,100,ml,2,1,702346001450
880646,,1x100ml,,Tranquility: relaxing & calming body oil,14.99,Aqua Oleum,,7.5,V,1.5,702346001757,1,100,ml,2,1,702346001757
880648,,1x100ml,,Wild Rose: regenerative body oil,15.99,Aqua Oleum,s,8,V,1.6,702346009784,1,100,ml,2,1,702346009784
880650,,6x100ml,,Cold Pressed Wheatgerm Oil,7.98,Aqua Oleum,,23.95,V,4.79,702346000460,6,100,ml,2,1,702346001467
880950,,6x100ml,,Lavender Water,9.98,Aqua Oleum,,29.95,V,5.99,702346000507,6,100,ml,2,1,702346001559
880965,,6x100ml,,Rose Water - Maroc,12.97,Aqua Oleum,,38.95,V,7.79,702346000491,6,100,ml,2,1,702346001498
880970,,6x100ml,,Witch Hazel Water,12.97,Aqua Oleum,s,38.95,V,7.79,702346006639,6,100,ml,2,1,702346006622
880990,,6x12stick,,Cinnamon and Spice Incense Sticks,2.28,Greater Goods,,7.85,V,1.57,8714985810074,6,12,stick,2,1,
880992,,6x12stick,,Frankincense Incense Sticks,2.28,Greater Goods,,7.85,V,1.57,8714985810203,6,12,stick,2,1,
880994,,6x12stick,,Jasmine Incense Sticks,2.28,Greater Goods,,7.85,V,1.57,8714985810050,6,12,stick,2,1,
880996,,6x12stick,,Lotus Incense Sticks,2.28,Greater Goods,,7.85,V,1.57,8714985810098,6,12,stick,2,1,
880998,,6x12stick,,Musk Incense Sticks,2.28,Greater Goods,,7.85,V,1.57,8714985810111,6,12,stick,2,1,
881001,,6x12stick,,Opium Incense Sticks,2.28,Greater Goods,,7.85,V,1.57,8714985810760,6,12,stick,2,1,
881002,,6x12stick,,Orange Blossom Incense Sticks,2.28,Greater Goods,,7.85,V,1.57,8714985810180,6,12,stick,2,1,
881004,,6x12stick,,Patchouli Incense Sticks,2.28,Greater Goods,,7.85,V,1.57,8714985810142,6,12,stick,2,1,
881006,,6x12stick,,Vanilla Incense Sticks,2.28,Greater Goods,,7.85,V,1.57,8714985810197,6,12,stick,2,1,
881007,,6x12stick,,Sandalwood Incense Sticks,2.28,Greater Goods,,7.85,V,1.57,8714985810234,6,12,stick,2,1,8714985810234
881213,,1x1pack,,FSC Teak Wood Gondola Incense Holder,5.48,Greater Goods,,3.15,V,0.63,8714985700979,1,1,pack,2,1,
881216,,5x20stick,,Amrita Incense Sticks,3.79,Greater Goods,,10.9,V,2.18,8714985810869,5,20,stick,2,1,
881218,,5x20stick,,Ganesh Incense Sticks,3.79,Greater Goods,,10.9,V,2.18,8714985810838,5,20,stick,2,1,
881219,,5x20stick,,Oudh Incense Sticks,3.79,Greater Goods,,10.9,V,2.18,8714985811118,5,20,stick,2,1,
881220,,5x20stick,,Om Incense Sticks,3.79,Greater Goods,,10.9,V,2.18,8714985810777,5,20,stick,2,1,
881222,,5x20stick,,Prem Incense Sticks,3.79,Greater Goods,,10.9,V,2.18,8714985810784,5,20,stick,2,1,
881224,,5x20stick,,Shanti Incense Sticks,3.79,Greater Goods,,10.9,V,2.18,8714985810753,5,20,stick,2,1,
881226,,5x20stick,,Yoga Incense Sticks,3.79,Greater Goods,,10.9,V,2.18,8714985811101,5,20,stick,2,1,
881235,,12x105ml,organic,Peppermint Toothpaste,9.49,Dr. Bronner,,66.4,V,13.28,18121500712,12,105,ml,2,1,5018787321107
881236,,12x105ml,organic,Spearmint Toothpaste,9.49,Dr. Bronner,,66.4,V,13.28,18787231593,12,105,ml,2,1,5018787500823
881245,,6x50m,,Eco Floss biodegradable dental floss card dispenser,3.92,ecoLiving,,14.3,V,2.86,5060636881072,6,50,m,2,1,15060636881079
881246,,16x2x50m,,Eco Floss refill biodegradable dental floss,4.88,ecoLiving,,47.55,V,9.51,5060636881089,16,2x50,m,2,1,15060636881086
881249,,1x75ml,,Prebiotic & Probiotic - Fluoride-free Hydroxyapatite Toothpaste - tube,6.77,Georganics,,3.95,V,0.79,5060480201798,1,75,ml,2,1,15060480201795
881253,,1x75ml,,Fluoride-free Hydroxyapatite Toothpaste - Fennel - Mint Free - tube,3.86,Georganics,,2.25,V,0.45,5060480201958,1,75,ml,2,1,15060480201955
881254,,12x35g,,Lemon Bio-White Tooth Powder - glass,5.99,Food Alive,,45,V,9,689247999485,12,35,g,2,1,
881256,,12x35g,,Peppermint Bio-White Tooth Powder - glass,5.99,Food Alive,,45,V,9,689247999492,12,35,g,2,1,
881257,,1x75ml,,GeoKids Fluoride-free Hydroxyapatite Toothpaste - Strawberry - tube,3.86,Georganics,,2.25,V,0.45,5060480201941,1,75,ml,2,1,5060480201941
881258,,10x35g,,Lemon Bio-White Tooth Powder - refill,3.95,Food Alive,,24.65,V,4.93,689247999461,10,35,g,2,1,
881259,,10x35g,,Peppermint Bio-White Tooth Powder refill,3.95,Food Alive,,24.65,V,4.93,689247999478,10,35,g,2,1,
881260,,1x60ml,,Activated Charcoal - Coconut Oil Toothpaste - jar,5.91,Georganics,,3.45,V,0.69,5060480200104,1,60,ml,2,1,
881264,,1x100ml,,Activated Charcoal - Oil Pulling Mouthwash - jar,6.77,Georganics,,3.95,V,0.79,5060480200265,1,100,ml,2,1,
881282,,1x60ml,,English Peppermint - Coconut Oil Toothpaste - jar,5.91,Georganics,,3.45,V,0.69,5060480200005,1,60,ml,2,1,
881285,,1x60ml,,Fluoride Toothpaste - Sweet Orange - jar,5.91,Georganics,,3.45,V,0.69,5060480201040,1,60,ml,2,1,
881287,,1x60ml,,GeoKids Fluoride Toothpaste - Strawberry - jar,5.91,Georganics,,3.45,V,0.69,,1,60,ml,2,1,5060480201460
881288,,1x60ml,,English Peppermint - Bicarbonate Toothpowder - jar,5.91,Georganics,,3.45,V,0.69,5060480200777,1,60,ml,2,1,
881290,,3x10ml,,Festive Blend - winter warmth,11.99,Aqua Oleum,,18,V,3.6,702346001580,3,10,ml,2,1,702346000767
881291,,1x180tabs,,English Peppermint - Bicarbonate Mouthwash Tablets - jar,8.49,Georganics,,4.95,V,0.99,5060480200050,1,180,tabs,2,1,
881292,,1x120tabs,,English Peppermint - Bicarbonate Tooth Tablets - jar,8.49,Georganics,,4.95,V,0.99,5060480200210,1,120,tabs,2,1,
881293,,1x75ml,,Fluoride Toothpaste - Fresh Mint - tube,3.86,Georganics,,2.25,V,0.45,5060480201620,1,75,ml,2,1,
881300,,1x75ml,,GeoKids Fluoride Toothpaste - Strawberry - tube,3.86,Georganics,,2.25,V,0.45,5060480201637,1,75,ml,2,1,
881301,,3x10ml,organic,Organic Bergamot Oil,14.99,Aqua Oleum,,22.5,V,4.5,702346006783,3,10,ml,2,1,702346006936
881302,,3x10ml,organic,Organic Citronella Oil,6.99,Aqua Oleum,,10.5,V,2.1,702346006790,3,10,ml,2,1,702346006943
881303,,3x10ml,organic,Organic Clary Sage Oil,13.99,Aqua Oleum,,21,V,4.2,702346006806,3,10,ml,2,1,702346006950
881304,,3x10ml,organic,Organic Clove Bud Oil,10.99,Aqua Oleum,,16.5,V,3.3,702346006813,3,10,ml,2,1,702346006967
881305,,3x10ml,organic,Organic Eucalyptus Oil,5.99,Aqua Oleum,,9,V,1.8,702346001610,3,10,ml,2,1,702346000774
881306,,3x10ml,organic,Organic Frankincense Oil,19.99,Aqua Oleum,,30,V,6,702346006820,3,10,ml,2,1,702346006974
881307,,3x10ml,organic,Organic Geranium Oil,13.99,Aqua Oleum,,21,V,4.2,702346006837,3,10,ml,2,1,702346006981
881308,,3x10ml,organic,Organic Ginger Oil,13.99,Aqua Oleum,,21,V,4.2,702346006851,3,10,ml,2,1,702346006998
881309,,3x10ml,organic,Organic Grapefruit Oil,12.99,Aqua Oleum,,19.5,V,3.9,702346006868,3,10,ml,2,1,702346007001
881310,,3x10ml,organic,Organic Lavender Oil,8.96,Aqua Oleum,,13.45,V,2.69,702346001627,3,10,ml,2,1,702346000781
881311,,3x10ml,organic,Organic Juniper Needle Oil,10.99,Aqua Oleum,,16.5,V,3.3,702346006844,3,10,ml,2,1,702346007018
881312,,18x10ml,organic,Organic Lavender Oil Merchandiser,8.67,Aqua Oleum,,78,V,15.6,702346008664,18,10,ml,2,1,702346008664
881313,,1x1,,Beechwood Tonguebrush,4.2,Georganics,,2.45,V,0.49,5060480201163,1,1,,2,1,
881315,,3x10ml,organic,Organic Lemon Oil,7.99,Aqua Oleum,,12,V,2.4,702346001634,3,10,ml,2,1,702346000798
881316,,3x10ml,organic,Organic Lemongrass Oil,6.99,Aqua Oleum,,10.5,V,2.1,702346006875,3,10,ml,2,1,702346007025
881317,,3x10ml,organic,Organic Orange Oil,5.99,Aqua Oleum,,9,V,1.8,702346006905,3,10,ml,2,1,702346007056
881318,,3x10ml,organic,Organic Patchouli Oil,15.99,Aqua Oleum,,24,V,4.8,702346006882,3,10,ml,2,1,702346007032
881319,,3x10ml,organic,Organic Peppermint Oil,7.99,Aqua Oleum,,12,V,2.4,702346006899,3,10,ml,2,1,702346007049
881320,,3x10ml,organic,Organic Rosemary Oil,7.99,Aqua Oleum,,12,V,2.4,702346001641,3,10,ml,2,1,702346000804
881322,,3x10ml,organic,Organic Tea Tree Oil,6.99,Aqua Oleum,,10.5,V,2.1,702346006912,3,10,ml,2,1,702346007063
881323,,3x10ml,organic,Organic White Thyme Oil,17.95,Aqua Oleum,,26.95,V,5.39,702346006929,3,10,ml,2,1,702346007070
881325,,3x10ml,organic,Organic Ylang Ylang Oil,13.99,Aqua Oleum,,21,V,4.2,702346001658,3,10,ml,2,1,702346000811
881374,,6x100ml,organic,Cold Pressed Sweet Almond Oil,11.97,Aqua Oleum,,35.95,V,7.19,702346008169,6,100,ml,2,1,702346008343
881446,,6x100ml,,Charcoal Toothpaste - fluoride-free,4.67,Aloe Dent,r,15.65,V,3.13,5029354012588,6,100,ml,2,1,5029354012595
881448,,6x100ml,,Coconut Toothpaste - fluoride-free,4.67,Aloe Dent,r,15.65,V,3.13,5029354012687,6,100,ml,2,1,5029354012694
881450,,6x100ml,,Sensitive Toothpaste - fluoride-free,4.67,Aloe Dent,r,15.65,V,3.13,5029354010379,6,100,ml,2,1,5029354010515
881451,,6x100ml,,Triple Action Toothpaste - fluoride-free,4.67,Aloe Dent,r,15.65,V,3.13,5029354010355,6,100,ml,2,1,5029354010492
881452,,6x100ml,,Whitening Toothpaste - fluoride-free,4.67,Aloe Dent,r,15.65,V,3.13,5029354010393,6,100,ml,2,1,5029354010539
881454,,6x500ml,,Mouthwash - fluoride-free,6.83,Aloe Dent,r,25.6,V,5.12,5029354016234,6,500,ml,2,1,5029354016241
881455,,6x250ml,,Mouthwash - fluoride-free,4.67,Aloe Dent,r,15.65,V,3.13,5029354001254,6,250,ml,2,1,5029354010577
881456,,6x250ml,,Probiotic Mouthwash - fluoride-free,5.99,Aloe Dent,,20.4,V,4.08,5029354015701,6,250,ml,2,1,5029354015718
881457,,6x50ml,,Children's Toothpaste (strawberry) - fluoride-free,4.25,Aloe Dent,r,14.25,V,2.85,5029354005078,6,50,ml,2,1,5029354010997
881465,,6x100ml,,Fluoride Sensitive Toothpaste,5.1,Aloe Dent,r,17.1,V,3.42,5029354008734,6,100,ml,2,1,5029354010522
881467,,6x100ml,,Fluoride Whitening Toothpaste,5.1,Aloe Dent,r,17.1,V,3.42,5029354008765,6,100,ml,2,1,5029354010546
881471,,1x75ml,,Black Toothpaste Fluoride - tube,5.65,Ben & Anna,,3.3,V,0.66,4260491223012,1,75,ml,2,1,
881472,,1x75ml,,Cinnamon Orange Toothpaste Fluoride - tube,5.65,Ben & Anna,,3.3,V,0.66,4260491223067,1,75,ml,2,1,
881473,,1x75ml,,Coco Mania Toothpaste Fluoride - tube,5.65,Ben & Anna,,3.3,V,0.66,4260491223043,1,75,ml,2,1,
881474,,1x75ml,,Spearmint Toothpaste Fluoride - tube,5.65,Ben & Anna,,3.3,V,0.66,4260491223050,1,75,ml,2,1,
881475,,1x75ml,,White Toothpaste Fluoride - tube,5.65,Ben & Anna,,3.3,V,0.66,4260491223029,1,75,ml,2,1,
881476,,1x75ml,,Wildberry Toothpaste Fluoride - tube,5.65,Ben & Anna,,3.3,V,0.66,4260491223036,1,75,ml,2,1,
881480,,1x100ml,,Black Natural Toothpaste - with activated charcoal,8.51,Ben & Anna,,4.95,V,0.99,4260491220509,1,100,ml,2,1,
881484,,1x100ml,,Sensitive Natural Toothpaste,8.51,Ben & Anna,,4.95,V,0.99,4260491220523,1,100,ml,2,1,
881488,,1x100ml,,White with Fluoride Toothpaste,8.51,Ben & Anna,,4.95,V,0.99,4260491220943,1,100,ml,2,1,4260491220943
881490,,1x100ml,,White Natural Toothpaste,8.51,Ben & Anna,,4.95,V,0.99,4260491220516,1,100,ml,2,1,
881500,,1x50m,,Kids' Orange Corn Floss -  plant wax - 50m,4.2,Georganics,,2.45,V,0.49,5060480200913,1,50,m,2,1,
881502,,1x2x50m,,Refill Kids' Orange Corn Floss -  plant wax - 100m,5.91,Georganics,,3.45,V,0.69,5060480200920,1,2x50,m,2,1,
881504,,1x50m,,Spearmint Corn Floss - minty plant wax - 50m,4.2,Georganics,,2.45,V,0.49,5060480200623,1,50,m,2,1,
881923,,1x75ml,,Fluoride Toothpaste - Activated Charcoal - tube,3.86,Georganics,,2.25,V,0.45,5060480201613,1,75,ml,2,1,
890905,,6x2x20g,,Frankincense & Myrrh,7.18,Hambleden,,24.9,V,4.98,5023552002006,6,2x20,g,2,1,
890953,,1x1pack,,Citronella 20cl Aromapot Candle - single,10.39,Heaven Scent,,6.05,V,1.21,5038871002354,1,1,pack,2,1,
890954,,1x1pack,,Cedarwood & Amyris 20cl Aromapot Candle - single,11.19,Heaven Scent,,6.5,V,1.3,5038871005928,1,1,pack,2,1,
890955,,1x1pack,,Juniper & Pine 20cl Aromapot Candle - single,10.39,Heaven Scent,,6.05,V,1.21,5038871000763,1,1,pack,2,1,
890957,,1x1pack,,Lavender 20cl Aromapot Candle - single,10.39,Heaven Scent,,6.05,V,1.21,5038871001012,1,1,pack,2,1,
890958,,1x1pack,,Lemongrass 20cl Aromapot Candle - single,10.13,Heaven Scent,,5.9,V,1.18,5038871002392,1,1,pack,2,1,
890960,,1x1pack,,Mandarin 20cl Aromapot Candle - single,10.39,Heaven Scent,,6.05,V,1.21,5038871000848,1,1,pack,2,1,
890965,,1x1pack,,Orange & Clove 20cl Aromapot Candle - single,10.64,Heaven Scent,,6.2,V,1.24,5038871000992,1,1,pack,2,1,
890968,,1x1pack,,Patchouli 20cl Aromapot Candle - single,10.39,Heaven Scent,,6.05,V,1.21,5038871002866,1,1,pack,2,1,
890971,,1x1pack,,Rosemary & Thyme 20cl Aromapot Candle - single,10.64,Heaven Scent,,6.2,V,1.24,5038871000770,1,1,pack,2,1,
890977,,1x1pack,,Tea Tree & Geranium 20cl Aromapot Candle - single,10.64,Heaven Scent,,6.2,V,1.24,5038871000787,1,1,pack,2,1,
890980,,1x1pack,,Ylang Ylang 20cl Aromapot Candle - single,10.3,Heaven Scent,,6,V,1.2,5038871001067,1,1,pack,2,1,
890982,,1x1pack,,Atlantic Fresh 20cl Aromapot Candle - single,10.3,Heaven Scent,,6,V,1.2,503887101813,1,1,pack,2,1,
890984,,1x1pack,,Bluebell 20cl Aromapot Candle - single,10.3,Heaven Scent,,6,V,1.2,5038871005799,1,1,pack,2,1,
890986,,1x1pack,,Buttercup Meadows 20cl Aromapot Candle - single,9.96,Heaven Scent,,5.8,V,1.16,5038871034515,1,1,pack,2,1,
890988,,1x1pack,,Fireside Embers 20cl Aromapot Candle - single,11.16,Heaven Scent,,6.5,V,1.3,5038871022079,1,1,pack,2,1,
890990,,1x10pack,,Citronella Incense Sticks,5.73,incognito,,3.35,V,0.67,5060164450016,1,10,pack,2,1,
890995,,1x10ml,organic,Java Citronella Essential Oil,7.68,incognito,,4.5,V,0.9,5060164450122,1,10,ml,2,1,
891005,,1x12,,Birthday Candles 60mm x 8mm,5.99,Nutley Hall,,3.75,V,0.75,,1,12,,2,1,
891007,,1xpack,,Chunky Candles 140mm x 30mm,12.61,Nutley Hall,,7.85,V,1.57,,1,,pack,2,1,
891010,,1x12,,Christmas Candles 120mm x 14mm,13.84,Nutley Hall,,8.65,V,1.73,,1,12,,2,1,
891015,,1xpack,,Normal Candles 160mm x 20mm,7.64,Nutley Hall,,4.75,V,0.95,,1,,pack,2,1,
891020,,1xsingle,,Stubby Candles 55mm x 30mm,4.56,Nutley Hall,,2.85,V,0.57,,1,,single,2,1,
891025,,1xpack,,Big Candles 250mm x 20mm,11.65,Nutley Hall,,7.25,V,1.45,,1,,pack,2,1,
891034,,6x100ml,,Waft of Geranium Air Freshener Spray,5.51,Waft,r,20.65,V,4.13,5060175850645,6,100,ml,2,1,15060175850642
891036,,6x100ml,,Waft of Lavender Air Freshener Spray,5.51,Waft,r,20.65,V,4.13,5060175850621,6,100,ml,2,1,15060175850628
891038,,6x100ml,,Waft of Lemongrass Air Freshener Spray,5.51,Waft,r,20.65,V,4.13,5060175850638,6,100,ml,2,1,15060175850635
891039,,6x100ml,,Waft of Orange Air Freshener Spray,5.51,Waft,r,20.65,V,4.13,5060175850843,6,100,ml,2,1,15060175850840
891042,,6x100ml,,Waft of Rose Air Freshener Spray,5.51,Waft,r,20.65,V,4.13,5060175850850,6,100,ml,2,1,15060175850857
891305,,6x1pack,,Cedarwood & Amyris Votive 9cl Candle,5.21,Heaven Scent,,18.2,V,3.64,5038871018102,6,1,pack,2,1,
891310,,6x1pack,,Lavender Votive 9cl Candle,4.91,Heaven Scent,,17.2,V,3.44,5038871005676,6,1,pack,2,1,
891312,,6x1pack,,Lemongrass Votive 9cl Candle,4.86,Heaven Scent,,17,V,3.4,503887100573,6,1,pack,2,1,
891315,,6x1pack,,Orange & Clove Votive 9cl Candle,4.57,Heaven Scent,,16,V,3.2,5038871005867,6,1,pack,2,1,
891325,,6x1pack,,Ylang Ylang Votive 9cl Candle,4.9,Heaven Scent,,17.15,V,3.43,5038871005683,6,1,pack,2,1,
891355,,6x1pack,,"Gold, Frankincense & Myrrh Votive 9cl Candle",5.12,Heaven Scent,,17.9,V,3.58,5038871021997,6,1,pack,2,1,
891356,,6x1pack,,Inspiration Votive 9cl Candle,4.94,Heaven Scent,,17.3,V,3.46,503887100592,6,1,pack,2,1,
891358,,6x1pack,,Love & Peace Votive 9cl Candle,4.87,Heaven Scent,,17.05,V,3.41,5038871013633,6,1,pack,2,1,
891359,,6x1pack,,Meditation Votive 9cl Candle,4.87,Heaven Scent,,17.05,V,3.41,503887101364,6,1,pack,2,1,
891370,,6x1pack,,Vanilla Votive 9cl Candle,4.94,Heaven Scent,,17.3,V,3.46,5038871006383,6,1,pack,2,1,
891405,,1x24pack,,Tealights 24p - unscented,5.65,Heaven Scent,,3.3,V,0.66,5038871002941,1,24,pack,2,1,
891434,,3x50ml,,Citrus Lemongrass Tonic - Reed Diffusers,10.21,Heaven Scent,,17.85,V,3.57,5038871015132,3,50,ml,2,1,
891436,,3x50ml,,Lavender - Reed Diffusers,10.3,Heaven Scent,,18,V,3.6,5038871014982,3,50,ml,2,1,
891438,,3x50ml,,Orange Clove Cinnamon - Reed Diffusers,10.56,Heaven Scent,,18.45,V,3.69,5038871015033,3,50,ml,2,1,
891439,,10x10reeds,,Spare Reeds,0.7,Heaven Scent,,4.15,V,0.83,,10,10,reeds,2,1,
891440,,6x100ml,,Citrus Lemongrass Tonic - refill,10.93,Heaven Scent,,38.3,V,7.66,5038871016429,6,100,ml,2,1,
891442,,6x100ml,,Lavender - refill,11.04,Heaven Scent,,38.7,V,7.74,5038871016276,6,100,ml,2,1,
891446,,6x100ml,,Orange Clove Cinnamon - refill,10.9,Heaven Scent,,38.2,V,7.64,5038871016320,6,100,ml,2,1,
900490,,1x1pack,,Mooncup size A - larger,22.4,Mooncup,,14.75,,0,5060053021112,1,1,pack,0,1,
900492,,1x1pack,,Mooncup size B - smaller,22.4,Mooncup,,14.75,,0,5060053022225,1,1,pack,0,1,5060053022225
900505,,12x20,organic,Regular Tampons,3.19,Natracare,,27.3,,0,782126001009,12,20,,0,1,5019493010002
900506,,20x10,organic,Regular Tampons,1.79,Natracare,,25.5,,0,782126181039,20,10,,0,1,5019493081033
900507,,12x16,organic,Regular Applicator Tampons,3.59,Natracare,,30.75,,0,782126008008,12,16,,0,1,5019493080029
900508,,10x18,,Wrapped Normal Panty Liners,2.09,Natracare,,14.6,,0,782126003126,10,18,,0,1,5019493031236
900509,,10x30,,Mini Panty Liners,2.09,Natracare,,14.15,,0,782126003003,10,30,,0,1,5019493030505
900510,,12x20,organic,Super Tampons,3.29,Natracare,,28.15,,0,782126002006,12,20,,0,1,5019493020001
900511,,16x22,,Cotton Panty Liners - Ultra Thin,2.49,Natracare,,27.85,,0,782126003096,16,22,,0,1,5019493030901
900512,,20x10,organic,Super Tampons,1.89,Natracare,,26.95,,0,782126191038,20,10,,0,1,5019493091032
900513,,12x16,organic,Super Applicator Tampons,3.79,Natracare,,32.45,,0,782126009005,12,16,,0,1,5019493090028
900514,,12x20,organic,Super-PLUS Tampons,3.59,Natracare,,30.75,,0,782126002020,12,20,,0,1,5019493020025
900515,,10x16,,Wrapped Long Panty Liners,2.09,Natracare,,14.6,,0,782126003140,10,16,,0,1,5019493031458
900516,,16x30,,Curved Panty Liners,2.09,Natracare,,22.6,,0,782126003065,16,30,,0,1,5019493030604
900517,,12x10,,Night Time Maxi Pads,3.19,Natracare,,25.65,,0,782126003041,12,10,,0,1,5019493030413
900518,,16x30,,Tanga-style Panty Liners,2.09,Natracare,,22.6,,0,782126003072,16,30,,0,1,5019493030703
900525,,12x14,,Regular Maxi Pads,2.59,Natracare,,20.8,,0,782126003027,12,14,,0,1,5019493030215
900530,,12x12,,Super Maxi Pads,2.59,Natracare,,20.8,,0,782126003034,12,12,,0,1,5019493030314
900535,,12x14,,Regular Ultra Pads with Wings,2.69,Natracare,,22.6,,0,782126003058,12,14,,0,1,19493030017
900537,,12x12,,Super Ultra Pads with Wings,2.69,Natracare,,22.6,,0,782126003089,12,12,,0,1,5019493030802
900538,,12x10,,Ultra Pads with Wings - Long,2.69,Natracare,,22.6,,0,782126003102,12,10,,0,1,5019493031007
900539,,12x12,,Ultra Pads Super Plus,2.69,Natracare,,22.6,,0,782126003119,12,12,,0,1,5019493031106
900540,,24x12pack,organic,Intimate Wipes Sachet,2.59,Natracare,,34.7,V,6.94,782126200150,24,12,pack,2,1,5019493201400
900541,,16x30pack,,Safe To Flush Moist Tissues,2.29,Natracare,,21.35,V,4.27,782126203137,16,30,pack,2,1,5019493203138
900542,,12x12,,Ultra Extra Pads - Normal,2.69,Natracare,,22.6,,0,782126003256,12,12,,0,1,5019493032011
900545,,12x10,,Ultra Extra Pads - Super,2.69,Natracare,,22.6,,0,782126003287,12,10,,0,1,5019493032806
900548,,12x8,,Ultra Extra Pads - Long,2.69,Natracare,,22.6,,0,782126003201,12,8,,0,1,5019493032042
900570,,6x20,,Dry & Light Slim Incontinence Pads,4.18,Natracare,,17.55,,0,782126003508,6,20,,0,1,5019493035005
900572,,6x16,,Dry & Light Plus Incontinence Pads,4.79,Natracare,,20.1,,0,782126003546,6,16,,0,1,5019493035401
900580,,10x10,,Maternity Pads,3.09,Natracare,,21.6,,0,782126003409,10,10,,0,1,5019493034008
900582,,12x26,,Nursing Pads,3.49,Natracare,,24.4,V,4.88,782126003607,12,26,,2,1,5019493036002
910705,,10x4roll,,Soft & Strong Toilet Tissue,2.9,Essential,,18.1,V,3.62,5029220000275,10,4,roll,2,1,
910715,,24x30bags,,Biodegradable Food Waste Bag 12L,3.18,Food Alive,,47.65,V,9.53,689247999508,24,30,bags,2,1,
910995,,5x9roll,,EcoLeaf Toilet Tissue,6.86,Suma,,21.45,V,4.29,5017601030430,5,9,roll,2,1,5028635002508
910998,,6x12roll,,Bulk EcoLeaf Toilet Tissue,8.64,Suma,,32.4,V,6.48,5028635002850,6,12,roll,2,1,
911006,,12x4roll,,EcoLeaf Toilet Tissue,2.59,Suma,r,19.4,V,3.88,5017601030416,12,4,roll,2,1,5028635002492
911011,,10x2roll,,EcoLeaf Kitchen Towels,3.83,Ecoleaf,,23.95,V,4.79,5017601049913,10,2,roll,2,1,5017601049906
911015,,12x1roll,,Jumbo Ecoleaf Kitchen Towels,2.56,Suma,r,19.2,V,3.84,5017601038238,12,1,roll,2,1,5028635002690
912005,,12x8bags,,Black Bin Liners - 50% recycled,1.8,Suma,r,13.5,V,2.7,5017601004790,12,8,bags,2,1,5017601009740
912010,,1x200bags,,Black Bin Liners - 50% recycled,42.16,Suma,r,26.35,V,5.27,912010,1,200,bags,2,1,5017601025443
912030,,24x10bags,,Black Dustbin Liners - 100% degradable plastic,2.03,d2w,,30.45,V,6.09,5020072108102,24,10,bags,2,1,5020072081016
912069,,1x1pack,,Bottle Brush - for narrow necks,5.09,ecoLiving,,3.1,V,0.62,5060636881270,1,1,pack,2,1,5060636881270
912070,,5x4pack,,Bamboo Charcoal Water Filters,6.54,ecoLiving,,19.9,V,3.98,5060636880112,5,4,pack,2,1,15060636880119
912080,,18x4pack,,Compostable Sponge Cloths - Rainbow 4 pack,5.12,ecoLiving,,56.1,V,11.22,5060636880631,18,4,pack,2,1,15060636880614
912082,,14x2pack,,Compostable Sponge Cloths - Wildlife Rescue 2 pack,3.39,ecoLiving,H,28.9,V,5.78,5060636880617,14,2,pack,2,1,15060636880638
912084,,1x1pack,,Dust Pan & Brush with magnets - 33x22x7.5cm,18.84,ecoLiving,,11.45,V,2.29,5060636880853,1,1,pack,2,1,
912085,,1x25bag,,Kraft Paper Food Waste Caddy Liners - 10l,7.44,ecoLiving,,4.65,V,0.93,5060636881317,1,25,bag,2,1,5060636881317
912086,,1x1pack,,Reusable Silicone Baking Liner - 30x40cm,12.16,ecoLiving,,7.4,V,1.48,5060636880945,1,1,pack,2,1,
912087,,1x3pack,,Reusable Vegan Food Wraps,12.73,ecoLiving,,7.75,V,1.55,5060636882468,1,3,pack,2,1,5060636882468
912088,,14x1pack,,Rubber Gloves - natural latex - small,2.8,ecoLiving,,23.85,V,4.77,5060636881805,14,1,pack,2,1,15060636881802
912090,,14x1pack,,Rubber Gloves - natural latex - medium,2.8,ecoLiving,,23.85,V,4.77,5060636881812,14,1,pack,2,1,15060636881819
912092,,14x1pack,,Rubber Gloves - natural latex - large,2.8,ecoLiving,,23.85,V,4.77,5060636881829,14,1,pack,2,1,15060636881826
912094,,14x1pack,,Rubber Gloves - natural latex - extra large,2.8,ecoLiving,,23.85,V,4.77,5060636881836,14,1,pack,2,1,15060636881833
912422,,10x1pack,,Two Vanilla Pods in glass tube,5.07,Vaynilla,,38,,0,6091306270017,10,1,pack,0,1,
950600,,1x1book,,Do/Sourdough/Slow bread for busy lives - book,9.99,Bread Matters,,7.45,,0,9781907974113,1,1,book,0,1,799928905961
950602,,1x1,,Essential Oils For Home Use Chart,6.16,Liz Cook Charts,,3.85,V,0.77,9780957343719,1,1,,2,1,
950605,,1x1,,Mindfulness Meditation Chart,6.16,Liz Cook Charts,,3.85,V,0.77,9780957343726,1,1,,2,1,9780957343726
950606,,1x1,,Natural Cleaning Solutions Chart,6.16,Liz Cook Charts,,3.85,V,0.77,9780953622252,1,1,,2,1,
950607,,1x1,,Natural First Aid Chart,6.16,Liz Cook Charts,,3.85,V,0.77,9780953622238,1,1,,2,1,9780953622238
950610,,1x1,,Nutritional Chart,6.16,Liz Cook Charts,,3.85,V,0.77,9780953622214,1,1,,2,1,
950615,,1x1,,Woman's Healing Herb Chart,6.16,Liz Cook Charts,,3.85,V,0.77,9780953622221,1,1,,2,1,9780953622221
950620,,1x1,,Rainbow Food Activity Chart,6.16,Liz Cook Charts,,3.85,V,0.77,9780953622283,1,1,,2,1,
950625,,1x1,,Yoga Chart - female yogi,6.16,Liz Cook Charts,,3.85,V,0.77,,1,1,,2,1,9780953622245
950626,,1x1,,Your Yoga Chart - male yogi,6.16,Liz Cook Charts,,3.85,V,0.77,9780957343702,1,1,,2,1,9780957343702
950630,,1x1,,Seasonal Fruit & Veg Chart,6.16,Liz Cook Charts,,3.85,V,0.77,9780953622276,1,1,,2,1,9780953622276
950632,,1x1,,Children's Colouring Plate,6.16,Liz Cook Charts,,3.85,V,0.77,9780953622290,1,1,,2,1,
970455,,750,,Brown Lined Heat Sealable Paper Bags - 90x60x252mm,,Infinity Foods,,85,V,17,,,750,,2,1,411072130001
970495,,700,,Brown Lined Heat Sealable Paper Bags - 90x65x230mm,,Infinity Foods,,78.7,V,15.74,,,700,,2,1,
970501,,250,,Paper Bags  - 90x50x190mm,,Infinity Foods,,19.9,V,3.98,,,250,,2,1,
970505,,250,,Paper Bags  - 150x215x310mm,,Infinity Foods,,14.5,V,2.9,,,250,,2,1,5014569001205
970510,,250,,Paper Bags  - 175x290x345mm,,Infinity Foods,,20,V,4,,,250,,2,1,
971015,,1000,,Bags 76x125x229mm (polyprop),,Infinity Foods,,28.1,V,5.62,,,1000,,2,1,
971020,,1000,,Bags 90x150x295mm (polyprop),,Infinity Foods,,61,V,12.2,,,1000,,2,1,
971023,,1000,,Bags 150x200x305mm (polyprop),,Infinity Foods,,64,V,12.8,,,1000,,2,1,
971024,,1000,,Bags 175x190x345mm (polyprop),,Infinity Foods,,65,V,13,,,1000,,2,1,
973049,,12x50pack,organic,Cotton Cloths - 15x20cm,2.91,Simply Gentle,,20.9,V,4.18,,12,50,pack,2,1,
973050,,24x100pack,organic,Cotton Wool Balls,2.39,Simply Gentle,,34.3,V,6.86,5060202922055,24,100,pack,2,1,5060202922062
973055,,24x200pack,organic,Cotton Wool Buds,2.39,Simply Gentle,,34.3,V,6.86,5060202922079,24,200,pack,2,1,5060202922086
973060,,24x100pack,organic,Cotton Wool Pads,2.39,Simply Gentle,,34.3,V,6.86,5060202922017,24,100,pack,2,1,5009680002026
973065,,24x100gm,organic,Cotton Wool Pleats,2.39,Simply Gentle,,34.3,V,6.86,5060202922031,24,100,gm,2,1,5060202922048
990203,,5x50g,organic,Allspice Ground,3.99,Hambleden,,14.95,,0,5023552000651,5,50,g,0,1,15023552000658
990205,,5x13g,organic,Basil,2.84,Hambleden,,10.65,,0,5023552000668,5,13,g,0,1,15023552000665
990210,,5x2g,organic,Bay Leaf,2.84,Hambleden,,10.65,,0,5023552000675,5,2,g,0,1,15023552000672
990220,,5x40g,organic,Caraway Seed,3.41,Hambleden,,12.8,,0,5023552000682,5,40,g,0,1,15023552000689
990225,,5x30g,organic,Cardamom Pods,3.99,Hambleden,,14.95,,0,5023552000699,5,30,g,0,1,15023552000696
990227,,5x45g,organic,Cayenne - Ground,2.84,Hambleden,,10.65,,0,5023552002143,5,45,g,0,1,15023552002140
990230,,5x40g,organic,Chilli Ground,3.99,Hambleden,,14.95,,0,5023552000705,5,40,g,0,1,15023552000702
990250,,5x35g,organic,Cinnamon Ground,3.99,Hambleden,,14.95,,0,5023552000729,5,35,g,0,1,15023552000726
990255,,5x10g,organic,Cinnamon Quills,2.84,Hambleden,,10.65,,0,5023552000736,5,10,g,0,1,15023552000733
990275,,5x25g,organic,Coriander Seed,2.84,Hambleden,,10.65,,0,5023552000750,5,25,g,0,1,15023552000757
990280,,5x30g,organic,Coriander Ground,2.84,Hambleden,,10.65,,0,5023552000767,5,30,g,0,1,15023552000764
990285,,5x40g,organic,Cumin Seed,3.41,Hambleden,,12.8,,0,5023552000774,5,40,g,0,1,15023552000771
990290,,5x45g,organic,Cumin Ground,3.41,Hambleden,,12.8,,0,5023552000781,5,45,g,0,1,15023552000788
990294,,5x30g,organic,Curry Powder - Mild,3.41,Hambleden,,12.8,,0,5023552002136,5,30,g,0,1,15023552002096
990305,,5x35g,organic,Fennel Seed,3.41,Hambleden,,12.8,,0,5023552000804,5,35,g,0,1,15023552000801
990315,,5x40g,organic,Garam Masala,3.41,Hambleden,,12.8,,0,5023552000828,5,40,g,0,1,15023552000825
990320,,5x40g,organic,Garlic Ground,2.84,Hambleden,,10.65,,0,5023552000835,5,40,g,0,1,15023552000832
990325,,5x30g,organic,Ginger Ground,3.41,Hambleden,,12.8,,0,5023552000842,5,30,g,0,1,15023552000849
990330,,5x15g,organic,Herbes de Provence,2.84,Hambleden,,10.65,,0,5023552000859,5,15,g,0,1,15023552000856
990340,,5x30g,organic,Juniper Berry,3.41,Hambleden,,12.8,,0,5023552000866,5,30,g,0,1,15023552000863
990370,,5x13g,organic,Mixed Herbs,2.84,Hambleden,,10.65,,0,5023552000903,5,13,g,0,1,15023552000900
990375,,5x45g,organic,Mixed Spice,3.99,Hambleden,,14.95,,0,5023552000910,5,45,g,0,1,15023552000917
990400,,5x40g,organic,Nutmeg - Whole,5.12,Hambleden,,19.2,,0,5023552000941,5,40,g,0,1,15023552000948
990402,,5x50g,organic,Nutmeg - Ground,5.12,Hambleden,,19.2,,0,5023552002129,5,50,g,0,1,15023552002126
990410,,5x13g,organic,Oregano,2.84,Hambleden,,10.65,,0,5023552000958,5,13,g,0,1,15023552000955
990415,,5x40g,organic,Paprika Ground,3.99,Hambleden,,14.95,,0,5023552000965,5,40,g,0,1,15023552000962
990425,,5x40g,organic,Peppercorns Black - in grinder,4.56,Hambleden,,17.1,,0,5023552000989,5,40,g,0,1,15023552000986
990445,,5x22g,organic,Rosemary,2.84,Hambleden,,10.65,,0,5023552000996,5,22,g,0,1,15023552000993
990450,,5x12g,organic,Sage,2.84,Hambleden,,10.65,,0,5023552001641,5,12,g,0,1,15023552001648
990460,,5x15g,organic,Star Anise,3.41,Hambleden,,12.8,,0,5023552001658,5,15,g,0,1,15023552001655
990470,,5x17g,organic,Thyme,2.84,Hambleden,,10.65,,0,5023552001665,5,17,g,0,1,15023552001662
990480,,5x35g,organic,Turmeric Ground,3.41,Hambleden,,12.8,,0,5023552001672,5,35,g,0,1,15023552001679
991505,,10x75g,,Sweet Paprika,2.89,El Avion,,21.65,,0,8416200104110,10,75,g,0,1,8416200155129
991507,,10x75g,,Smoked Sweet Paprika,3.31,El Avion,,24.8,,0,8416200157017,10,75,g,0,1,8416200157024
991510,,10x75g,,Smoked Hot Paprika,3.31,El Avion,,24.8,,0,8416200104462,10,75,g,0,1,8416200155778
991650,,1x1kg,organic,Turmeric - singles,14.2,Forest Whole Foods,,10.65,,0,5060510100008,1,1,kg,0,1,
991655,,6x250g,organic,Turmeric - 6p,6.64,Forest Whole Foods,,29.9,,0,5060510100022,6,250,g,0,1,5060510100022
991657,,6x125g,organic,Turmeric - 6p,4.78,Forest Whole Foods,,21.5,,0,5060510100039,6,125,g,0,1,
992200,,6x20g,,Spices to make Mulled Red Wine - 4 sachets boxed,1.38,Green Cuisine,,6.2,,0,5033146950101,6,20,g,0,1,
992406,,12x0.5g,organic,Greek Saffron in filaments - Grade 1,5.78,Krokos Kozanis,,52,,0,5201402110013,12,0.5,g,0,1,5201402000260
992408,,1x1pack,,12 Vanilla Pods in vacuum packed plastic pouch,26.67,Saffron Direct,,20,,0,5039112600278,1,1,pack,0,1,
992409,,6x13g,,Madagascan Vanilla Powder in a pouch,7.02,Saffron Direct,,31.6,,0,5039112600018,6,13,g,0,1,
992411,,12x140g,,Ground Sumac,6.17,Rift Valley Farms,h,55.5,,0,696168607160,12,140,g,0,1,696168607160
993010,,1kg,organic,Basil,,Organic Herb Trading,,11.9,,0,,,1,kg,0,1,
993012,,1kg,organic,Caraway Seed,,Organic Herb Trading,,12.6,,0,,,1,kg,0,1,
993016,,1kg,organic,Chilli Flakes,,Organic Herb Trading,,20,,0,,,1,kg,0,1,
993017,,1kg,organic,Chilli Powder - ground cayenne pepper,,Organic Herb Trading,,34.6,,0,,,1,kg,0,1,
993020,,1kg,organic,Cinnamon Powder,,Organic Herb Trading,,24.65,,0,,,1,kg,0,1,
993021,,1kg,organic,Chinese Five Spice Blend,,Organic Herb Trading,,37.1,,0,,,1,kg,0,1,
993026,,1kg,organic,Coriander Seed,,Organic Herb Trading,,12.6,,0,,,1,kg,0,1,
993027,,1kg,organic,Coriander Seed - Ground,,Organic Herb Trading,,19.2,,0,,,1,kg,0,1,
993030,,1kg,organic,Cumin Seed,,Organic Herb Trading,,27.15,,0,,,1,kg,0,1,
993032,,1kg,organic,Cumin Ground,,Organic Herb Trading,,33.85,,0,,,1,kg,0,1,
993035,,1kg,organic,Fennel Seed,,Organic Herb Trading,,19.2,,0,,,1,kg,0,1,
993036,,1kg,organic,Italian Mixed Herbs,,Organic Herb Trading,,26,,0,,,1,kg,0,1,
993037,,1kg,organic,Fenugreek Seed,,Organic Herb Trading,,12.7,,0,,,1,kg,0,1,
993038,,1kg,organic,Garlic Powder,,Organic Herb Trading,,17.3,,0,,,1,kg,0,1,
993039,,1kg,organic,Garam Masala Powder,,Organic Herb Trading,,45.9,,0,,,1,kg,0,1,
993040,,1kg,organic,Ginger Powder,,Organic Herb Trading,,31.3,,0,,,1,kg,0,1,
993041,,1kg,organic,Herb Provencal,,Organic Herb Trading,,26.65,,0,,,1,kg,0,1,
993043,,1kg,organic,Harissa Blend,,Organic Herb Trading,,33.1,,0,,,1,kg,0,1,
993050,,1kg,organic,Mixed Herbs,,Organic Herb Trading,,33.5,,0,,,1,kg,0,1,
993060,,1kg,organic,Mixed Spice Powder,,Organic Herb Trading,,37.1,,0,,,1,kg,0,1,
993063,,1kg,organic,Mustard Ground Yellow,,Organic Herb Trading,,16.8,,0,,,1,kg,0,1,
993065,,1kg,organic,Mustard Seed Brown,,Organic Herb Trading,,25.25,,0,,,1,kg,0,1,
993066,,1kg,organic,Nigella Sativa Seed - Cumin Black,,Organic Herb Trading,,22.1,,0,,,1,kg,0,1,
993067,,1kg,organic,Nutmeg Ground,,Organic Herb Trading,,36.65,,0,,,1,kg,0,1,
993068,,1kg,organic,Onion Powder,,Organic Herb Trading,,20.65,,0,,,1,kg,0,1,
993070,,1kg,organic,Oregano,,Organic Herb Trading,,23.9,,0,,,1,kg,0,1,
993080,,1kg,organic,Paprika,,Organic Herb Trading,,28.65,,0,,,1,kg,0,1,
993082,,1kg,organic,Smoked Paprika,,Organic Herb Trading,,28,,0,,,1,kg,0,1,
993100,,1kg,organic,Peppercorns Black Whole,,Organic Herb Trading,,30.3,,0,,,1,kg,0,1,
993101,,1kg,organic,Peppercorns Black Ground,,Organic Herb Trading,,33.3,,0,,,1,kg,0,1,
993103,,1kg,organic,Peppercorns White Whole,,Organic Herb Trading,,33.3,,0,,,1,kg,0,1,
993105,,1kg,organic,Peppermint,,Organic Herb Trading,,16.7,,0,,,1,kg,0,1,
993106,,1kg,organic,Ras El Hanout Coarse Blend,,Organic Herb Trading,,38.45,,0,,,1,kg,0,1,
993110,,1kg,organic,Rosemary cut,,Organic Herb Trading,,13.8,,0,,,1,kg,0,1,
993120,,1kg,organic,Sage,,Organic Herb Trading,,20.6,,0,,,1,kg,0,1,
993122,,1kg,organic,Star Anise,,Organic Herb Trading,,38.1,,0,,,1,kg,0,1,
993125,,1kg,organic,Sumac,,Organic Herb Trading,,19.9,,0,,,1,kg,0,1,
993130,,1kg,organic,Thyme,,Organic Herb Trading,,19.7,,0,,,1,kg,0,1,
993140,,1kg,organic,Turmeric,,Organic Herb Trading,,13.85,,0,,,1,kg,0,1,
995510,,1kg,,Allspice (Pimento) Whole,,Infinity Foods,,15.3,,0,5021858251111,,1,kg,0,1,
995515,,1kg,,Allspice (Pimento) Ground,,Infinity Foods,,16.3,,0,5021858111316,,1,kg,0,1,
995523,,500g,,Aniseed Star,,Infinity Foods,,16.3,,0,5021858373011,,500,g,0,1,
995525,,1kg,,Arrowroot,,Infinity Foods,,4.6,,0,5021858013764,,1,kg,0,1,
995530,,1kg,,Basil,,Infinity Foods,,6.6,,0,5021858373240,,1,kg,0,1,
995535,,1kg,,Bay Leaves,,Infinity Foods,,10.6,,0,5021858373257,,1,kg,0,1,
995545,,1kg,,Caraway Seed,,Infinity Foods,,7.25,,0,5021858398458,,1,kg,0,1,
995550,,1kg,,Cayenne Pepper,,Infinity Foods,,7.3,,0,5021858115918,,1,kg,0,1,
995555,,500g,,Cardamom Pods,,Infinity Foods,,28.65,,0,5021858262254,,500,g,0,1,
995560,,500g,,Cardamom Ground,,Infinity Foods,,24.65,,0,5021858370522,,500,g,0,1,
995565,,1kg,,Celery Seed,,Infinity Foods,,5.15,,0,5021858266375,,1,kg,0,1,
995570,,1kg,,Celery Salt,,Infinity Foods,,3.8,,0,5021858072709,,1,kg,0,1,
995575,,1kg,,Chillies Whole,,Infinity Foods,,8.65,,0,5021858475333,,1,kg,0,1,
995580,,1kg,,Chillies Ground,,Infinity Foods,,7,,0,5021858118919,,1,kg,0,1,
995585,,500g,,Chinese Five Spice,,Infinity Foods,,4,,0,5021858006704,,500,g,0,1,
995590,,500g,,Chives,,Infinity Foods,,11.95,,0,5021858392494,,500,g,0,1,
995593,,500g,,"Cinnamon Quills 3""",,Infinity Foods,,22.6,,0,5021858434767,,500,g,0,1,
995600,,1kg,,Cinnamon Ground,,Infinity Foods,,7.8,,0,5021858373776,,1,kg,0,1,5021858373776
995605,,500g,,Cloves Whole,,Infinity Foods,,11.9,,0,5021858437508,,500,g,0,1,
995610,,500g,,Cloves Ground,,Infinity Foods,,10.35,,0,5021858437607,,500,g,0,1,
995615,,1kg,,Coriander Seed,,Infinity Foods,,3.85,,0,5021858274783,,1,kg,0,1,
995620,,1kg,,Coriander Ground,,Infinity Foods,,3.9,,0,5021858144925,,1,kg,0,1,5021858437782
995625,,1kg,,Cumin Seed,,Infinity Foods,,13.3,,0,5021858376111,,1,kg,0,1,
995630,,1kg,,Cumin Ground,,Infinity Foods,,10.6,,0,5021858151626,,1,kg,0,1,5021858373813
995635,,1kg,,Curry Medium,,Infinity Foods,,5.3,,0,5021858373547,,1,kg,0,1,
995645,,1kg,,Curry Hot,,Infinity Foods,,5.3,,0,5021858011180,,1,kg,0,1,
995650,,1kg,,Dill Seed,,Infinity Foods,,6.2,,0,5021858451153,,1,kg,0,1,
995655,,500g,,Dill Weed,,Infinity Foods,,10.6,,0,5021858437980,,500,g,0,1,
995660,,1kg,,Fennel Seed,,Infinity Foods,,7.9,,0,5021858475456,,1,kg,0,1,
995675,,1kg,,Fenugreek Seed,,Infinity Foods,,3.95,,0,5021858373394,,1,kg,0,1,5021858475470
995680,,1kg,,Fenugreek Ground,,Infinity Foods,,3.95,,0,5021858155815,,1,kg,0,1,
995685,,1kg,,Garam Masala,,Infinity Foods,,10.6,,0,5021858395969,,1,kg,0,1,
995690,,1kg,,Garlic Powder,,Infinity Foods,,6.6,,0,5021858132090,,1,kg,0,1,
995695,,1kg,,Garlic Salt,,Infinity Foods,,5.65,,0,5021858375800,,1,kg,0,1,
995705,,1kg,,Ginger Ground,,Infinity Foods,,7.9,,0,5021858133028,,1,kg,0,1,
995710,,1kg,,Herb Provencal,,Infinity Foods,,11.9,,0,5021858102185,,1,kg,0,1,
995717,,1kg,,Lemongrass,,Infinity Foods,,15.35,,0,5021858087444,,1,kg,0,1,
995725,,500g,,Mace Ground,,Infinity Foods,,23.35,,0,5021858370706,,500,g,0,1,
995730,,1kg,,Marjoram,,Infinity Foods,,7.95,,0,5021858102710,,1,kg,0,1,
995735,,1kg,,Mint,,Infinity Foods,,6.8,,0,5021858102826,,1,kg,0,1,
995740,,1kg,,Mixed Herbs,,Infinity Foods,,8.3,,0,5021858103113,,1,kg,0,1,
995745,,1kg,,Mixed Spice,,Infinity Foods,,7.65,,0,5021858458091,,1,kg,0,1,
995750,,1kg,,Mustard Seed Black,,Infinity Foods,,3.65,,0,5021858439168,,1,kg,0,1,
995755,,1kg,,Mustard Seed Yellow,,Infinity Foods,,3.9,,0,5021858301458,,1,kg,0,1,
995760,,1kg,,Mustard Ground,,Infinity Foods,,6.6,,0,5021858159813,,1,kg,0,1,
995765,,1kg,,Nutmeg Whole,,Infinity Foods,,26.6,,0,5021858376371,,1,kg,0,1,
995770,,1kg,,Nutmeg Ground,,Infinity Foods,,18.6,,0,5021858373936,,1,kg,0,1,
995772,,1kg,,Onion Powder,,Infinity Foods,,6.2,,0,5021858426922,,1,kg,0,1,5021858426922
995775,,1kg,,Oregano,,Infinity Foods,,10.6,,0,5021858373400,,1,kg,0,1,
995782,,1kg,,Smoked Paprika - sweet & mild,,Infinity Foods,,7.5,,0,5021858013863,,1,kg,0,1,
995785,,1kg,,Paprika Spanish,,Infinity Foods,,5.1,,0,5021858373967,,1,kg,0,1,
995790,,1kg,,Parsley,,Infinity Foods,,13.25,,0,5021858104318,,1,kg,0,1,
995795,,1kg,,Peppercorns Black,,Infinity Foods,,13.3,,0,5021858475296,,1,kg,0,1,
995805,,1kg,,Pepper Black Ground,,Infinity Foods,,12.3,,0,5021858136005,,1,kg,0,1,
995810,,1kg,,Peppercorns White,,Infinity Foods,,19.9,,0,5021858463767,,1,kg,0,1,
995815,,1kg,,Pepper White Ground,,Infinity Foods,,18.6,,0,5021858163681,,1,kg,0,1,
995823,,500g,,"Peppercorns - Black, White, Green & Pink",,Infinity Foods,,10.6,,0,5021858395525,,500,g,0,1,
995825,,1kg,,Pickling Spice,,Infinity Foods,,7.55,,0,5021858027068,,1,kg,0,1,
995830,,1kg,,Poppy Seed - Blue,,Infinity Foods,,6.45,,0,5021858308204,,1,kg,0,1,
995835,,3kg,,Poppy Seed - Blue,,Infinity Foods,,18.6,,0,5021858404999,,3,kg,0,1,
995840,,1kg,,Rosemary,,Infinity Foods,,6.6,,0,5021858433777,,1,kg,0,1,
995845,,12x1g,,Saffron,3.25,Crane Brand,,29.25,,0,5039112500011,12,1,g,0,1,
995855,,1kg,,Sage,,Infinity Foods,,10.6,,0,5021858373455,,1,kg,0,1,
995870,,500g,,Tarragon,,Infinity Foods,,18.2,,0,5021858370287,,500,g,0,1,
995875,,1kg,,Thyme,,Infinity Foods,,9.4,,0,5021858395891,,1,kg,0,1,
995880,,1kg,,Turmeric - Ground,,Infinity Foods,,5.25,,0,5021858373875,,1,kg,0,1,5021858475555
996015,,500g,,Chamomile Matricaria,,Infinity Foods,,14.6,,0,5021858372700,,500,g,0,1,
996035,,500g,,Dandelion Leaf,,Infinity Foods,,14,V,2.8,5021858393590,,500,g,2,1,
996040,,500g,,Elderflowers,,Infinity Foods,,17.25,,0,5021858372724,,500,g,0,1,
996050,,500g,,Hibiscus Fine,,Infinity Foods,,7.9,,0,5021858395136,,500,g,0,1,
996060,,1kg,,Juniper Berries,,Infinity Foods,,17.25,,0,5021858293654,,1,kg,0,1,
996062,,1kg,,Kelp Powder,,Infinity Foods,,23.95,V,4.79,5021858374841,,1,kg,2,1,
996065,,500g,,Lavender Flowers,,Infinity Foods,,13.3,V,2.66,5021858394085,,500,g,2,1,5021858371680
996070,,500g,,Lemon Balm,,Infinity Foods,,10.6,,0,5021858395143,,500,g,0,1,
996075,,500g,,Lemon Verbena Superior,,Infinity Foods,,13.25,,0,5021858456615,,500,g,0,1,
996080,,1kg,,Liquorice Root Sticks,,Infinity Foods,,17.25,V,3.45,5021858371710,,1,kg,2,1,
996085,,500g,,Lime Flowers,,Infinity Foods,,25.25,,0,5021858372762,,500,g,0,1,
996100,,500g,,Nettle - Cut,,Infinity Foods,,7.4,V,1.48,5021858394283,,500,g,2,1,
996110,,1kg,,Peppermint,,Infinity Foods,,11.95,,0,5021858398403,,1,kg,0,1,
996115,,500g,,Raspberry Leaf,,Infinity Foods,,10.1,V,2.02,5021858394450,,500,g,2,1,
996120,,500g,,Rosehip Fine Cut,,Infinity Foods,,11.65,V,2.33,5021858372816,,500,g,2,1,
996122,,1kg,,Senna Pods,,Infinity Foods,,10.1,V,2.02,5021858462067,,1,kg,2,1,
999991,,,,PLEASE EMAIL DELIVERY NOTE,,,,0,,0,,,,,0,1,
999993,,,,PLEASE SEND CATALOGUE,,,,0,,0,,,,,0,1,
999994,,,,PLEASE SEND ALL DOUBLES,,,,0,,0,,,,,0,1,
999996,,,,PLEASE PHONE WITH ESTIMATED DELIVERY TIME,,,,0,,0,,,,,0,1,
999997,,,,PLEASE PHONE WITH INVOICE TOTAL,,,,0,,0,,,,,0,1,
999998,,,,PLEASE REPLACE ALL OUT OF STOCKS WITH EQUIVALENTS,,,,0,,0,,,,,0,1,
999999,,,,PLEASE PHONE WITH OUT OF STOCKS,,,,0,,0,,,,,0,1,